Iteration	Posterior	Likelihood	Prior	rate_log_sd	rate_loss	rate_neo	tree_length
0	-7949.024	-8198.442	249.4182	0.9461927	1.727173	0.4247552	7.055033
6	-7935.677	-8185.571	249.8943	0.9234588	1.776109	0.5113574	6.712477
12	-7927.24	-8175.398	248.1587	0.8054304	1.661973	0.5136127	7.746822
18	-7926.336	-8174.421	248.0848	0.8866481	1.631709	0.4499227	7.811702
24	-7941.292	-8190.421	249.1297	0.8324415	2.063632	0.6038261	7.003366
30	-7923.756	-8173.207	249.4513	0.9043145	2.063632	0.6447281	6.760079
36	-7914.889	-8163.861	248.9719	0.830442	1.588215	0.6447281	7.219931
42	-7905.429	-8154.567	249.1379	0.8416777	1.688449	0.4834534	7.219931
48	-7927.972	-8177.585	249.6134	0.8994798	2.25233	0.4834534	6.751624
54	-7926.273	-8176.36	250.0871	0.8519762	1.938977	0.4834534	6.617132
60	-7940.515	-8190.791	250.2753	0.8837761	1.567474	0.542694	6.577143
66	-7926.344	-8174.351	248.0074	0.8406112	1.554586	0.5112292	7.850818
72	-7924.145	-8172.4	248.2558	0.8350972	1.733934	0.587338	7.59233
78	-7925.585	-8173.802	248.2167	0.7851818	1.710912	0.6179193	7.624386
84	-7926.684	-8175.45	248.7661	0.782967	1.493506	0.5846887	7.438467
90	-7934.07	-8183.207	249.1373	0.8151839	1.772644	0.60429	7.103262
96	-7943.634	-8192.213	248.5785	0.8326524	1.566468	0.60429	7.468727
102	-7935.84	-8183.733	247.8928	0.7459059	1.508279	0.5305638	7.963798
108	-7924.456	-8172.272	247.8162	0.7844962	1.665914	0.4860499	7.963798
114	-7922.311	-8171.54	249.2293	0.7902767	1.665914	0.4251474	7.261968
120	-7928.415	-8177.101	248.6856	0.793232	1.665914	0.4687711	7.510158
126	-7926.401	-8174.68	248.2792	0.8085314	1.767746	0.5045521	7.651175
132	-7938.112	-8187.139	249.0268	0.8760491	2.113688	0.4266654	7.175166
138	-7926.021	-8175.375	249.3542	0.7725352	1.926656	0.5411895	7.008864
144	-7920.59	-8169.142	248.5512	0.7725352	1.73949	0.5507409	7.495291
150	-7924.902	-8173.711	248.809	0.8123637	1.445374	0.4939598	7.495291
156	-7912.024	-8161.353	249.3292	0.7728631	1.767057	0.4585596	7.149379
162	-7921.204	-8170.314	249.1105	0.7987884	1.812906	0.5583514	7.149379
168	-7917.963	-8166.293	248.3297	0.8149106	1.812906	0.4696744	7.636689
174	-7917.608	-8167.756	250.1482	0.8146615	1.964502	0.5058968	6.575776
180	-7935.419	-8185.049	249.6298	0.9007526	1.740092	0.5488568	6.847981
186	-7935.954	-8186.217	250.2627	0.9007526	1.711229	0.4828179	6.574094
192	-7925.731	-8176.808	251.077	1.038999	1.811329	0.4656383	6.037541
198	-7942.973	-8194.016	251.0424	1.048881	1.873244	0.611375	5.904633
204	-7938.687	-8189.372	250.6846	0.916718	1.942126	0.611375	6.148887
210	-7930.714	-8180.029	249.3145	0.936075	1.705648	0.483603	7.067898
216	-7939.441	-8187.858	248.4171	0.8569392	1.756267	0.483603	7.574157
222	-7935.288	-8184.346	249.0583	0.8775019	1.756267	0.4385558	7.261606
228	-7928.798	-8177.2	248.4022	0.7912809	1.756267	0.5608065	7.550907
234	-7924.879	-8172.639	247.76	0.8126535	1.709366	0.5608065	7.89929
240	-7920.274	-8169.139	248.8647	0.8692489	1.709366	0.5133982	7.317686
246	-7909.736	-8158.91	249.1743	0.8679587	1.988708	0.4925828	7.076678
252	-7925.694	-8175.489	249.7946	0.8612483	1.869533	0.4925828	6.784755
258	-7933.316	-8182.315	248.9988	0.8071465	1.869533	0.4925828	7.242368
264	-7943.173	-8193.051	249.8785	0.8648535	1.580953	0.6170038	6.736841
270	-7934.719	-8184.037	249.3173	0.8307633	1.72371	0.5592072	7.051276
276	-7929.89	-8178.254	248.3638	0.7632704	1.814309	0.4988282	7.619264
282	-7929.199	-8176.101	246.9013	0.8236699	1.814309	0.4988282	8.367115
288	-7915.607	-8164.131	248.5243	0.8131692	1.91557	0.4988282	7.472961
294	-7933.86	-8183.77	249.9097	0.8595228	1.907657	0.6402298	6.589604
300	-7925.023	-8175.817	250.794	0.9066491	1.907657	0.5661545	6.142433
306	-7921.769	-8170.438	248.6683	0.7501293	1.771385	0.5661545	7.420787
312	-7930.345	-8179.501	249.1565	0.8590101	1.771385	0.5111383	7.146619
318	-7938.264	-8186.299	248.0357	0.8043951	2.048787	0.5706509	7.636407
324	-7926.208	-8175.856	249.6475	0.7684382	1.816024	0.5667107	6.868694
330	-7925.959	-8175.326	249.3671	0.8805962	1.816024	0.452625	7.059804
336	-7926.625	-8177.006	250.3813	0.8623864	1.627585	0.5727369	6.483639
342	-7928.054	-8178.781	250.7273	0.8352828	1.584722	0.5232436	6.368515
348	-7916.928	-8166.972	250.0443	0.8111948	1.82571	0.516384	6.670589
354	-7935.441	-8183.701	248.2601	0.8469955	1.82571	0.4847307	7.638713
360	-7940.38	-8189.169	248.7891	0.7931487	1.722652	0.5966131	7.325683
366	-7937.591	-8186.41	248.8191	0.7931487	1.696053	0.4373579	7.457586
372	-7934.648	-8184.399	249.7513	0.8131298	1.959782	0.5015726	6.796482
378	-7929.427	-8179.213	249.7857	0.8792572	1.796804	0.5015726	6.796482
384	-7928.608	-8178.564	249.9561	0.933192	1.796804	0.5233509	6.656175
390	-7932.057	-8180.262	248.2051	0.7867727	2.007097	0.4619421	7.662359
396	-7925.613	-8175.336	249.7228	0.9119395	1.89782	0.5383704	6.746745
402	-7928.139	-8178.285	250.1463	0.8615748	1.914899	0.6387678	6.45911
408	-7932.246	-8180.173	247.9265	0.7099785	1.677623	0.6387678	7.815946
414	-7924.126	-8173.644	249.5175	0.8805968	1.677623	0.5889963	6.909081
420	-7931.699	-8179.613	247.9139	0.8451125	1.894652	0.5491024	7.74628
426	-7927.68	-8177.075	249.3953	0.9532953	1.894652	0.5428768	6.898386
432	-7926.781	-8177.317	250.5366	0.9427264	1.717883	0.5326167	6.356337
438	-7918.728	-8168.692	249.9646	0.9190177	1.717883	0.5555779	6.65961
444	-7930.956	-8179.563	248.607	0.8671157	1.717883	0.5711878	7.405613
450	-7916.046	-8166.583	250.5368	0.8858783	1.828415	0.582538	6.306874
456	-7924.251	-8174.388	250.1373	0.958754	1.908132	0.5351636	6.496598
462	-7926.807	-8177.128	250.3216	0.9001702	1.796387	0.4665022	6.527694
468	-7924.459	-8173.677	249.218	0.9294893	1.719825	0.4851492	7.116922
474	-7936.313	-8184.982	248.669	0.8589225	1.76151	0.5692309	7.362992
480	-7937.707	-8186.727	249.0209	0.8081479	1.719825	0.5640113	7.220259
486	-7933.35	-8182.313	248.9623	0.8043027	1.856207	0.5477624	7.220259
492	-7937.286	-8187.178	249.8926	0.8160331	1.921026	0.5477624	6.691292
498	-7934.863	-8183.068	248.2049	0.7773644	1.921026	0.5399378	7.625969
504	-7935.938	-8185.369	249.4312	0.7981344	1.702967	0.5399378	7.030948
510	-7943.596	-8190.853	247.2572	0.7146743	1.442875	0.5307668	8.344731
516	-7940.073	-8188.058	247.9842	0.8289299	1.483929	0.5307668	7.880115
522	-7935.855	-8184.921	249.0654	0.8402351	1.483929	0.5307668	7.2953
528	-7929.276	-8178.412	249.1352	0.7932114	1.483929	0.516546	7.2953
534	-7932.375	-8181.427	249.0524	0.8343269	1.483929	0.5282379	7.307614
540	-7932.387	-8180.338	247.9507	0.7408512	1.483929	0.5413241	7.936155
546	-7933.542	-8182.533	248.9915	0.8319975	1.70652	0.5102996	7.273337
552	-7931.675	-8180.619	248.9439	0.7846612	1.70652	0.5998538	7.25034
558	-7928.45	-8176.671	248.2208	0.7754185	1.70652	0.6405556	7.611928
564	-7932.159	-8181.75	249.5908	0.7809362	1.582099	0.5492975	6.99102
570	-7934.797	-8183.196	248.3994	0.7565629	1.388379	0.5744647	7.699715
576	-7930.505	-8179.804	249.2992	0.7879839	1.727707	0.6204974	7.034034
582	-7935.809	-8184.626	248.8177	0.8461133	1.774122	0.4309496	7.408803
588	-7925.045	-8173.626	248.5812	0.7463938	1.502487	0.5462216	7.584811
594	-7928.239	-8176.292	248.0539	0.8184687	1.755642	0.5768737	7.709984
600	-7925.414	-8174.647	249.2325	0.9059672	1.684448	0.4498788	7.167271
606	-7936.927	-8185.622	248.6942	0.8085077	1.684448	0.4094457	7.548183
612	-7938.398	-8185.923	247.5256	0.8077212	1.984055	0.4398946	8.042223
618	-7939.44	-8188.303	248.8629	0.8322913	1.931638	0.4398946	7.330599
624	-7924.033	-8172.924	248.8915	0.8484988	1.738738	0.4233697	7.387761
630	-7924.195	-8172.69	248.4955	0.8276637	1.619006	0.5468901	7.542198
636	-7922.845	-8170.475	247.6297	0.7792342	1.619006	0.5804795	8.003453
642	-7922.121	-8170.939	248.8174	0.7633265	1.619006	0.4928306	7.450861
648	-7916.984	-8166.145	249.1613	0.8587077	1.635726	0.5639527	7.148072
654	-7906.558	-8155.735	249.1764	0.8984931	1.915371	0.5201411	7.058374
660	-7939.453	-8188.19	248.737	0.8530649	1.668603	0.5989971	7.338976
666	-7939.775	-8189.503	249.728	0.8215364	1.459118	0.5645612	6.930769
672	-7925.451	-8174.575	249.1245	0.8786793	1.474133	0.4805262	7.291094
678	-7936.117	-8184.355	248.2379	0.8433282	1.670612	0.5127106	7.681866
684	-7938.108	-8186.129	248.0209	0.8281927	1.402535	0.5034305	7.917363
690	-7926.349	-8176.757	250.4074	0.8119997	1.359005	0.5429038	6.628785
696	-7931.27	-8182.025	250.7544	0.8456954	1.580288	0.5092846	6.362125
702	-7922.856	-8173.358	250.502	0.9267552	1.580288	0.6221001	6.362125
708	-7930.252	-8180.733	250.4807	0.8491616	1.485754	0.6221001	6.452771
714	-7917.824	-8167.395	249.5708	0.7900737	1.371642	0.6140981	7.029273
720	-7925.169	-8176.162	250.9931	0.8950214	1.558116	0.5505125	6.178584
726	-7916.458	-8166.904	250.4466	0.9358698	1.672038	0.5505125	6.410305
732	-7926.539	-8177.89	251.3518	0.9358698	1.532195	0.5731838	5.952206
738	-7934.411	-8184.717	250.306	0.7926445	1.601545	0.6562204	6.507266
744	-7951.209	-8201.26	250.0503	0.8016012	1.35244	0.6539259	6.742686
750	-7932.401	-8180.919	248.5175	0.8127428	1.840159	0.5198133	7.483406
756	-7930.36	-8181.008	250.6481	0.8298974	1.41895	0.5965509	6.419655
762	-7931.94	-8180.047	248.1072	0.8403033	1.691992	0.6667386	7.624019
768	-7926.521	-8176.95	250.4293	0.8235584	1.673115	0.4902026	6.532734
774	-7927.786	-8176.922	249.1355	0.8346195	1.554045	0.5386207	7.226661
780	-7938.259	-8187.046	248.787	0.8298268	1.488967	0.5429556	7.437924
786	-7932.61	-8181.631	249.0209	0.8289618	1.488967	0.5332553	7.321158
792	-7918.196	-8167.069	248.8728	0.8323678	1.488967	0.5332553	7.398751
798	-7925.211	-8175.666	250.4552	0.9295449	1.357384	0.5332553	6.548254
804	-7926.096	-8175.773	249.6764	0.8762001	1.699883	0.5998671	6.80911
810	-7938.703	-8188.638	249.9347	0.8777501	1.418324	0.5287648	6.835658
816	-7929.691	-8178.522	248.8308	0.8362954	1.666888	0.5287648	7.35556
822	-7932.107	-8180.897	248.7908	0.8066876	1.437609	0.5515159	7.4618
828	-7922.656	-8171.018	248.3624	0.7785416	1.437609	0.5613525	7.698126
834	-7914.873	-8164.158	249.2852	0.862437	1.437609	0.5613525	7.158438
840	-7924.501	-8174.056	249.5552	0.8458415	1.437609	0.5561691	7.02638
846	-7922.469	-8171.99	249.5205	0.8785455	1.688793	0.5337459	6.949933
852	-7924.582	-8174.648	250.0666	0.8850039	1.524997	0.6277281	6.637683
858	-7922.127	-8171.949	249.8217	0.8771772	1.849162	0.5942127	6.682615
864	-7920.019	-8169.221	249.2014	0.8679252	1.746081	0.5942127	7.057554
870	-7915.98	-8165.11	249.1303	0.8390913	1.393636	0.5229222	7.304585
876	-7934.845	-8182.837	247.9928	0.8507293	1.66579	0.4644365	7.854008
882	-7934.508	-8183.204	248.6956	0.7904299	1.66579	0.4644365	7.51039
888	-7937.124	-8185.757	248.6323	0.7946413	1.66579	0.4992171	7.51039
894	-7930.015	-8179.904	249.8891	0.7675804	1.749711	0.5536088	6.772558
900	-7927.558	-8175.464	247.906	0.7224179	1.732056	0.5822157	7.844316
906	-7931.483	-8179.358	247.8747	0.7558351	1.732056	0.5808016	7.844316
912	-7923.369	-8172.319	248.9498	0.8302188	1.732056	0.4850804	7.310054
918	-7934.763	-8182.725	247.9622	0.8018237	1.902695	0.5631759	7.729461
924	-7934.034	-8183.173	249.1395	0.9068554	1.780935	0.4571508	7.175812
930	-7926.92	-8176.926	250.006	0.9161263	1.780935	0.4997729	6.664662
936	-7927.85	-8177.698	249.8486	0.8684206	1.561014	0.4997729	6.855669
942	-7929.352	-8178.543	249.191	0.7564669	1.561014	0.4997729	7.269732
948	-7927.17	-8174.315	247.145	0.772762	1.558341	0.6177925	8.258937
954	-7924.774	-8174.004	249.23	0.9101563	1.769006	0.5583868	7.040273
960	-7926.1	-8174.015	247.9151	0.7758032	1.769006	0.5900601	7.79189
966	-7932.709	-8180.484	247.7752	0.6654359	1.862908	0.5900601	7.893799
972	-7934.817	-8184.693	249.8758	0.8297301	1.688853	0.5900601	6.738293
978	-7929.625	-8178.463	248.8388	0.8723893	1.688853	0.5589418	7.298744
984	-7924.314	-8173.556	249.2422	0.8384546	1.680956	0.5897687	7.078205
990	-7922.221	-8171.051	248.83	0.7823693	1.680956	0.5229801	7.384769
996	-7924.243	-8172.553	248.3103	0.8914839	1.592447	0.5229801	7.637273
1002	-7921.656	-8170.479	248.8228	0.7648769	1.885974	0.5229801	7.327406
1008	-7917.933	-8167.305	249.3726	0.9030744	1.885974	0.5229801	6.957485
1014	-7917.489	-8166.561	249.072	0.8299015	1.885974	0.6233312	7.077482
1020	-7916.283	-8163.074	246.7913	0.7523938	1.580153	0.6253775	8.443899
1026	-7921.365	-8169.158	247.7929	0.7453468	1.580153	0.5007362	8.015613
1032	-7923.636	-8171.345	247.7091	0.7879852	1.580153	0.4769567	8.058857
1038	-7927.119	-8175.831	248.7124	0.7470391	1.580153	0.5151677	7.510694
1044	-7933.624	-8181.73	248.1063	0.7243562	1.436497	0.5768705	7.851852
1050	-7933.378	-8180.996	247.618	0.7357103	1.592958	0.5560626	8.062276
1056	-7932.274	-8181.078	248.8044	0.7237586	1.512333	0.5560626	7.465396
1062	-7942.037	-8190.957	248.92	0.8376231	1.673914	0.4833551	7.344432
1068	-7938.602	-8185.941	247.3388	0.7380589	1.610491	0.4833551	8.265583
1074	-7929.619	-8177.419	247.8001	0.7562349	1.598643	0.5562175	7.951961
1080	-7923.66	-8173.08	249.4205	0.8392144	1.598643	0.5562175	7.039304
1086	-7927.648	-8176.326	248.6779	0.7679041	1.657413	0.5659379	7.446719
1092	-7945.661	-8194.623	248.9614	0.8409486	1.875292	0.4857	7.248608
1098	-7925.59	-8175.118	249.528	0.9439549	1.875292	0.4395382	6.931752
1104	-7934.711	-8183.663	248.9525	0.8708984	1.820618	0.4472019	7.291476
1110	-7931.271	-8180.325	249.0546	0.8824346	1.788262	0.5733713	7.130682
1116	-7935.037	-8184.622	249.5851	0.8176141	1.788262	0.5733713	6.879969
1122	-7953.524	-8202.837	249.3134	0.8102866	1.494	0.5335958	7.1718
1128	-7944.962	-8194.082	249.1202	0.8260095	1.659178	0.5730248	7.1718
1134	-7940.829	-8189.19	248.3605	0.8422676	1.469656	0.556913	7.65576
1140	-7925.97	-8174.066	248.0963	0.8064658	1.461425	0.5581406	7.818416
1146	-7916.171	-8165.011	248.8396	0.7253214	1.764871	0.550451	7.357374
1152	-7921.193	-8169.726	248.533	0.7021617	1.764871	0.49652	7.580379
1158	-7908.861	-8157.685	248.8242	0.7755586	1.629916	0.5562405	7.382218
1164	-7927.453	-8176.161	248.7077	0.8441972	1.597547	0.5562405	7.419917
1170	-7934.331	-8183.663	249.3321	0.7554063	1.557218	0.4865181	7.207894
1176	-7934.519	-8184.364	249.8447	0.8602113	1.747934	0.4865181	6.80545
1182	-7937.395	-8187.352	249.9566	0.8685842	1.662907	0.5503094	6.715488
1188	-7926.289	-8175.394	249.1051	0.8598817	1.662907	0.507109	7.215831
1194	-7941.975	-8191.416	249.4404	0.7885522	1.634135	0.507109	7.0845
1200	-7941.366	-8189.469	248.1031	0.7572018	1.558546	0.5133886	7.840894
1206	-7945.058	-8193.18	248.1215	0.7646996	1.558546	0.5314917	7.811546
1212	-7935.297	-8183.182	247.884	0.7066417	1.451955	0.5556874	7.990818
1218	-7931.597	-8179.825	248.2285	0.761116	1.451955	0.575589	7.7617
1224	-7937.801	-8186.894	249.0933	0.9054691	1.670779	0.4684174	7.229795
1230	-7933.671	-8183.752	250.0815	0.9054691	1.670779	0.5137315	6.656455
1236	-7931.926	-8182.686	250.7595	0.8649394	1.670779	0.6079934	6.232878
1242	-7931.967	-8181.576	249.609	0.8326651	1.662621	0.5246096	6.944266
1248	-7927.377	-8177.5	250.1222	0.8482796	1.630761	0.4605892	6.728465
1254	-7925.666	-8175.692	250.0257	0.9347532	1.747922	0.55678	6.606428
1260	-7916.79	-8166.219	249.4294	0.8421128	1.585248	0.517823	7.070506
1266	-7925.706	-8176.194	250.4885	0.8922986	1.39343	0.519749	6.54674
1272	-7931.679	-8181.041	249.3613	0.8838325	1.394096	0.5228123	7.156331
1278	-7937.174	-8186.244	249.0702	0.7655035	1.312398	0.5228123	7.411039
1284	-7937.495	-8186.166	248.6711	0.7735887	1.3667	0.5810609	7.549058
1290	-7938.194	-8188.307	250.113	0.8248233	1.581478	0.5810609	6.659825
1296	-7931.59	-8181.118	249.5278	0.8637101	1.59109	0.6071107	6.930431
1302	-7927.415	-8175.188	247.773	0.7538403	1.579555	0.5176418	8.00722
1308	-7921.286	-8169.739	248.4531	0.8184949	1.873812	0.5176418	7.505507
1314	-7919.504	-8168.906	249.4017	0.9266245	1.873812	0.4979975	6.955077
1320	-7920.325	-8168.95	248.6246	0.8399517	1.855921	0.5442174	7.385411
1326	-7924.063	-8172.633	248.5702	0.8706048	1.96038	0.5190872	7.385411
1332	-7924.398	-8172.872	248.4744	0.7557769	1.616379	0.5082475	7.625912
1338	-7922.746	-8171.595	248.8493	0.8409886	1.616379	0.4799271	7.40474
1344	-7929.961	-8178.983	249.0215	0.9575514	1.898653	0.4799271	7.151163
1350	-7933.761	-8182.768	249.0068	0.8333703	1.656497	0.5322887	7.263469
1356	-7941.036	-8188.279	247.2426	0.761284	1.590187	0.55121	8.253621
1362	-7927.014	-8174.651	247.6373	0.722864	1.757885	0.55121	8.003505
1368	-7919.722	-8168.058	248.336	0.7950906	1.487603	0.5952321	7.656334
1374	-7918.194	-8167.542	249.3476	0.8257169	1.641455	0.5923357	7.040709
1380	-7917.051	-8166.84	249.7888	0.8638489	1.609541	0.5923357	6.794263
1386	-7924.153	-8173.97	249.8174	0.8097545	1.609541	0.5977428	6.803718
1392	-7924.739	-8172.125	247.3859	0.7777495	1.79106	0.5977428	8.059683
1398	-7925.361	-8173.358	247.9975	0.755387	1.664716	0.5151277	7.857367
1404	-7940.373	-8188.158	247.7849	0.7518609	1.664716	0.4989688	7.98682
1410	-7942.551	-8190.05	247.4993	0.7298872	1.664716	0.5394136	8.116039
1416	-7932.157	-8181.221	249.0632	0.8854405	1.664716	0.5394136	7.196162
1422	-7925.041	-8173.464	248.4232	0.8552675	1.664716	0.486835	7.601382
1428	-7947.289	-8197.23	249.9408	0.8421995	1.579314	0.5453553	6.773624
1434	-7930.608	-8179.222	248.614	0.8314729	1.512626	0.5840842	7.486963
1440	-7920.528	-8169.173	248.645	0.8314729	1.487044	0.570036	7.49166
1446	-7925.049	-8174.174	249.1247	0.8891832	1.566062	0.570036	7.172588
1452	-7932.469	-8182.157	249.6883	0.8425995	1.566062	0.4958087	6.957584
1458	-7931.296	-8179.685	248.3885	0.8812204	1.683792	0.4732008	7.611576
1464	-7922.989	-8171.339	248.3502	0.8092413	1.683792	0.5404752	7.611576
1470	-7934.532	-8182.624	248.0914	0.7649858	1.518818	0.6494236	7.749903
1476	-7943.177	-8191.764	248.5875	0.7779495	1.651511	0.5908126	7.472059
1482	-7940.365	-8189.572	249.2074	0.8497523	1.529248	0.5908126	7.146885
1488	-7925.427	-8174.647	249.2204	0.8321453	1.744384	0.5047237	7.141763
1494	-7919.481	-8167.973	248.4921	0.7756718	1.509406	0.5043389	7.649935
1500	-7929.96	-8179.912	249.9522	0.8413609	1.509406	0.5043389	6.83039
1506	-7940.687	-8190.279	249.5921	0.8704861	2.055397	0.4913753	6.83039
1512	-7928.728	-8178.471	249.7426	0.9021559	1.76008	0.4900871	6.83039
1518	-7914.362	-8164.068	249.7058	0.8634087	1.614452	0.6012851	6.83039
1524	-7916.043	-8163.713	247.6705	0.8027753	1.746058	0.4863931	8.003018
1530	-7914.304	-8163.754	249.4497	0.9014976	1.746058	0.4797325	7.002958
1536	-7914.741	-8164.019	249.2784	0.827886	1.538213	0.4797325	7.211289
1542	-7919.813	-8169.315	249.5021	0.8755545	1.613133	0.5355387	6.987696
1548	-7932.47	-8181.989	249.5185	0.8981992	1.71046	0.4972817	6.964412
1554	-7930.282	-8180.336	250.0539	0.8842624	1.572453	0.4727137	6.756543
1560	-7915.539	-8163.884	248.3449	0.7505287	1.651119	0.5260337	7.669867
1566	-7924.349	-8172.018	247.6695	0.7745875	1.651119	0.5651256	7.985252
1572	-7939.364	-8189.206	249.8415	0.7667372	1.772019	0.5727691	6.775157
1578	-7951.688	-8201.04	249.3521	0.8394827	1.428392	0.5134729	7.179021
1584	-7932.201	-8181.437	249.2366	0.8236548	1.488981	0.5134729	7.225167
1590	-7942.359	-8190.699	248.3399	0.879191	1.596402	0.557999	7.597153
1596	-7942.856	-8191.528	248.6723	0.7713037	1.596402	0.557999	7.476959
1602	-7922.126	-8171.046	248.9202	0.7447896	1.65008	0.5707886	7.327955
1608	-7933.29	-8184.491	251.2009	0.8531826	1.791651	0.530147	6.019729
1614	-7931.752	-8182.034	250.2825	1.01381	2.026139	0.530147	6.354256
1620	-7930.448	-8181.973	251.5245	0.9197543	1.676829	0.530147	5.847874
1626	-7921.411	-8170.226	248.815	0.9098088	1.633248	0.4618262	7.396745
1632	-7911.519	-8160.322	248.8025	0.7696321	1.745513	0.5076444	7.396745
1638	-7919.721	-8168.703	248.982	0.7951044	1.482017	0.5076444	7.385006
1644	-7916.385	-8166.053	249.6682	0.8401203	1.606532	0.5184689	6.934421
1650	-7921.039	-8172.287	251.2481	0.9362889	1.606532	0.5184689	6.026182
1656	-7920.131	-8168.734	248.6027	0.8807669	1.641168	0.4516559	7.532735
1662	-7909.256	-8158.752	249.4961	0.8150326	1.556627	0.5094044	7.067474
1668	-7921.931	-8170.665	248.734	0.7733196	1.637496	0.5481298	7.435692
1674	-7924.473	-8172.931	248.4587	0.8836093	1.637496	0.55993	7.514386
1680	-7936.028	-8184.512	248.4838	0.8523817	1.564489	0.5272741	7.572248
1686	-7930.024	-8178.526	248.502	0.779184	1.77417	0.5326675	7.521127
1692	-7937.531	-8184.398	246.8673	0.7830505	1.714855	0.6270662	8.337033
1698	-7938.697	-8185.813	247.1158	0.6460838	1.385723	0.5502117	8.463557
1704	-7933.364	-8180.676	247.3114	0.7035115	1.337045	0.4946488	8.396906
1710	-7934.06	-8183.498	249.4378	0.824133	1.497122	0.4950243	7.129843
1716	-7939.615	-8189.095	249.4806	0.8538832	1.688636	0.5531608	6.968426
1722	-7930.074	-8180.143	250.0697	0.8505036	1.605201	0.5349537	6.69851
1728	-7935.904	-8185.99	250.0863	0.8347668	1.605201	0.5168587	6.713641
1734	-7922.831	-8172.961	250.1297	0.9034104	1.814147	0.5394489	6.55863
1740	-7918.114	-8167.835	249.7207	0.8019752	1.636325	0.585184	6.860067
1746	-7909.021	-8157.812	248.7915	0.8110631	1.625673	0.4844486	7.444244
1752	-7910.128	-8159.125	248.9967	0.8128935	1.625673	0.4844486	7.333177
1758	-7920.588	-8169.794	249.2056	0.8835841	1.612159	0.5284607	7.149276
1764	-7946.337	-8196.922	250.5855	0.9462348	2.149893	0.4413825	6.26973
1770	-7945.116	-8193.388	248.2718	0.8336975	1.547565	0.5557656	7.678298
1776	-7932.915	-8181.486	248.5707	0.74627	1.489949	0.5669732	7.578423
1782	-7927.018	-8176.768	249.7491	0.7966138	1.46639	0.4842574	6.999126
1788	-7930.564	-8180.198	249.6348	0.812646	1.464026	0.5459819	6.999126
1794	-7930.45	-8178.713	248.2628	0.8142555	1.480853	0.5146419	7.754155
1800	-7938.124	-8187.484	249.3601	0.7559264	1.41943	0.5714721	7.174643
1806	-7936.669	-8185.031	248.3626	0.7489185	1.330578	0.5714721	7.750361
1812	-7933.341	-8181.591	248.25	0.8540196	1.330578	0.456575	7.854175
1818	-7929.312	-8179.165	249.8537	0.8802406	1.545544	0.5501237	6.809072
1824	-7922.218	-8172.332	250.1139	0.881461	1.425743	0.5713213	6.698308
1830	-7928.083	-8178.015	249.9313	0.8402049	1.760335	0.4626199	6.787273
1836	-7918.396	-8165.363	246.9668	0.7521016	1.681819	0.5209156	8.397113
1842	-7919.672	-8167.975	248.3023	0.6524923	1.681819	0.544398	7.718488
1848	-7915.151	-8163.302	248.1508	0.7454082	1.51194	0.544398	7.813312
1854	-7919.755	-8169.081	249.3255	0.8369109	1.449961	0.5256841	7.175379
1860	-7914.274	-8163.059	248.7848	0.6932963	1.525309	0.5724993	7.473804
1866	-7919.379	-8167.587	248.2086	0.7925313	1.495723	0.5724993	7.740649
1872	-7925.038	-8174.791	249.7531	0.8457236	1.495723	0.5690879	6.885845
1878	-7929.886	-8179.12	249.2335	0.7924982	1.570507	0.4553751	7.264691
1884	-7914.382	-8163.718	249.3358	0.8965423	1.709851	0.5039588	7.057984
1890	-7929.66	-8179.108	249.4475	0.944776	1.880062	0.5274132	6.892778
1896	-7924.162	-8175.341	251.1792	0.9656968	1.875448	0.5274894	5.943777
1902	-7951.108	-8199.313	248.2048	0.8168686	1.845739	0.5274894	7.64014
1908	-7932.382	-8180.684	248.3016	0.7851301	1.587232	0.5662005	7.664771
1914	-7933.992	-8180.548	246.556	0.7717337	1.64807	0.5662005	8.579569
1920	-7941.547	-8188.989	247.4427	0.8013589	1.908157	0.5662005	8.002874
1926	-7952.517	-8199.261	246.7439	0.7847937	1.908157	0.4424118	8.49222
1932	-7956.605	-8203.863	247.258	0.7333398	1.457479	0.610033	8.264945
1938	-7961.76	-8208.617	246.857	0.7992695	1.796328	0.4869696	8.420255
1944	-7932.908	-8181.81	248.9027	0.8327549	1.732563	0.4869696	7.332099
1950	-7935.723	-8182.252	246.5292	0.7448339	1.732563	0.5180712	8.617952
1956	-7946.577	-8195.374	248.7976	0.8737066	1.732563	0.5180712	7.338995
1962	-7933.907	-8183.768	249.8615	0.8004676	1.732563	0.5678784	6.763992
1968	-7935.932	-8185.824	249.8914	0.8821867	1.732563	0.497379	6.763992
1974	-7940.338	-8190.3	249.9616	0.8523847	1.732563	0.5048731	6.735492
1980	-7935.58	-8185.362	249.782	0.8757584	1.785511	0.4735077	6.829748
1986	-7928.955	-8178.438	249.4829	0.8925857	1.673588	0.4735077	7.021509
1992	-7924.288	-8173.634	249.3461	0.9207343	2.02439	0.4588941	6.975551
1998	-7937.882	-8186.183	248.3011	0.8938778	1.955107	0.4623528	7.569767
2004	-7924.875	-8173.263	248.3887	0.806247	1.955107	0.4623528	7.569767
2010	-7932.154	-8181.671	249.5177	0.8487578	1.750129	0.4971735	6.977562
2016	-7941.039	-8191.544	250.5044	0.9020968	1.949172	0.5120552	6.33488
2022	-7926.767	-8176.063	249.2952	0.8871601	1.81793	0.5599715	6.99942
2028	-7918.853	-8167.832	248.9784	0.8877723	1.519572	0.5599715	7.278073
2034	-7922.318	-8170.741	248.4235	0.8147659	1.5642	0.6164992	7.552809
2040	-7920.721	-8171.487	250.7656	0.9407702	1.745146	0.5458305	6.212035
2046	-7934.886	-8185.253	250.367	0.855369	1.745146	0.4673847	6.54443
2052	-7934.724	-8185.163	250.4387	0.9588896	1.745146	0.4631374	6.453496
2058	-7933.407	-8182.198	248.7908	0.8291997	1.79629	0.4631374	7.393796
2064	-7945.36	-8193.327	247.9673	0.8066611	1.436808	0.5391904	7.912785
2070	-7938.47	-8187.402	248.9326	0.8081575	1.587928	0.5391904	7.336424
2076	-7940.953	-8192.217	251.2642	0.919571	1.642637	0.5092845	6.021078
2082	-7936.62	-8185.662	249.0422	0.823296	1.642637	0.5254969	7.260714
2088	-7936.695	-8186.064	249.3692	0.823296	1.924522	0.5254969	6.987472
2094	-7929.572	-8178.438	248.8658	0.7965352	1.47334	0.6169037	7.36066
2100	-7929.978	-8177.88	247.9015	0.8317965	1.901048	0.5495783	7.757546
2106	-7917.293	-8167.107	249.8136	0.8050935	1.521882	0.5889893	6.848826
2112	-7931.443	-8179.885	248.4411	0.789143	1.409327	0.630035	7.608182
2118	-7921.013	-8170.489	249.4766	0.8281014	1.409327	0.5586849	7.087757
2124	-7910.039	-8158.06	248.0207	0.7945655	1.804041	0.5689858	7.730186
2130	-7914.609	-8163.899	249.2902	0.833635	1.804041	0.5721711	7.025757
2136	-7919.214	-8168.247	249.0333	0.8541415	1.756609	0.5661699	7.174181
2142	-7930.733	-8179.821	249.088	0.7849892	1.701159	0.5987203	7.175546
2148	-7925.326	-8175.61	250.284	0.901822	1.632446	0.5949628	6.495294
2154	-7931.339	-8180.148	248.8093	0.7619786	1.761715	0.5516293	7.354081
2160	-7926.942	-8175.377	248.435	0.7433902	1.968307	0.5337269	7.510983
2166	-7918.548	-8167.396	248.8477	0.7789995	1.928179	0.5960359	7.232684
2172	-7919.711	-8167.522	247.8105	0.7274342	1.703877	0.537547	7.938986
2178	-7913.596	-8161.643	248.0465	0.8108643	1.841639	0.5344014	7.723529
2184	-7924.117	-8173.259	249.1423	0.8260066	1.841639	0.5134928	7.145931
2190	-7912.657	-8161.809	249.1528	0.8307267	1.817493	0.5134928	7.145931
2196	-7912.935	-8161.657	248.7213	0.8857127	1.817493	0.5249793	7.338186
2202	-7928.884	-8177.762	248.8785	0.7940376	1.729375	0.5329722	7.326716
2208	-7932.777	-8182.139	249.3614	0.8754872	1.688422	0.5426149	7.029865
2214	-7922.304	-8170.926	248.6227	0.8420582	1.420783	0.5920516	7.507108
2220	-7925.869	-8175.841	249.972	0.8284477	1.760132	0.4701587	6.764655
2226	-7936.143	-8184.792	248.6494	0.817188	1.430841	0.5471909	7.538291
2232	-7928.362	-8176.961	248.5991	0.8240537	1.430841	0.4927874	7.608382
2238	-7937.501	-8186.543	249.0416	0.8616172	1.430841	0.6083813	7.255074
2244	-7962.796	-8210.443	247.6464	0.7828112	1.644145	0.5815243	7.982608
2250	-7940.261	-8188.938	248.6769	0.8100069	1.629629	0.5815243	7.422372
2256	-7938.877	-8187.239	248.3617	0.7400616	1.629629	0.5677304	7.639681
2262	-7937.576	-8187.884	250.3082	0.8908988	1.538709	0.619211	6.504921
2268	-7933.79	-8181.382	247.5918	0.8203139	1.826077	0.5757343	7.932646
2274	-7938.201	-8186.292	248.091	0.8585621	1.43374	0.6656549	7.722123
2280	-7932.475	-8181.629	249.1546	0.9673823	1.89656	0.5610696	7.004731
2286	-7931.355	-8179.701	248.346	0.8408127	1.656727	0.5286373	7.616678
2292	-7928.37	-8177.688	249.3178	0.8408127	1.578001	0.5286373	7.124659
2298	-7928.617	-8177.049	248.4322	0.7849317	1.410941	0.6146539	7.626213
2304	-7918.64	-8166.832	248.1925	0.8135097	1.739712	0.561766	7.656218
2310	-7918.223	-8166.82	248.5965	0.8817792	1.739712	0.4741545	7.479174
2316	-7932.5	-8182.075	249.5748	0.7883585	2.052551	0.5847142	6.805743
2322	-7930.996	-8179.114	248.1172	0.8351705	1.96676	0.5074262	7.655107
2328	-7926.741	-8174.913	248.1716	0.8397121	1.725488	0.5074262	7.70428
2334	-7928.493	-8176.713	248.2195	0.8408126	1.725488	0.5450665	7.64594
2340	-7926.51	-8174.714	248.2039	0.808602	1.919076	0.6417428	7.530166
2346	-7932.379	-8180.712	248.333	0.8288294	1.684717	0.6417428	7.530166
2352	-7923.495	-8171.914	248.4193	0.8076756	1.814428	0.5400933	7.530166
2358	-7937.998	-8185.056	247.0574	0.7280829	1.563172	0.5088817	8.415709
2364	-7930.668	-8179.757	249.0896	0.7020675	1.546054	0.6637809	7.227797
2370	-7927.893	-8176.972	249.0785	0.8261715	1.510299	0.6637809	7.180976
2376	-7937.068	-8185.133	248.0648	0.828289	1.419969	0.5141577	7.877367
2382	-7928.114	-8176.083	247.9683	0.7443343	1.704578	0.5004693	7.877367
2388	-7929.158	-8178.383	249.2251	0.8710035	1.620273	0.5004693	7.166925
2394	-7931.223	-8180.772	249.5489	0.8412268	1.674243	0.5557933	6.941481
2400	-7931.239	-8180.532	249.2935	0.8852395	1.656078	0.5317512	7.082119
2406	-7928.913	-8178.185	249.2719	0.8173831	1.76943	0.526942	7.093957
2412	-7927.346	-8176.253	248.9068	0.8079678	1.76943	0.526942	7.295159
2418	-7911.451	-8159.816	248.3646	0.7960129	1.76943	0.526942	7.592186
2424	-7918.936	-8168.375	249.4391	0.8448684	1.877493	0.5498249	6.933048
2430	-7917.746	-8168.268	250.5223	0.863626	1.877493	0.4213246	6.455164
2436	-7929.882	-8180.007	250.1255	0.9863792	1.7345	0.4764129	6.599604
2442	-7926.755	-8176.669	249.9143	0.952486	1.915757	0.4764129	6.670282
2448	-7922.755	-8172.306	249.5513	0.8611358	1.915757	0.6785595	6.751647
2454	-7930.432	-8180.027	249.5952	0.7968747	1.761372	0.5229937	6.937142
2460	-7938.77	-8187.175	248.4046	0.7847352	1.659284	0.540077	7.604785
2466	-7943.598	-8192.692	249.0935	0.7856229	1.875701	0.5394616	7.160232
2472	-7948.503	-8197.177	248.6736	0.7378217	1.806275	0.590282	7.393244
2478	-7932.873	-8181.972	249.0991	0.8186725	1.806275	0.5626847	7.143527
2484	-7928.758	-8178.795	250.0367	0.94045	1.795018	0.4787605	6.649113
2490	-7922.713	-8171.533	248.8201	0.8490916	1.790544	0.5621979	7.282886
2496	-7923.229	-8172.496	249.2671	0.7908771	1.733969	0.6239185	7.044931
2502	-7916.477	-8164.932	248.4552	0.8686055	1.756818	0.6129802	7.439602
2508	-7935.614	-8183.71	248.0956	0.9137378	1.705486	0.6129802	7.626059
2514	-7932.857	-8181.937	249.0792	0.7972262	1.705486	0.4952317	7.25861
2520	-7937.82	-8185.724	247.9034	0.7354384	1.705486	0.6210684	7.81801
2526	-7924.081	-8172.392	248.3114	0.8171529	1.669261	0.4861868	7.680491
2532	-7947.511	-8193.669	246.1576	0.7929621	1.669261	0.5907084	8.752637
2538	-7924.686	-8172.019	247.3325	0.8441229	1.608151	0.5907084	8.12325
2544	-7927.872	-8176.24	248.3681	0.7678162	1.734919	0.52686	7.61754
2550	-7929.01	-8177.355	248.3446	0.8501423	1.555308	0.5680561	7.61754
2556	-7931.955	-8181.901	249.9457	0.9105552	1.538103	0.5680561	6.731097
2562	-7930.137	-8180.735	250.598	0.8912232	1.583346	0.5848621	6.357419
2568	-7933.373	-8183.791	250.418	0.8890938	1.656038	0.4721954	6.526221
2574	-7929.694	-8180.063	250.3687	0.8841286	1.664823	0.4721954	6.552325
2580	-7924.444	-8173.995	249.5505	0.8878712	1.728297	0.5948876	6.864486
2586	-7937.305	-8187.126	249.8206	0.8655463	1.780315	0.4809982	6.809321
2592	-7930.661	-8180.462	249.8007	0.8660909	1.780315	0.4821392	6.818728
2598	-7925.692	-8175.307	249.6147	0.8837222	1.709417	0.5254131	6.896061
2604	-7919.748	-8169.392	249.6445	0.8800661	1.656838	0.5350366	6.892803
2610	-7934.821	-8184.219	249.3986	0.8156392	1.553828	0.5691677	7.070236
2616	-7939.275	-8188.196	248.9208	0.8563362	1.553828	0.5793979	7.296866
2622	-7927.06	-8177.031	249.9703	0.8833019	1.460754	0.5492415	6.778756
2628	-7923.579	-8171.741	248.162	0.8927394	1.679153	0.5521932	7.659502
2634	-7926.447	-8173.726	247.2791	0.7633368	1.679153	0.4189943	8.319794
2640	-7909.342	-8156.783	247.441	0.7887434	1.665344	0.4921786	8.156276
2646	-7937.066	-8186.587	249.5206	0.8574933	1.597785	0.6168527	6.927626
2652	-7920.842	-8170.306	249.464	0.8574933	1.785809	0.5696392	6.927626
2658	-7918.578	-8166.694	248.1158	0.8016821	1.76934	0.4782877	7.765183
2664	-7925.695	-8171.984	246.2897	0.7877333	1.643636	0.5526407	8.724986
2670	-7915.131	-8164.325	249.1937	0.895537	1.865843	0.4774068	7.10512
2676	-7932.696	-8181.162	248.4661	0.7560124	1.865843	0.4774068	7.57037
2682	-7930.436	-8179.087	248.6507	0.842981	1.465945	0.4774068	7.57037
2688	-7926.554	-8174.12	247.5668	0.7367275	1.465945	0.4939051	8.190935
2694	-7927.748	-8176.331	248.5835	0.794276	1.729375	0.4939051	7.51872
2700	-7923.807	-8173.07	249.2636	0.8029838	1.518015	0.5688712	7.163774
2706	-7941.693	-8190.785	249.0915	0.8383217	1.529311	0.5688712	7.232864
2712	-7944.8	-8194.84	250.0399	0.8330886	1.529311	0.5206318	6.765395
2718	-7945.445	-8192.979	247.5341	0.8034356	1.793702	0.5206318	8.028966
2724	-7941.368	-8188.965	247.5967	0.8032479	1.670811	0.5320795	8.028966
2730	-7945.139	-8193.174	248.0349	0.8080976	1.753181	0.5320795	7.763342
2736	-7945.046	-8192.997	247.9507	0.748385	1.753181	0.453595	7.910288
2742	-7940.217	-8189.189	248.9721	0.9439041	1.690147	0.4918326	7.245904
2748	-7946.25	-8195.313	249.0624	0.7728366	1.77507	0.5226956	7.232158
2754	-7949.131	-8196.691	247.5595	0.6912233	1.564036	0.6373847	8.064708
2760	-7936.837	-8185.297	248.4595	0.8030328	1.477831	0.6373847	7.557681
2766	-7952.33	-8200.721	248.391	0.8680701	1.690656	0.6698018	7.455442
2772	-7937.851	-8186.46	248.6095	0.8011814	1.573099	0.5748896	7.489676
2778	-7946.926	-8196.566	249.6399	0.8258362	1.635437	0.5748896	6.899363
2784	-7931.202	-8180.198	248.996	0.8827081	1.498334	0.4830293	7.346042
2790	-7929.533	-8178.416	248.883	0.820108	1.577499	0.5566364	7.346042
2796	-7921.968	-8171.613	249.6449	0.799293	1.663403	0.5970965	6.882982
2802	-7916.183	-8164.329	248.1451	0.8130012	1.663403	0.4864801	7.773461
2808	-7911.087	-8159.469	248.3814	0.8433783	1.60816	0.5406231	7.604127
2814	-7914.594	-8164.282	249.6882	0.9112572	1.60816	0.5782124	6.834713
2820	-7916.689	-8165.583	248.8937	0.8156536	1.501535	0.5782124	7.354498
2826	-7911.487	-8161.835	250.3475	0.8939502	1.644931	0.5782124	6.473928
2832	-7905.366	-8155.786	250.4201	0.7969052	1.84093	0.5116579	6.473928
2838	-7907.689	-8157.888	250.1994	0.8846311	1.84093	0.5980934	6.473928
2844	-7914.517	-8163.72	249.2035	0.7540686	1.75953	0.5745722	7.128623
2850	-7916.821	-8166.121	249.2999	0.7894411	1.631649	0.5442212	7.128623
2856	-7928.056	-8177.359	249.3029	0.8864204	1.777041	0.5781702	6.994943
2862	-7947.902	-8197.787	249.8843	0.8366217	1.610674	0.6066969	6.745698
2868	-7937.68	-8187.761	250.081	0.9288128	1.610674	0.4671576	6.708546
2874	-7936.125	-8185.627	249.5023	0.9369374	1.713904	0.586759	6.87563
2880	-7924.086	-8172.628	248.5421	0.883013	1.764352	0.5730185	7.414069
2886	-7922.777	-8171.837	249.0601	0.8501968	1.764352	0.5665513	7.158862
2892	-7932.844	-8180.328	247.4835	0.7821272	1.848256	0.5388626	8.03353
2898	-7921.329	-8170.277	248.9477	0.8374616	1.814205	0.4883467	7.275897
2904	-7916.846	-8165.146	248.2995	0.8504954	1.708922	0.523872	7.62172
2910	-7929.925	-8179.468	249.5439	0.9146066	1.59411	0.6528686	6.858535
2916	-7911.216	-8159.588	248.3726	0.8390387	1.59411	0.5738403	7.589173
2922	-7914.595	-8164.542	249.9471	0.8719807	1.644814	0.4757485	6.790862
2928	-7918.285	-8167.715	249.4303	0.8204917	1.753506	0.5352944	7.005456
2934	-7928.2	-8177.32	249.1198	0.8250619	1.674537	0.4846492	7.242524
2940	-7936.142	-8184.066	247.9243	0.7276565	1.695591	0.6352263	7.80384
2946	-7924.192	-8173.38	249.1882	0.8803314	1.787698	0.5543067	7.075758
2952	-7917.22	-8167.54	250.3194	0.8655433	1.698278	0.5651034	6.495747
2958	-7918.967	-8169.388	250.4208	0.8889395	1.439383	0.6050094	6.495747
2964	-7915.739	-8164.543	248.8042	0.7939113	1.644986	0.6050094	7.338617
2970	-7918.072	-8164.798	246.7255	0.7129121	1.48674	0.5106089	8.627988
2976	-7917.613	-8166.836	249.2227	0.8276046	1.39798	0.5106089	7.269985
2982	-7932.577	-8181.131	248.5539	0.8445879	1.817914	0.6556016	7.346639
2988	-7932.981	-8182.074	249.093	0.8455147	1.729649	0.6158504	7.116921
2994	-7930.76	-8179.525	248.7644	0.8683002	1.50944	0.5659729	7.40239
3000	-7927.295	-8175.447	248.1516	0.8558842	1.622327	0.5588839	7.700041
3006	-7928.37	-8177.695	249.3254	0.8814274	1.622327	0.5307158	7.080338
3012	-7921.709	-8170.411	248.7023	0.7961287	1.622327	0.5307158	7.460703
3018	-7920.497	-8169.256	248.7583	0.8265249	1.622327	0.4781574	7.460703
3024	-7916.128	-8164.611	248.4822	0.7508231	1.622327	0.5852423	7.558112
3030	-7930.202	-8179.311	249.1089	0.8397715	1.607126	0.5445213	7.213112
3036	-7913.997	-8162.604	248.6064	0.81604	1.607126	0.5648302	7.478682
3042	-7930.627	-8179.38	248.7529	0.8094064	1.839972	0.4948234	7.380989
3048	-7931.296	-8180.162	248.8661	0.8591048	1.48906	0.5010748	7.415844
3054	-7932.752	-8181.044	248.2913	0.7939038	1.577991	0.4752447	7.747344
3060	-7928.137	-8177.73	249.5923	0.8376181	1.388231	0.6358807	6.968499
3066	-7933.716	-8182.007	248.2909	0.7883559	1.572062	0.4635233	7.763588
3072	-7915.44	-8162.942	247.5026	0.793383	1.648897	0.5095722	8.111634
3078	-7917.827	-8166.65	248.8226	0.8780848	1.623234	0.5250121	7.356792
3084	-7927.108	-8175.145	248.0377	0.7944132	1.623234	0.5406644	7.808496
3090	-7926.729	-8175.079	248.3496	0.7910974	1.811466	0.5497743	7.569292
3096	-7915.011	-8163.426	248.4142	0.8078424	1.532893	0.4691284	7.696994
3102	-7920.791	-8169.055	248.2639	0.8472391	1.645231	0.5406234	7.651252
3108	-7932.118	-8179.513	247.3951	0.7908816	1.645231	0.5276816	8.156007
3114	-7933.25	-8181.249	247.9992	0.7548858	1.645231	0.5310537	7.850174
3120	-7945.766	-8195.043	249.2765	0.8485823	1.494118	0.5118859	7.189688
3126	-7938.353	-8186.936	248.5837	0.7374248	1.494118	0.5118859	7.620787
3132	-7928.219	-8177.32	249.1007	0.8610956	1.880336	0.4844786	7.162327
3138	-7934.488	-8183.939	249.4507	0.8610956	1.914472	0.4886574	6.959005
3144	-7928.887	-8177.305	248.418	0.8568614	1.93895	0.5167137	7.483281
3150	-7920.992	-8170.271	249.2793	0.8554689	1.93895	0.4903263	7.044867
3156	-7928.501	-8176.695	248.1935	0.8602284	1.764022	0.4603417	7.71072
3162	-7931.123	-8179.048	247.9258	0.7265997	1.706474	0.5659993	7.853526
3168	-7931.246	-8179.186	247.9407	0.8659871	1.706474	0.4704692	7.853526
3174	-7936.757	-8186.465	249.7076	0.901441	1.706474	0.4704692	6.88664
3180	-7928.018	-8175.646	247.6278	0.8185278	1.421061	0.5957709	8.04829
3186	-7919.947	-8169.697	249.7504	0.9146809	1.609906	0.5518413	6.820281
3192	-7931.118	-8181.01	249.8916	0.7746547	1.608193	0.5518413	6.820281
3198	-7939.388	-8188.978	249.5901	0.8691072	1.69334	0.6292232	6.839206
3204	-7944.48	-8195.06	250.5798	0.9671629	1.528073	0.5811835	6.350429
3210	-7946.659	-8197.124	250.4649	0.8764927	1.818356	0.587579	6.350429
3216	-7963.183	-8211.965	248.7819	0.8788351	1.747894	0.587579	7.28178
3222	-7937.968	-8186.295	248.3268	0.8455141	1.775321	0.532422	7.579239
3228	-7932.85	-8183.564	250.7137	0.8130013	2.04248	0.532422	6.222043
3234	-7914.005	-8163.938	249.9324	0.9037744	2.04248	0.532422	6.596524
3240	-7921.106	-8172.451	251.3445	0.92427	1.651261	0.4775731	6.000351
3246	-7920.797	-8170.518	249.7206	0.9170637	1.752281	0.4775731	6.848404
3252	-7941.996	-8191.108	249.1126	0.8704618	1.546361	0.6671282	7.122375
3258	-7933.843	-8183.704	249.8609	0.9121633	1.792308	0.5832421	6.670641
3264	-7939.673	-8187.757	248.0833	0.8844051	1.65329	0.5129844	7.748609
3270	-7950.492	-8198.966	248.4737	0.8271997	1.845008	0.5036155	7.511619
3276	-7935.228	-8182.6	247.3712	0.7851488	1.875782	0.4733662	8.13994
3282	-7928.066	-8176.645	248.5788	0.8456319	1.879564	0.4814011	7.453821
3288	-7926.967	-8176.73	249.7627	0.9259848	1.879564	0.4579859	6.795672
3294	-7925.218	-8175.558	250.3401	0.9259848	1.879564	0.4579859	6.483489
3300	-7922.773	-8172.263	249.4897	0.8847484	1.91383	0.5079255	6.908219
3306	-7927.374	-8175.952	248.5779	0.8099256	2.069166	0.5959583	7.316539
3312	-7921.802	-8171.077	249.2747	0.9003461	2.069166	0.5462593	6.933477
3318	-7918.612	-8166.328	247.7156	0.738234	1.876284	0.5503628	7.914287
3324	-7937.571	-8186.783	249.2117	0.787969	1.876284	0.5543195	7.082801
3330	-7933.93	-8183.196	249.2655	0.7943281	1.876284	0.5161677	7.082801
3336	-7921.906	-8171.777	249.8704	0.8434008	1.847267	0.5441305	6.716072
3342	-7918.699	-8168.654	249.9556	0.9215479	1.885779	0.5441305	6.614861
3348	-7932.008	-8180.784	248.7762	0.8863719	1.639146	0.5441305	7.355141
3354	-7930.47	-8179.314	248.8449	0.7967599	1.741465	0.5142377	7.355141
3360	-7930.783	-8178.963	248.1795	0.7940974	1.741097	0.4528511	7.768603
3366	-7925.199	-8173.163	247.964	0.8183588	1.741097	0.475011	7.850132
3372	-7926.501	-8175.504	249.0025	0.8522262	1.412226	0.475011	7.400918
3378	-7921.134	-8169.637	248.5032	0.8202884	1.405557	0.6073247	7.577115
3384	-7931.9	-8179.957	248.0579	0.7460549	1.405557	0.5968638	7.863006
3390	-7931.719	-8179.788	248.0682	0.8339136	1.63736	0.7003751	7.64429
3396	-7917.817	-8167.55	249.7334	0.8146437	1.63736	0.6875576	6.768929
3402	-7928.857	-8178.748	249.8916	0.9507357	1.50038	0.6605314	6.681972
3408	-7921.663	-8171.389	249.7263	0.8674783	1.666557	0.5553005	6.834893
3414	-7912.951	-8162.761	249.8104	0.8830789	1.807164	0.5553005	6.731359
3420	-7929.829	-8178.537	248.7079	0.8315483	1.807164	0.5076476	7.393017
3426	-7928.922	-8179.622	250.6998	0.8468921	1.537269	0.6038414	6.328934
3432	-7925.713	-8174.831	249.118	0.9127106	1.776594	0.5065031	7.140719
3438	-7919.403	-8168.563	249.1602	0.9229496	1.725958	0.5183061	7.119948
3444	-7926.538	-8177.158	250.6196	0.902292	1.771816	0.5935518	6.263747
3450	-7932.228	-8179.782	247.554	0.7346273	1.771816	0.6023703	7.996041
3456	-7928.511	-8176.266	247.7548	0.7208081	1.64503	0.5343622	7.996041
3462	-7930.309	-8176.962	246.6526	0.7785717	1.69584	0.5754091	8.50015
3468	-7936.266	-8183.015	246.7486	0.7932523	1.536226	0.5754091	8.50015
3474	-7932.477	-8180.779	248.302	0.7475961	1.657204	0.5754091	7.65131
3480	-7922.807	-8171.306	248.4982	0.8359437	1.616355	0.562483	7.524473
3486	-7924.045	-8173.237	249.1919	0.7702103	1.784459	0.5447168	7.142079
3492	-7928.974	-8177.183	248.2089	0.7781388	1.884425	0.5447168	7.631328
3498	-7923.473	-8171.662	248.1891	0.7988197	1.647122	0.5312203	7.724399
3504	-7922.694	-8171.283	248.589	0.8362067	1.502921	0.5312203	7.544981
3510	-7922.03	-8170.549	248.5184	0.8180759	1.509403	0.5860976	7.544981
3516	-7919.065	-8167.152	248.0876	0.8342623	1.509403	0.5517391	7.794534
3522	-7929.158	-8177.211	248.0529	0.8767441	1.703848	0.5026429	7.759796
3528	-7933.76	-8183.074	249.3143	0.7830045	1.703848	0.5436953	7.098517
3534	-7935.189	-8184.596	249.4073	0.8111315	1.703848	0.4698174	7.098517
3540	-7928.49	-8176.406	247.9154	0.7587755	1.593208	0.5364812	7.907489
3546	-7921.548	-8169.03	247.4824	0.7820987	1.625417	0.5640182	8.091335
3552	-7924.973	-8174.152	249.1786	0.8695348	1.546698	0.5181095	7.20511
3558	-7922.237	-8171.882	249.6451	0.7980725	1.587298	0.5181095	6.977085
3564	-7921.903	-8171.537	249.6336	0.7722764	1.39119	0.5181095	7.075206
3570	-7925.146	-8174.202	249.0566	0.7779597	1.39119	0.5181095	7.382056
3576	-7930.905	-8179.72	248.8144	0.7924409	1.616512	0.5707745	7.37151
3582	-7933.081	-8182.743	249.6617	0.8282085	1.692126	0.5707745	6.86897
3588	-7934.546	-8184.145	249.5984	0.8822136	1.619378	0.4960979	6.964272
3594	-7932.106	-8180.846	248.74	0.8167312	1.708942	0.4694871	7.452312
3600	-7921.572	-8170.721	249.1493	0.8080621	1.697806	0.5174861	7.198259
3606	-7910.597	-8159.676	249.0788	0.8205773	1.744232	0.5785728	7.162049
3612	-7913.016	-8162.855	249.8392	0.8210131	1.783186	0.5785728	6.738555
3618	-7905.077	-8154.911	249.8343	0.9084897	1.783186	0.5785728	6.693942
3624	-7915.173	-8164.501	249.3279	0.7555774	1.783186	0.5785728	7.049464
3630	-7922.294	-8170.154	247.8601	0.827565	1.647872	0.51039	7.902391
3636	-7933.184	-8182.309	249.1247	0.9118857	1.852404	0.51039	7.108324
3642	-7933.766	-8182.586	248.8199	0.8466461	1.647867	0.6146868	7.293328
3648	-7930.698	-8180.092	249.3945	0.92023	1.660579	0.5692606	6.976051
3654	-7932.376	-8180.941	248.5654	0.8067202	1.660579	0.4883491	7.551335
3660	-7932.613	-8181.157	248.5442	0.8189193	1.660579	0.5266377	7.522639
3666	-7928.782	-8177.602	248.8199	0.8225315	1.662357	0.5360314	7.364281
3672	-7928.53	-8177.282	248.7513	0.8262648	1.679669	0.5705672	7.364281
3678	-7937.264	-8186.338	249.0748	0.8276569	1.312427	0.4949212	7.399647
3684	-7926.738	-8177.401	250.6628	0.8276569	1.601832	0.6109075	6.329071
3690	-7930.37	-8180.02	249.6498	0.7667696	1.601832	0.6109075	6.909945
3696	-7926.428	-8175.934	249.5058	0.8425636	1.601832	0.5085704	7.030996
3702	-7934.872	-8182.502	247.63	0.7645471	1.538679	0.5126645	8.097548
3708	-7936.378	-8187.251	250.8732	1.01815	1.636716	0.5715307	6.129501
3714	-7931.375	-8180.142	248.7672	0.7604162	1.684074	0.5694732	7.390345
3720	-7924.567	-8172.886	248.3184	0.8722674	1.557216	0.5393209	7.642679
3726	-7934.357	-8182.343	247.9863	0.7868117	1.557216	0.4597923	7.936179
3732	-7930.692	-8179.678	248.9869	0.8061866	1.728964	0.5157488	7.276956
3738	-7924.539	-8174.294	249.7554	0.8985969	1.679715	0.4765281	6.866436
3744	-7926.893	-8175.777	248.8843	0.8845698	1.679715	0.567334	7.264181
3750	-7912.951	-8163.183	250.2316	0.845245	1.416025	0.6606164	6.589345
3756	-7929.843	-8179.994	250.1506	0.8382905	1.416025	0.6344117	6.656388
3762	-7926.323	-8175.484	249.161	0.7456126	1.416025	0.6344117	7.239544
3768	-7929.777	-8177.605	247.8286	0.7586546	1.647752	0.5453414	7.926322
3774	-7932.6	-8181.336	248.7368	0.8360237	1.635745	0.5665125	7.386119
3780	-7930.761	-8181.327	250.5665	0.8891711	1.853234	0.5665125	6.293588
3786	-7920.616	-8170.501	249.8841	0.8982458	1.853234	0.5460313	6.675385
3792	-7923.843	-8173.221	249.3783	0.8466403	1.606594	0.4917086	7.110623
3798	-7933.191	-8182.14	248.9487	0.7022864	1.798576	0.5732733	7.280916
3804	-7935.616	-8184.318	248.702	0.8144686	1.775234	0.5732733	7.361126
3810	-7932.564	-8180.957	248.3936	0.7868348	1.775234	0.6291252	7.49779
3816	-7929.253	-8179.035	249.7819	0.9269353	1.565692	0.5841584	6.787075
3822	-7938.235	-8185.203	246.9676	0.7981287	1.925396	0.5101272	8.298988
3828	-7941.444	-8190.284	248.8397	0.9161527	1.648626	0.4458429	7.389567
3834	-7929.407	-8178.3	248.8931	0.8297894	1.597377	0.4852143	7.389567
3840	-7921.098	-8171.147	250.0483	0.8636014	1.597377	0.4852143	6.749781
3846	-7947.296	-8198.253	250.9563	0.896607	1.935028	0.5527078	6.061696
3852	-7954.545	-8202.895	248.3491	0.8561654	1.801689	0.5381147	7.54776
3858	-7935.463	-8182.617	247.1545	0.8081627	1.801689	0.5381147	8.211207
3864	-7931	-8179.587	248.5861	0.8243672	1.69756	0.5016109	7.505656
3870	-7920.512	-8168.369	247.8569	0.7940713	1.703726	0.4702026	7.937869
3876	-7933.305	-8182.207	248.9014	0.8423485	1.542128	0.5874791	7.312891
3882	-7923.998	-8173.676	249.6778	0.8367982	1.523387	0.6813459	6.834756
3888	-7930.895	-8178.003	247.1081	0.685583	1.819223	0.5355852	8.297351
3894	-7933.705	-8182.576	248.8705	0.8063523	1.741992	0.4609937	7.384131
3900	-7920.37	-8169.558	249.1881	0.8768769	1.597062	0.5251971	7.170772
3906	-7925.828	-8173.5	247.6719	0.7916352	1.808105	0.4597119	8.01139
3912	-7921.122	-8170.121	248.9991	0.7794335	1.754862	0.5445013	7.251158
3918	-7928.223	-8177.226	249.003	0.7698575	1.815814	0.5233355	7.251158
3924	-7934.862	-8184.048	249.1855	0.7493383	1.632054	0.5233355	7.229245
3930	-7936.292	-8185.184	248.8916	0.8218759	1.758344	0.6048063	7.236293
3936	-7927.842	-8175.907	248.065	0.8429414	1.666983	0.5246549	7.765516
3942	-7929.664	-8178.9	249.2364	0.8475176	1.666983	0.5246549	7.135211
3948	-7916.997	-8167.579	250.5816	0.9138251	1.535806	0.5324818	6.415859
3954	-7934.774	-8186.13	251.3565	0.9349873	1.765865	0.5324818	5.897182
3960	-7935.883	-8185.554	249.6711	0.8570781	1.527046	0.5973547	6.888993
3966	-7929.729	-8178.899	249.17	0.8501756	1.527046	0.5102482	7.234567
3972	-7932.106	-8182.26	250.1539	0.8483277	1.553827	0.5025409	6.701984
3978	-7933.226	-8182.021	248.7948	0.9015718	1.696239	0.5156485	7.340567
3984	-7934.511	-8182.282	247.7707	0.6920052	1.696239	0.5334063	7.985293
3990	-7931.382	-8180.975	249.5925	0.8898936	1.696239	0.5678637	6.873898
3996	-7911.1	-8160.833	249.7327	0.8529861	1.696239	0.4911271	6.883968
4002	-7923.442	-8173.156	249.7141	0.8633191	1.61466	0.4911271	6.918341
4008	-7917.833	-8167.355	249.5218	0.7887722	1.433779	0.5473268	7.08399
4014	-7923.583	-8172.363	248.7803	0.8797347	1.534209	0.5604591	7.382599
4020	-7935.956	-8184.78	248.8242	0.8054818	1.645714	0.5296531	7.382599
4026	-7927.419	-8177.165	249.7463	0.8156716	1.551988	0.5581022	6.8927
4032	-7932.078	-8181.092	249.0137	0.7571616	1.494376	0.5581022	7.340628
4038	-7937.709	-8187.088	249.3797	0.9715904	1.494376	0.669217	6.942984
4044	-7933.02	-8182.518	249.498	0.8671047	1.583042	0.4798912	7.054816
4050	-7941.079	-8188.873	247.794	0.7925221	1.475675	0.5749102	7.968035
4056	-7945.92	-8194.675	248.7555	0.7730869	1.648616	0.5749102	7.398341
4062	-7929.996	-8177.82	247.8238	0.7759497	1.528035	0.5972218	7.922864
4068	-7934.714	-8182.289	247.5749	0.7308098	1.579166	0.5972218	8.06022
4074	-7925.511	-8173.355	247.8447	0.8160488	1.773565	0.5313787	7.854245
4080	-7930.703	-8178.513	247.8094	0.8551549	1.610018	0.4592066	7.974779
4086	-7918.374	-8166.276	247.9027	0.7008004	1.627071	0.4907779	7.972224
4092	-7920.469	-8169.676	249.2066	0.9490558	1.751374	0.4061022	7.177603
4098	-7926.718	-8176.407	249.6898	0.9094216	1.679275	0.4000632	6.970837
4104	-7924.082	-8173.493	249.4109	0.9611714	2.04454	0.4000632	6.970837
4110	-7932.363	-8181.562	249.1986	0.8159081	1.833761	0.55792	7.086082
4116	-7917.241	-8167.205	249.964	0.9425899	1.833761	0.55792	6.604897
4122	-7923.315	-8173.39	250.0742	0.8859603	1.578	0.55792	6.667933
4128	-7927.84	-8176.845	249.0054	0.8193166	1.621149	0.5493536	7.270446
4134	-7923.254	-8172.233	248.979	0.8193166	1.786307	0.5238812	7.247127
4140	-7939.626	-8187.426	247.7997	0.8098286	2.019703	0.6172369	7.73221
4146	-7940.808	-8190.857	250.0485	0.9007069	1.858832	0.5269189	6.599565
4152	-7935.77	-8186.805	251.0344	0.9168733	1.797393	0.5873253	6.026117
4158	-7927.47	-8178.242	250.7727	0.9070416	1.797393	0.4979345	6.249991
4164	-7925.002	-8173.387	248.385	0.7146531	1.797393	0.5252906	7.61664
4170	-7923.152	-8170.568	247.4151	0.783023	1.739076	0.5252906	8.118155
4176	-7924.127	-8173.026	248.8988	0.8980267	1.739076	0.5668186	7.228478
4182	-7926.099	-8174.794	248.6952	0.8864124	1.477725	0.5050785	7.493767
4188	-7939.656	-8187.2	247.5442	0.8033277	1.477725	0.6510302	8.0365
4194	-7926.936	-8177.131	250.1949	0.8967158	1.486372	0.5262537	6.659434
4200	-7908.48	-8158.404	249.9244	0.7921886	1.719151	0.4836979	6.811915
4206	-7908.187	-8158.906	250.7188	0.9257445	1.623838	0.4784264	6.349416
4212	-7918.135	-8166.922	248.7873	0.7819385	1.788891	0.619146	7.292161
4218	-7915.577	-8162.468	246.8912	0.7885309	1.599226	0.6091668	8.376771
4224	-7922.458	-8171.449	248.9908	0.8005456	1.621272	0.6091668	7.240397
4230	-7935.904	-8184.227	248.3226	0.827863	1.648271	0.4842293	7.678176
4236	-7936.876	-8185.267	248.3913	0.7575849	1.648271	0.4918411	7.672163
4242	-7923.16	-8171.128	247.9678	0.7302374	1.596052	0.4918411	7.932331
4248	-7914.54	-8162.366	247.8253	0.8051438	1.691495	0.4931814	7.932331
4254	-7931.414	-8178.669	247.2554	0.8357149	1.691495	0.5812416	8.145969
4260	-7926.561	-8174.797	248.2364	0.7628984	1.668979	0.565004	7.682366
4266	-7919.756	-8168.152	248.3958	0.7598513	1.668979	0.4683815	7.682366
4272	-7936.443	-8184.85	248.4075	0.8427182	1.539219	0.5145409	7.63888
4278	-7922.854	-8171.984	249.1298	0.9048996	1.539219	0.4857097	7.243888
4284	-7918.38	-8166.968	248.5884	0.8464036	1.539219	0.4857097	7.565577
4290	-7919.93	-8168.769	248.8391	0.8173365	1.56474	0.4713758	7.450176
4296	-7923.964	-8172.154	248.1897	0.8173365	1.599345	0.4543549	7.800514
4302	-7920.515	-8169.358	248.8438	0.8493575	1.599345	0.5774758	7.326215
4308	-7935.219	-8182.948	247.7281	0.8195182	1.599345	0.5002665	8.003847
4314	-7922.542	-8171.558	249.016	0.8587215	1.64004	0.5002665	7.278727
4320	-7944.102	-8192.312	248.2094	0.7720759	1.466025	0.5474191	7.783358
4326	-7930.746	-8179.984	249.2377	0.8440518	1.685707	0.4846202	7.164955
4332	-7927.599	-8175.877	248.278	0.7472413	1.373447	0.4774526	7.858694
4338	-7922.442	-8170.978	248.5353	0.7781497	1.373447	0.5154272	7.670927
4344	-7921.315	-8168.666	247.3503	0.7470464	1.475	0.4997938	8.291863
4350	-7917.035	-8166.983	249.9482	0.847591	1.446078	0.5003893	6.858096
4356	-7920.325	-8168.54	248.2142	0.7985036	1.627279	0.4609129	7.780928
4362	-7920.033	-8170.997	250.9635	0.9437558	1.518726	0.4922164	6.234544
4368	-7923.934	-8174.788	250.8542	0.9525833	1.702941	0.6252889	6.1085
4374	-7930.259	-8181.027	250.7678	0.9567731	1.698521	0.4906251	6.267272
4380	-7928.364	-8176.987	248.6228	0.7722214	1.698521	0.5666758	7.458531
4386	-7930.538	-8180.042	249.5035	0.7819382	1.698521	0.5666758	6.980172
4392	-7932.381	-8180.418	248.0376	0.8064027	1.540574	0.4926331	7.874691
4398	-7939.248	-8187.799	248.5513	0.7620914	1.839672	0.5071552	7.503574
4404	-7939.072	-8187.544	248.4727	0.7170109	1.592437	0.5108794	7.654166
4410	-7932.359	-8180.274	247.9157	0.7497804	1.676869	0.5108794	7.903291
4416	-7929.015	-8178.835	249.82	0.8369276	1.456264	0.5108794	6.919504
4422	-7930.539	-8179.003	248.4634	0.798488	1.570291	0.5519177	7.589093
4428	-7924.622	-8174.162	249.5403	0.8023867	1.484256	0.510774	7.077577
4434	-7914.035	-8162.685	248.6508	0.7792157	1.394715	0.5300452	7.587104
4440	-7923.464	-8172.258	248.7937	0.815978	1.784859	0.488061	7.380377
4446	-7941.373	-8190.463	249.0903	0.9014845	1.718167	0.5900539	7.112436
4452	-7944.435	-8194.483	250.0479	0.9024674	1.674197	0.5772724	6.621501
4458	-7937.129	-8187.181	250.0519	0.8291101	1.674197	0.656628	6.597836
4464	-7924.919	-8174.788	249.869	0.8954476	1.589099	0.4684934	6.847885
4470	-7941.112	-8193.062	251.95	0.9552328	1.589099	0.5729729	5.592104
4476	-7940.766	-8192.331	251.5656	0.8972387	1.789777	0.6582458	5.694204
4482	-7930.792	-8180.317	249.5243	0.8612314	1.58104	0.5417612	6.990305
4488	-7929.818	-8179.808	249.9896	0.8771762	1.58104	0.5417612	6.730746
4494	-7929.267	-8178.614	249.3474	0.8105088	1.5868	0.6239218	7.044933
4500	-7922.905	-8171.427	248.5217	0.768209	1.577343	0.5765362	7.5514
4506	-7937.905	-8187.588	249.6834	0.8418476	1.571444	0.6204826	6.855476
4512	-7919.385	-8170.076	250.6905	0.9700675	1.571444	0.5729414	6.278599
4518	-7910.141	-8161.126	250.9843	0.9060884	1.69437	0.5729414	6.10758
4524	-7917.07	-8167.865	250.795	0.9215134	1.782647	0.5600561	6.181404
4530	-7917.765	-8167.031	249.2658	0.8295128	1.782647	0.5275547	7.085589
4536	-7933.194	-8182.459	249.265	0.8890775	1.782647	0.5590212	7.027563
4542	-7921.711	-8171.811	250.0997	0.8245018	1.561122	0.5975489	6.661846
4548	-7936.184	-8185.813	249.6288	0.8523003	1.561122	0.5406761	6.947293
4554	-7931.207	-8179.895	248.6881	0.7981811	1.561122	0.5515796	7.472717
4560	-7932.946	-8181.492	248.547	0.7992746	1.62711	0.5305442	7.540584
4566	-7920.591	-8168.321	247.7293	0.7798394	1.907729	0.5095343	7.909101
4572	-7905.482	-8156.455	250.973	0.8829833	1.550758	0.5124708	6.231739
4578	-7907.193	-8157.093	249.9005	0.9120826	1.792311	0.4290901	6.786379
4584	-7908.095	-8156.564	248.4699	0.8321236	1.810488	0.4290901	7.591982
4590	-7916.601	-8166.323	249.722	0.9336859	1.694799	0.4604596	6.875042
4596	-7916.278	-8164.839	248.5614	0.8053019	1.694799	0.6229756	7.430903
4602	-7916.301	-8165.909	249.6078	0.8106328	1.694799	0.5373812	6.934204
4608	-7917.02	-8166.635	249.6157	0.8865872	1.785086	0.4516992	6.934204
4614	-7916.022	-8165.054	249.0319	0.8337805	2.015126	0.4569361	7.196138
4620	-7922.91	-8172.815	249.9051	0.8463101	2.015126	0.4286706	6.746446
4626	-7915.185	-8165.145	249.9598	0.8463101	1.599271	0.5044912	6.78883
4632	-7911.04	-8160.385	249.3456	0.8816423	1.969115	0.4581587	7.015089
4638	-7926.199	-8177.163	250.9647	0.9556487	1.780959	0.568352	6.064145
4644	-7916.319	-8166.037	249.7176	0.910973	1.780959	0.5161131	6.808779
4650	-7916.408	-8165.028	248.6204	0.8318855	1.780959	0.4046741	7.546124
4656	-7916.96	-8167.107	250.1469	0.9308719	1.8217	0.491749	6.573657
4662	-7927.661	-8175.603	247.9421	0.8722127	1.8217	0.5691558	7.7246
4668	-7920.769	-8171.241	250.472	0.9698625	1.8217	0.5058246	6.363726
4674	-7940.535	-8190.457	249.9221	0.8555461	1.8217	0.546541	6.688187
4680	-7923.417	-8171.921	248.5038	0.7867315	1.756038	0.546541	7.510796
4686	-7919	-8167.134	248.1345	0.8331502	1.756038	0.537944	7.690796
4692	-7920.808	-8167.908	247.1005	0.8463948	1.619443	0.5168123	8.301981
4698	-7930.812	-8178.032	247.2198	0.7448338	1.713544	0.5853019	8.202331
4704	-7924.094	-8172.218	248.1245	0.7769921	1.713544	0.6525514	7.651289
4710	-7932.126	-8181.075	248.9491	0.7894113	1.735348	0.6065138	7.229611
4716	-7937.72	-8185.548	247.8274	0.7827257	1.735348	0.6065138	7.833937
4722	-7924.794	-8172.321	247.527	0.7291793	1.685798	0.6065138	8.040317
4728	-7926.724	-8173.965	247.2406	0.797015	1.685798	0.508419	8.236914
4734	-7922.701	-8172.09	249.3888	0.838783	1.898194	0.5011722	6.998458
4740	-7921.46	-8169.864	248.4033	0.838783	1.898194	0.4929215	7.534996
4746	-7939.707	-8188.931	249.2237	0.8235571	1.769065	0.4929215	7.146515
4752	-7934.501	-8183.46	248.9598	0.8176704	1.712928	0.4296306	7.370582
4758	-7926.82	-8175.648	248.8286	0.8901162	1.623912	0.4978327	7.370582
4764	-7926.517	-8176.889	250.3713	0.9669994	1.657576	0.4978327	6.485302
4770	-7929.91	-8178.933	249.0228	0.8786255	1.997873	0.5071554	7.136532
4776	-7939.806	-8187.755	247.9488	0.81894	1.885218	0.5071554	7.780405
4782	-7932.941	-8182.169	249.2281	0.818391	1.733142	0.5335362	7.124003
4788	-7934.929	-8184.616	249.6871	0.8751132	1.733729	0.5190185	6.85859
4794	-7924.747	-8173.618	248.8713	0.7650164	1.850741	0.5956658	7.253295
4800	-7924.074	-8170.919	246.8445	0.7971226	1.525147	0.5503736	8.471642
4806	-7924.83	-8172.393	247.5633	0.7497867	1.876274	0.5503736	7.989361
4812	-7922.24	-8170.402	248.1624	0.8346054	1.876274	0.5503736	7.62403
4818	-7919.829	-8168.553	248.7241	0.8882894	1.876274	0.5503736	7.294196
4824	-7928.233	-8177.497	249.2648	0.7605488	1.720299	0.5889998	7.094446
4830	-7909.933	-8159.377	249.4434	0.7640073	1.650207	0.5889998	7.021804
4836	-7928.752	-8177.384	248.632	0.8489127	1.839555	0.5328623	7.391677
4842	-7935.71	-8184.1	248.3894	0.8537869	1.654563	0.5900604	7.537025
4848	-7940.746	-8190.79	250.0449	0.8623081	1.789904	0.4868623	6.681252
4854	-7923.963	-8172.96	248.9971	0.8623081	1.689604	0.5894926	7.194261
4860	-7920.153	-8169.114	248.9604	0.8487621	1.943417	0.6093612	7.119293
4866	-7922.11	-8171.429	249.3187	0.8725098	1.563945	0.5207407	7.119293
4872	-7910.616	-8160.081	249.4649	0.8066755	1.567341	0.5553959	7.045459
4878	-7922.88	-8172.036	249.1565	0.8443101	1.885384	0.5961468	7.045459
4884	-7918.339	-8167.586	249.2475	0.8128372	1.478468	0.5961468	7.160974
4890	-7932.265	-8179.664	247.3995	0.7067717	1.835362	0.5362697	8.124918
4896	-7923.464	-8173.895	250.4302	0.8590062	1.837458	0.5416535	6.410028
4902	-7919.565	-8170.699	251.134	0.8939947	1.736404	0.5510985	6.035571
4908	-7923.852	-8173.048	249.196	0.8529669	1.736404	0.5688719	7.092209
4914	-7928.845	-8178.427	249.5827	0.8529669	1.736404	0.5687334	6.884038
4920	-7921.201	-8170.704	249.503	0.8562648	2.04836	0.4679504	6.909811
4926	-7921.799	-8173.297	251.4977	0.8509848	1.70723	0.4679504	5.945257
4932	-7926.122	-8177.861	251.7384	0.9951673	1.776038	0.5181739	5.664143
4938	-7917.324	-8169.12	251.7958	0.9541377	1.708162	0.609528	5.603267
4944	-7919.076	-8169.821	250.745	0.8340483	1.513988	0.4494879	6.454587
4950	-7925.765	-8174.157	248.3923	0.8617023	1.687319	0.5421701	7.558245
4956	-7920.003	-8169.734	249.7312	0.8346857	1.644967	0.4875511	6.916573
4962	-7918.867	-8169.006	250.1393	0.8755045	1.482355	0.4979479	6.727387
4968	-7923.4	-8173.237	249.8367	0.7978985	1.482355	0.6206663	6.831161
4974	-7938.645	-8187.977	249.3319	0.9438746	1.536154	0.5290368	7.077377
4980	-7919.638	-8169.765	250.1266	0.8494437	1.743025	0.5074136	6.641981
4986	-7918.633	-8167.754	249.1209	0.8770243	1.720346	0.500451	7.183412
4992	-7923.685	-8172.49	248.805	0.7728131	1.550211	0.4973813	7.474287
4998	-7932.042	-8180.587	248.5448	0.7793657	1.665523	0.6098252	7.474287
5004	-7923.653	-8173.101	249.4484	0.813121	1.585852	0.6098252	7.000353
5010	-7914.33	-8163.115	248.7845	0.7754427	1.551097	0.5088349	7.473412
5016	-7918.643	-8166.463	247.8205	0.7617935	1.554908	0.5254546	7.980293
5022	-7911.665	-8159.428	247.7632	0.7143382	1.554908	0.5939622	7.980293
5028	-7927.639	-8176.713	249.0738	0.7424213	1.554908	0.516782	7.327638
5034	-7918.399	-8168.287	249.8876	0.8588924	1.554908	0.516782	6.827113
5040	-7922.451	-8170.025	247.5746	0.7649197	1.454429	0.5729929	8.10973
5046	-7930.759	-8179.686	248.9273	0.8340457	1.604782	0.5503404	7.309707
5052	-7934.203	-8183.575	249.3715	0.8603996	1.876467	0.4191767	7.080718
5058	-7920.009	-8169.363	249.3543	0.8047825	1.745476	0.5085392	7.080718
5064	-7934.963	-8185.506	250.5429	0.9033609	1.465159	0.4981013	6.500811
5070	-7928.311	-8177.558	249.2472	0.9015488	1.697495	0.4720003	7.136287
5076	-7925.644	-8175.577	249.9339	0.9050752	1.714829	0.5252545	6.710514
5082	-7922.501	-8171.79	249.2892	0.8237065	1.680051	0.4674777	7.166005
5088	-7914.892	-8164.111	249.2182	0.8233484	1.680051	0.47837	7.194277
5094	-7915.03	-8163.512	248.4812	0.8399139	1.680051	0.544795	7.522755
5100	-7916.401	-8165.8	249.3997	0.8473077	1.681535	0.554845	7.016695
5106	-7921.384	-8170.731	249.3466	0.8830257	1.824955	0.5070085	7.016695
5112	-7920.542	-8169.114	248.5721	0.8575826	1.718695	0.5618358	7.436724
5118	-7908.325	-8157.997	249.6719	0.8308992	1.718695	0.6006956	6.82862
5124	-7921.674	-8170.687	249.0131	0.8415453	1.771892	0.4891818	7.252387
5130	-7931.537	-8180.329	248.7926	0.8931357	1.655545	0.3963667	7.474026
5136	-7919.568	-8168.873	249.3055	0.9074175	1.655545	0.4682005	7.120502
5142	-7926.54	-8176.105	249.5649	0.9356252	1.606834	0.4571656	6.994125
5148	-7911.294	-8160.554	249.2595	0.9167191	1.880745	0.4857972	7.045676
5154	-7932.476	-8181.555	249.0788	0.8611161	1.542608	0.5490686	7.238552
5160	-7941.043	-8189.548	248.5052	0.8438404	1.75363	0.5491695	7.478091
5166	-7932.076	-8181.142	249.066	0.8067182	1.75363	0.5991156	7.156799
5172	-7924.865	-8174.109	249.244	0.8988777	1.75363	0.5991156	7.011485
5178	-7921.703	-8171.47	249.7673	0.9616797	1.79716	0.5480728	6.721652
5184	-7923.743	-8173.46	249.7168	0.8614279	1.79716	0.5369199	6.812398
5190	-7926.723	-8175.061	248.3388	0.8235376	1.815669	0.5369199	7.567016
5196	-7934.018	-8183.484	249.4662	0.9883598	1.55985	0.5369199	6.965305
5202	-7920.574	-8170.606	250.0323	0.8682363	1.75368	0.5369199	6.653447
5208	-7942.03	-8192.698	250.668	0.9777736	1.800468	0.4438595	6.318037
5214	-7917.691	-8168.312	250.6217	0.8950708	1.631188	0.4434388	6.449202
5220	-7941.019	-8189.372	248.3531	0.8240253	1.785515	0.441966	7.654794
5226	-7940.324	-8190.697	250.3736	0.948121	1.580754	0.4117001	6.605523
5232	-7917.083	-8166.73	249.6473	0.8481296	1.782931	0.5190315	6.877358
5238	-7924.418	-8172.066	247.6481	0.780718	1.782931	0.4938733	8.007307
5244	-7920.132	-8168.213	248.0807	0.7256126	1.782931	0.4938733	7.805854
5250	-7926.112	-8173.667	247.5547	0.7928901	1.782931	0.4938733	8.05064
5256	-7924.173	-8172.557	248.3838	0.827728	1.782931	0.4266684	7.652169
5262	-7927.54	-8176.366	248.8261	0.8122634	1.650984	0.501299	7.400635
5268	-7921.782	-8170.584	248.802	0.8364059	1.650984	0.501299	7.400635
5274	-7938.177	-8188.144	249.9666	0.8397427	1.561113	0.5778638	6.741198
5280	-7917.117	-8165.878	248.7603	0.8586282	1.593325	0.5778638	7.368013
5286	-7924.381	-8171.327	246.9459	0.8431024	1.593325	0.4560119	8.450182
5292	-7925.588	-8174.14	248.5529	0.8342774	1.593325	0.4173675	7.635499
5298	-7921.042	-8169.425	248.3838	0.8320483	1.704311	0.5168533	7.594131
5304	-7926.004	-8176.251	250.2468	0.8742333	1.690607	0.4607371	6.625039
5310	-7922.01	-8170.42	248.4101	0.8246701	1.462474	0.5816024	7.621579
5316	-7917.983	-8168.779	250.7961	0.9084886	1.506994	0.48783	6.353276
5322	-7923.437	-8171.673	248.236	0.79047	1.717492	0.5331751	7.676826
5328	-7923.477	-8172.935	249.4578	0.8586181	1.625593	0.4700528	7.074101
5334	-7931.005	-8181.117	250.1116	0.8829077	1.659028	0.4700528	6.696198
5340	-7923.142	-8173.477	250.3356	0.9591979	1.574171	0.4909888	6.546322
5346	-7926.859	-8178.165	251.3058	0.899995	1.574171	0.5321137	6.015027
5352	-7927.691	-8179.084	251.3929	0.9036756	1.848551	0.5321137	5.866065
5358	-7927.342	-8177.244	249.9023	0.9711732	1.525411	0.4940875	6.790123
5364	-7943.974	-8191.822	247.8483	0.8291138	1.525411	0.6188249	7.865833
5370	-7930.221	-8177.867	247.6458	0.8171266	1.792523	0.6188249	7.883364
5376	-7940.37	-8188.527	248.1562	0.7088359	1.625838	0.6434734	7.709182
5382	-7941.322	-8190.419	249.0974	0.8388281	1.482987	0.450845	7.351187
5388	-7942.468	-8191.504	249.0363	0.932566	1.676307	0.5713517	7.154705
5394	-7930.91	-8181.199	250.289	0.8676013	1.536179	0.5663917	6.57087
5400	-7929.619	-8178.327	248.7082	0.7747675	1.536179	0.5470088	7.487865
5406	-7913.232	-8161.364	248.1322	0.8063299	1.807144	0.5661716	7.665503
5412	-7925.966	-8174.479	248.513	0.7656846	1.876811	0.526166	7.493377
5418	-7924.878	-8172.902	248.024	0.7761529	1.539122	0.4713458	7.917938
5424	-7923.674	-8172.588	248.9135	0.9542341	1.762978	0.4713458	7.264736
5430	-7920.689	-8170.235	249.5469	0.7722736	1.557576	0.5560223	7.023063
5436	-7921.351	-8170.674	249.323	0.8134675	1.701453	0.5315858	7.08854
5442	-7926.036	-8174.12	248.084	0.7760316	1.701453	0.5315858	7.772872
5448	-7916.745	-8165.725	248.9808	0.8290649	1.428761	0.5315858	7.368227
5454	-7924.148	-8172.773	248.6252	0.8310477	1.651352	0.5315858	7.471884
5460	-7936.248	-8185.473	249.2244	0.7981927	1.729696	0.5315858	7.139747
5466	-7926.616	-8175.176	248.5605	0.8058743	1.729696	0.5656467	7.463643
5472	-7936.219	-8186.512	250.293	0.9599526	1.729696	0.5448912	6.464468
5478	-7947.305	-8196.01	248.705	0.7438003	1.719005	0.5139273	7.466738
5484	-7926.941	-8177.232	250.2911	0.8637826	1.719005	0.5139273	6.548008
5490	-7921.812	-8172.289	250.4764	0.9320338	1.632626	0.5652061	6.398611
5496	-7924.129	-8174.339	250.21	0.9223795	1.866067	0.5223948	6.501897
5502	-7926.583	-8177.121	250.538	0.8787877	1.491218	0.4903566	6.513286
5508	-7933.363	-8181.882	248.5185	0.7897258	1.694788	0.4903566	7.571443
5514	-7927.416	-8176.882	249.4668	0.8996796	1.626167	0.6016235	6.935036
5520	-7923.216	-8173.328	250.1123	0.844045	1.746445	0.5155427	6.644267
5526	-7920.353	-8169.591	249.2387	0.8606687	1.746445	0.6120873	7.027356
5532	-7921.564	-8170.658	249.0946	0.8239403	1.601825	0.5616193	7.217145
5538	-7920.603	-8170.541	249.9372	0.8651276	1.808093	0.4741966	6.743272
5544	-7918.189	-8168.879	250.6898	0.9206467	1.808093	0.47648	6.303571
5550	-7918.102	-8167.654	249.5521	0.9253085	1.808093	0.5281898	6.870475
5556	-7932.536	-8181.279	248.7434	0.7978671	1.925417	0.4989587	7.360394
5562	-7932.858	-8181.223	248.3651	0.8756621	1.638928	0.5805268	7.551585
5568	-7931.817	-8181.532	249.7154	0.832459	1.692175	0.5894197	6.822705
5574	-7936.043	-8184.955	248.9121	0.8131264	1.692175	0.5894197	7.265448
5580	-7924.832	-8173.176	248.344	0.807511	1.872321	0.4789638	7.604584
5586	-7922.121	-8171.736	249.6142	0.853446	1.558715	0.4726226	7.015597
5592	-7917.022	-8166.372	249.3502	0.8273443	1.901349	0.5264367	7.002309
5598	-7929.516	-8180.047	250.5306	0.9483436	1.839922	0.5264367	6.319259
5604	-7925.842	-8176.07	250.2276	0.881776	1.839922	0.4944849	6.54786
5610	-7919.377	-8169.465	250.0873	0.8384476	1.839922	0.5540065	6.59571
5616	-7924.595	-8173.896	249.3015	0.9108245	1.56592	0.5012535	7.124244
5622	-7930.852	-8179.912	249.0598	0.7938461	1.7241	0.546692	7.2198
5628	-7938.502	-8187.913	249.4111	0.8439676	1.7241	0.546692	7.00388
5634	-7955.902	-8203.63	247.7281	0.8767103	1.671831	0.6177937	7.85069
5640	-7942.597	-8192.158	249.5607	0.8269192	1.671831	0.4899003	7.000653
5646	-7945.924	-8194.453	248.529	0.7779059	1.671831	0.4899003	7.580784
5652	-7943.723	-8192.779	249.0561	0.8096003	1.69549	0.5951581	7.184301
5658	-7940.265	-8188.662	248.3968	0.8109111	1.421944	0.6871245	7.573493
5664	-7938.202	-8186.487	248.2858	0.7549114	1.4874	0.5362303	7.752587
5670	-7928.258	-8177.397	249.139	0.8129357	1.551282	0.5362303	7.239524
5676	-7942.027	-8190.341	248.3135	0.8129357	1.937802	0.6405075	7.463995
5682	-7924.539	-8173.783	249.2442	0.7939607	1.951575	0.4956305	7.087996
5688	-7927.429	-8177.629	250.2006	0.8269596	1.771726	0.4956305	6.614577
5694	-7933.577	-8182.602	249.025	0.8231935	1.809785	0.5102449	7.224103
5700	-7933.929	-8183.227	249.2977	0.8053292	1.809785	0.4969966	7.098822
5706	-7924.499	-8173.031	248.5317	0.8213555	1.809785	0.4969966	7.501415
5712	-7933.369	-8183.05	249.6808	0.8600383	1.77933	0.4969966	6.873535
5718	-7920.514	-8170.42	249.9064	0.8127938	1.821542	0.4969966	6.762771
5724	-7921.103	-8171.002	249.8988	0.8870565	1.821542	0.4969966	6.726787
5730	-7930.143	-8180.54	250.3968	0.9523342	1.428714	0.6210848	6.466305
5736	-7928.001	-8176.896	248.8956	0.8108672	1.746416	0.5831095	7.261278
5742	-7919.887	-8167.737	247.8497	0.7867513	1.662943	0.5804966	7.866001
5748	-7924.541	-8173.44	248.8984	0.8233898	1.441249	0.6157337	7.342574
5754	-7933.187	-8182.133	248.9459	0.8922854	1.647127	0.5276831	7.271897
5760	-7938.758	-8187.732	248.9737	0.8196091	1.434479	0.5276831	7.378091
5766	-7935.132	-8182.799	247.6678	0.7386635	1.515593	0.5356431	8.080507
5772	-7939.579	-8185.995	246.416	0.7809057	1.702261	0.4606818	8.720693
5778	-7960.544	-8207.299	246.7549	0.7750496	1.702261	0.5082268	8.501194
5784	-7943.361	-8191.812	248.4503	0.8820632	1.59807	0.5399384	7.550862
5790	-7933.17	-8181.088	247.9187	0.7398694	1.59807	0.5399384	7.911083
5796	-7929.168	-8176.936	247.7683	0.8335967	1.783307	0.5341094	7.880036
5802	-7928.474	-8177.782	249.3077	0.8641891	1.492948	0.5375079	7.142966
5808	-7936.253	-8186.88	250.6277	0.9185993	1.492948	0.4929846	6.44001
5814	-7931.338	-8180.893	249.5555	0.8849136	1.554346	0.489307	7.016643
5820	-7931.658	-8181.132	249.4743	0.7561168	1.554346	0.5244219	7.098695
5826	-7932.634	-8181.665	249.0312	0.7832678	1.49914	0.5177398	7.349377
5832	-7945.699	-8194.682	248.9825	0.7500961	1.423767	0.5057762	7.434027
5838	-7935.573	-8184.938	249.3644	0.7817809	1.642749	0.4627127	7.166154
5844	-7927.071	-8176.771	249.6999	0.8441683	1.591337	0.5075234	6.930488
5850	-7930.145	-8180.25	250.1044	0.8496512	1.583827	0.5489035	6.676511
5856	-7940.714	-8190.615	249.9013	0.8593457	1.877749	0.5489035	6.676511
5862	-7937.384	-8185.634	248.2495	0.78459	1.645826	0.5641164	7.67287
5868	-7930.052	-8179.001	248.9496	0.829427	1.84171	0.471447	7.285354
5874	-7922.842	-8171.957	249.1145	0.8262139	1.738985	0.4793736	7.226557
5880	-7926.31	-8174.894	248.5837	0.7924733	1.869688	0.4915812	7.473759
5886	-7927.691	-8176.217	248.5256	0.8817009	1.869688	0.4915812	7.457054
5892	-7928.209	-8177.134	248.9253	0.8797243	1.82499	0.4915812	7.258694
5898	-7932.629	-8181.559	248.9298	0.8526032	1.998846	0.5445518	7.16812
5904	-7924.02	-8173.351	249.3317	0.8940715	1.798438	0.4328906	7.09673
5910	-7925.475	-8173.355	247.8795	0.8728735	1.798438	0.5202032	7.806335
5916	-7931.903	-8181.11	249.2069	0.8728735	1.798438	0.5202032	7.094838
5922	-7924.649	-8173.932	249.2831	0.8532786	1.711322	0.5202032	7.094838
5928	-7935.932	-8185.177	249.2457	0.7755068	1.788811	0.5615803	7.094838
5934	-7938.298	-8186.383	248.0848	0.8011822	1.725349	0.6383101	7.665923
5940	-7939.461	-8189.301	249.8394	0.9721223	1.561202	0.4812734	6.821304
5946	-7947.517	-8197.639	250.122	0.9130936	1.695297	0.5849691	6.561815
5952	-7941.228	-8191.624	250.3957	0.843796	1.530089	0.6054497	6.497055
5958	-7932.654	-8181.417	248.7626	0.7889816	1.700317	0.6018351	7.346025
5964	-7929.083	-8178.175	249.0919	0.7741123	1.700317	0.5949281	7.182557
5970	-7922.739	-8171.799	249.0605	0.7791161	1.755996	0.5949281	7.177074
5976	-7947.723	-8196.586	248.8637	0.8507011	1.755996	0.6237667	7.222053
5982	-7932.289	-8181.746	249.4573	0.8217979	1.457819	0.492049	7.138975
5988	-7926.261	-8175.758	249.497	0.8890164	1.768704	0.4606166	6.994046
5994	-7929.378	-8179.377	249.9992	0.8227265	1.672366	0.5726797	6.695342
6000	-7925.32	-8173.683	248.3627	0.8472879	1.486469	0.4308462	7.757989
6006	-7923.044	-8172.803	249.7587	0.9007191	1.557801	0.4776981	6.907957
6012	-7928.983	-8175.854	246.8709	0.7861196	1.656282	0.4941582	8.462476
6018	-7925.946	-8173.407	247.4611	0.781765	1.456903	0.5199726	8.204091
6024	-7929.999	-8177.528	247.5287	0.73442	1.579315	0.4574382	8.201857
6030	-7937.772	-8185.741	247.9686	0.8149744	1.627561	0.4812872	7.884463
6036	-7931.76	-8181.613	249.8534	0.8509997	1.615826	0.5421209	6.804949
6042	-7940.267	-8189.326	249.0595	0.8184334	1.615826	0.5806403	7.218328
6048	-7938.82	-8186.848	248.0272	0.8086653	1.724954	0.560267	7.753644
6054	-7930.369	-8178.553	248.1842	0.8142472	1.506274	0.7233053	7.626637
6060	-7925.84	-8174.904	249.0637	0.8096681	1.506274	0.5039592	7.32701
6066	-7926.534	-8176.834	250.3001	0.9414484	1.604087	0.4773857	6.576212
6072	-7917.703	-8168.094	250.3901	0.8609361	1.802761	0.4773857	6.499488
6078	-7914.499	-8163.725	249.2261	0.8562513	1.802761	0.490491	7.118224
6084	-7936.049	-8184.752	248.7033	0.8301965	1.811563	0.490491	7.409906
6090	-7923.276	-8172.055	248.7797	0.8098688	1.811563	0.4578468	7.409906
6096	-7916.513	-8165.891	249.3778	0.8687062	1.792082	0.5724275	6.96358
6102	-7920.633	-8170.123	249.4893	0.7667663	1.74381	0.5869556	6.96358
6108	-7922.613	-8171.133	248.5201	0.8228303	1.624048	0.658678	7.442828
6114	-7920.888	-8169.385	248.4971	0.8464197	1.624048	0.6260901	7.466688
6120	-7944.881	-8192.789	247.9073	0.7966568	1.862159	0.535348	7.797877
6126	-7934.511	-8185.619	251.1078	0.8940146	1.594885	0.5332837	6.117243
6132	-7930.251	-8180.448	250.1968	0.9358941	2.059313	0.5332837	6.429928
6138	-7924.743	-8173.254	248.5112	0.8334023	2.059313	0.4553861	7.463521
6144	-7921.854	-8171.656	249.8018	0.8631548	1.640679	0.4553861	6.894626
6150	-7928.689	-8178.321	249.6315	0.8929902	1.855938	0.4553861	6.894626
6156	-7939.262	-8189.401	250.1385	0.8956593	1.855938	0.6638012	6.445894
6162	-7937.646	-8186.991	249.3445	0.9119908	1.732997	0.6472447	6.920836
6168	-7928.578	-8177.112	248.5334	0.7006616	1.659013	0.6394948	7.502436
6174	-7930.273	-8178.556	248.2831	0.8398419	1.698917	0.6272952	7.556719
6180	-7928.196	-8175.556	247.3596	0.7744595	1.546523	0.6272952	8.141105
6186	-7924.136	-8172.75	248.6142	0.6402133	1.617615	0.5272193	7.596119
6192	-7922.977	-8169.364	246.3871	0.732675	1.617615	0.5467344	8.716899
6198	-7927.891	-8176.86	248.9687	0.8765604	1.693386	0.5191472	7.258641
6204	-7922.736	-8171.867	249.1308	0.8361278	1.693386	0.5077796	7.203178
6210	-7924.483	-8173.191	248.7085	0.7189563	1.693386	0.4926483	7.506038
6216	-7912.52	-8160.779	248.2594	0.8378444	1.843138	0.5763369	7.560226
6222	-7922.303	-8171.43	249.1272	0.8414448	1.50409	0.5763369	7.215837
6228	-7920.403	-8170.531	250.1282	0.810238	1.744684	0.6503471	6.546101
6234	-7914.946	-8165.048	250.1029	0.8566852	1.676668	0.578549	6.614595
6240	-7920.792	-8170.411	249.619	0.8120141	1.676668	0.5079486	6.959415
6246	-7924.038	-8174.648	250.6104	0.9233725	1.484848	0.602431	6.357829
6252	-7923.291	-8173.81	250.5187	0.9292171	1.63493	0.602431	6.346373
6258	-7919.206	-8170.021	250.8144	0.9483393	1.63493	0.602431	6.175289
6264	-7935.889	-8185.901	250.012	0.8930292	1.777636	0.514522	6.662001
6270	-7944.178	-8194.052	249.8733	0.8927387	1.704255	0.494214	6.781007
6276	-7930.994	-8180.394	249.4001	0.8756414	1.730786	0.4998163	7.030825
6282	-7932.344	-8181.222	248.8775	0.8345136	2.032837	0.5251928	7.211723
6288	-7917.977	-8165.598	247.621	0.7959372	1.829212	0.5251928	7.970711
6294	-7919.703	-8168.254	248.5506	0.7710746	1.829212	0.5141039	7.496629
6300	-7920.035	-8166.898	246.8635	0.7435818	1.614474	0.5141039	8.486809
6306	-7913.246	-8160.888	247.6422	0.8101208	1.614474	0.4681982	8.077947
6312	-7916.743	-8164.794	248.0509	0.8025305	1.614474	0.5767744	7.770811
6318	-7916.53	-8165.291	248.7605	0.8511576	1.586841	0.4622612	7.47425
6324	-7921.441	-8170.169	248.7276	0.7541204	1.586841	0.506938	7.503432
6330	-7920.646	-8168.541	247.8949	0.7692484	1.586841	0.5322387	7.91876
6336	-7932.305	-8180.49	248.1855	0.7950672	1.563987	0.6512228	7.664838
6342	-7939.673	-8188.065	248.3913	0.7603383	1.6789	0.5158192	7.638489
6348	-7928.988	-8177.287	248.2988	0.8222335	1.840433	0.598433	7.530943
6354	-7921.751	-8170.403	248.6524	0.8057664	1.840433	0.4892391	7.44166
6360	-7931.223	-8181.28	250.0568	0.8370918	1.840433	0.4503016	6.705329
6366	-7933.183	-8181.576	248.3934	0.9140078	1.851571	0.4302776	7.57411
6372	-7920.764	-8170.333	249.5691	0.8152788	1.851571	0.5428431	6.893445
6378	-7930.564	-8180.443	249.8798	0.8152788	1.721367	0.5668684	6.750954
6384	-7930.549	-8181.574	251.0258	0.9446165	1.769848	0.4797638	6.11807
6390	-7927.263	-8176.473	249.2093	0.8171178	1.637266	0.5056835	7.193501
6396	-7916.86	-8165.864	249.0035	0.7473636	1.843139	0.5967591	7.193501
6402	-7918.143	-8165.182	247.0394	0.8132076	1.794217	0.6230533	8.204929
6408	-7912.208	-8160.392	248.1846	0.8076325	1.857448	0.5123117	7.665089
6414	-7912.357	-8160.534	248.1769	0.770861	1.857448	0.540173	7.665089
6420	-7913.511	-8162.434	248.9236	0.8101395	1.584625	0.6175963	7.278604
6426	-7922.09	-8170.907	248.8171	0.9253411	1.584625	0.6137752	7.276846
6432	-7926.42	-8174.943	248.5231	0.9046062	1.855495	0.4855775	7.456284
6438	-7930.226	-8178.421	248.1947	0.8880185	1.855495	0.4779946	7.6479
6444	-7944.795	-8194.24	249.4452	0.9449591	1.575631	0.4445833	7.077346
6450	-7931.679	-8183.001	251.3223	0.9761039	1.855495	0.4937487	5.896755
6456	-7946.525	-8196.563	250.0372	0.9633186	1.88996	0.4937487	6.590635
6462	-7930.99	-8181.079	250.089	0.9189472	1.534543	0.5100695	6.699731
6468	-7942.712	-8192.272	249.5608	0.8499585	1.379747	0.6029111	7.007664
6474	-7943.044	-8194.608	251.5637	1.051421	1.671659	0.5472767	5.74152
6480	-7937.039	-8186.803	249.7632	0.9176907	1.477031	0.5280191	6.883366
6486	-7925.964	-8175.5	249.5359	0.8524904	1.530015	0.5885906	6.97009
6492	-7922.584	-8170.806	248.2212	0.7348518	1.530015	0.5885906	7.738555
6498	-7919.124	-8167.306	248.1819	0.8530146	1.630829	0.5198611	7.714951
6504	-7921.503	-8171.703	250.2003	0.923955	1.630829	0.4734237	6.633347
6510	-7926.858	-8176.217	249.359	0.8461559	1.681528	0.5330399	7.057552
6516	-7930.399	-8179.751	249.3521	0.8530685	1.681528	0.5330399	7.057552
6522	-7928.249	-8177.194	248.945	0.8434155	1.502492	0.5061231	7.372189
6528	-7933.293	-8180.876	247.5825	0.7554197	1.502492	0.6441684	8.036908
6534	-7932.748	-8181.189	248.4406	0.8223866	1.660003	0.5498397	7.556922
6540	-7951.018	-8199.409	248.3916	0.9134831	1.448042	0.5720933	7.597368
6546	-7936.145	-8184.644	248.4986	0.8702783	1.448042	0.5308173	7.597368
6552	-7932.563	-8180.039	247.4762	0.818702	1.891232	0.5640421	7.983008
6558	-7930.267	-8177.729	247.4626	0.8475453	1.576386	0.5640421	8.085201
6564	-7928.434	-8176.673	248.2387	0.8797368	1.576386	0.6113968	7.616244
6570	-7924.575	-8174.621	250.046	0.873103	1.576386	0.5195578	6.723258
6576	-7927.488	-8176.282	248.7943	0.9066926	1.576386	0.5195578	7.378824
6582	-7927.471	-8176.768	249.2969	0.8117525	1.576386	0.5195578	7.159981
6588	-7934.033	-8182.591	248.558	0.777864	1.698729	0.6196123	7.448572
6594	-7924.834	-8173.378	248.5444	0.7914472	1.698729	0.6196123	7.448572
6600	-7948.897	-8197.019	248.1222	0.835718	1.698729	0.6820101	7.605139
6606	-7940.569	-8189.2	248.6311	0.8494778	1.59088	0.6820101	7.364575
6612	-7941.32	-8189.764	248.444	0.7391149	1.389362	0.6703327	7.612088
6618	-7947.124	-8197.345	250.221	0.8129443	1.136526	0.5176294	6.852427
6624	-7941.11	-8190.293	249.1828	0.840827	1.57273	0.5176294	7.208714
6630	-7931.634	-8180.495	248.8615	0.7678676	1.57273	0.5437989	7.398033
6636	-7921.648	-8170.677	249.0297	0.7658012	1.648319	0.5437989	7.280723
6642	-7915.421	-8164.921	249.5001	0.8201553	1.564292	0.5824146	6.998455
6648	-7915.613	-8165.063	249.4497	0.90082	1.635083	0.5740654	6.96224
6654	-7918.152	-8168.399	250.2472	0.8888766	1.632383	0.5740654	6.539047
6660	-7923.165	-8173.34	250.1751	0.9237942	1.632383	0.5992214	6.539047
6666	-7929.656	-8178.503	248.8471	0.7861484	1.632383	0.5620922	7.358522
6672	-7939.789	-8188.409	248.6207	0.8005892	1.7954	0.5258125	7.444614
6678	-7953.033	-8201.569	248.5361	0.804977	1.70763	0.5258125	7.518207
6684	-7939.149	-8189.615	250.4661	0.825521	1.728665	0.5385708	6.449204
6690	-7926.495	-8175.184	248.6888	0.8283501	1.728665	0.5385708	7.405591
6696	-7927.746	-8177.03	249.2834	0.8399322	1.441896	0.5840945	7.151394
6702	-7938.724	-8187.498	248.7736	0.8399322	1.621117	0.5063445	7.420519
6708	-7933.46	-8183.15	249.6897	0.7943129	1.508838	0.508859	6.993469
6714	-7919.31	-8169.338	250.0282	0.8847613	1.735636	0.5561511	6.636987
6720	-7934.13	-8182.251	248.1211	0.8186506	1.379233	0.5265845	7.858632
6726	-7939.382	-8187.043	247.6613	0.7981485	1.657236	0.7221815	7.858632
6732	-7936.196	-8183.514	247.3181	0.8287311	1.578932	0.4843424	8.239197
6738	-7939.237	-8187.057	247.8197	0.8105984	1.640228	0.5054031	7.940132
6744	-7949.133	-8198.35	249.2173	0.8075944	1.640228	0.5054031	7.193484
6750	-7934.513	-8183.265	248.752	0.7449904	1.664763	0.5658253	7.416747
6756	-7919.539	-8168.284	248.745	0.7518175	1.664763	0.6713242	7.336229
6762	-7909.806	-8158.734	248.9274	0.9190444	1.615183	0.6713242	7.166712
6768	-7915.803	-8165.247	249.4439	0.7511982	1.487604	0.5215297	7.146287
6774	-7926.376	-8175.371	248.9951	0.8384555	1.685161	0.4931859	7.290758
6780	-7934.406	-8183.633	249.2272	0.8618137	1.80783	0.4403945	7.159693
6786	-7930.916	-8180.344	249.4273	0.8955192	1.898051	0.5331969	6.919343
6792	-7932.405	-8182.058	249.6529	0.864533	1.515942	0.5894705	6.905384
6798	-7938.733	-8188.541	249.8072	0.9517605	1.672701	0.5894705	6.715761
6804	-7931.355	-8180.435	249.0793	0.7558685	1.700578	0.505824	7.273137
6810	-7916.591	-8166.149	249.5572	0.8548859	1.509359	0.505824	7.034681
6816	-7913.287	-8163.016	249.7285	0.7774405	1.626001	0.5166166	6.930059
6822	-7917.557	-8167.036	249.4791	0.8995214	1.626001	0.5337776	6.983851
6828	-7923.118	-8173.718	250.5995	0.8915679	1.637777	0.6052385	6.319682
6834	-7940.188	-8191.272	251.0841	0.8779241	1.361809	0.535862	6.230951
6840	-7934.149	-8183.498	249.349	0.8290023	1.809682	0.5532761	7.010113
6846	-7925.134	-8174.687	249.5529	0.8916789	1.961602	0.4233883	6.934218
6852	-7935.135	-8182.751	247.6159	0.7534751	1.961602	0.4956035	7.978587
6858	-7935.838	-8184.862	249.0244	0.9451151	1.844235	0.5068654	7.150246
6864	-7941.808	-8192.733	250.9256	0.9907856	1.844235	0.6428375	5.985737
6870	-7928.037	-8177.261	249.2248	0.8151472	1.768662	0.5582685	7.094403
6876	-7931.446	-8179.087	247.6412	0.8347765	1.915222	0.5163296	7.918441
6882	-7936.154	-8184.232	248.0778	0.7867057	1.769301	0.4432148	7.826274
6888	-7954.101	-8202.344	248.2437	0.7546017	1.752524	0.5347459	7.678287
6894	-7945.773	-8193.384	247.6112	0.7212672	1.893808	0.5366106	7.984724
6900	-7956.223	-8202.913	246.6901	0.7291632	1.953833	0.545985	8.443816
6906	-7937.982	-8186.489	248.5068	0.7618501	1.882784	0.5091874	7.511426
6912	-7943.515	-8192.785	249.2703	0.8451023	1.721166	0.5529173	7.074917
6918	-7943.131	-8191.286	248.1546	0.8563979	1.721166	0.4913653	7.720201
6924	-7949.833	-8198.178	248.3446	0.84762	1.536664	0.4913653	7.6913
6930	-7939.229	-8187.285	248.0556	0.8285659	1.734701	0.6018289	7.6913
6936	-7929.3	-8178.982	249.6818	0.8698423	1.764285	0.5935946	6.791737
6942	-7935.544	-8186.156	250.6111	0.8888189	1.756134	0.5312915	6.332725
6948	-7937.369	-8186.029	248.6596	0.7555158	1.756134	0.4945332	7.488806
6954	-7933.163	-8181.554	248.3909	0.9279071	1.694754	0.5343066	7.527498
6960	-7923.616	-8171.762	248.1462	0.8745906	1.694754	0.5478261	7.675679
6966	-7925.352	-8174.083	248.7313	0.8129695	1.779474	0.5711997	7.34644
6972	-7914.011	-8164.398	250.3871	0.904911	1.779474	0.5569296	6.415674
6978	-7939.669	-8187.494	247.8254	0.844949	1.683302	0.4863956	7.920073
6984	-7930.253	-8178.7	248.4462	0.8321738	1.574449	0.488713	7.633127
6990	-7923.643	-8173.239	249.5962	0.905069	1.574449	0.4870098	6.978285
6996	-7925.501	-8175.962	250.461	0.8759927	1.574449	0.567897	6.457116
7002	-7926.82	-8175.03	248.21	0.7942385	1.574449	0.567897	7.712342
7008	-7931.62	-8179.77	248.1497	0.7823882	1.727112	0.567897	7.695234
7014	-7929.825	-8178.351	248.5256	0.8135005	1.678832	0.6168915	7.456065
7020	-7924.064	-8173.99	249.9258	0.8280807	1.678832	0.6168915	6.694817
7026	-7928.244	-8178.33	250.0863	0.9200631	1.50852	0.5284463	6.694817
7032	-7933.599	-8183.252	249.6534	0.8766469	1.709714	0.5541522	6.854613
7038	-7934.692	-8182.938	248.2457	0.802508	1.616915	0.5541522	7.6841
7044	-7941.528	-8189.397	247.8693	0.7505989	1.604755	0.5203996	7.945784
7050	-7939.216	-8189.134	249.9173	0.9313158	1.626829	0.5289452	6.73422
7056	-7926.385	-8177.187	250.8011	0.9094449	1.810689	0.5289452	6.201243
7062	-7926.274	-8175.439	249.1649	0.8266519	1.688734	0.5289452	7.173316
7068	-7934.163	-8182.767	248.6043	0.8239835	1.802431	0.4244081	7.531762
7074	-7928.263	-8176.255	247.9924	0.7567723	1.641063	0.4330799	7.94317
7080	-7930.407	-8181.018	250.611	0.9616948	1.617936	0.4699555	6.398521
7086	-7933.119	-8181.344	248.2258	0.8203904	1.808045	0.476026	7.685194
7092	-7928.504	-8177.815	249.311	0.8629401	1.757583	0.4482885	7.123772
7098	-7922.545	-8172.403	249.8582	0.8403576	1.757583	0.578581	6.726766
7104	-7924.369	-8174.65	250.2813	0.8505476	1.778532	0.5079917	6.544749
7110	-7938.09	-8187.495	249.4049	0.9083734	1.934898	0.5079917	6.934276
7116	-7935.827	-8185.085	249.2575	0.8636936	1.773099	0.4762997	7.120444
7122	-7934.565	-8183.604	249.0391	0.766279	1.961293	0.6031335	7.120444
7128	-7927.726	-8176.113	248.3869	0.7943864	1.88046	0.5601122	7.515952
7134	-7918.309	-8166.571	248.262	0.8165942	1.54927	0.5620647	7.686868
7140	-7914.955	-8163.692	248.7373	0.893974	1.957036	0.5412226	7.265396
7146	-7915.591	-8165.473	249.8813	0.9289672	1.728737	0.4874459	6.754545
7152	-7927.738	-8179.771	252.0331	0.9735894	1.728737	0.4757966	5.569772
7158	-7921.71	-8170.714	249.0035	0.8671536	1.452248	0.5219534	7.33435
7164	-7930.222	-8179.326	249.1041	0.8133557	1.452248	0.5352888	7.297844
7170	-7926.251	-8173.738	247.4872	0.7568291	1.886096	0.4925571	8.072504
7176	-7924.29	-8170.228	245.9377	0.6902362	1.559916	0.5513807	8.995169
7182	-7948.369	-8199.646	251.2773	0.8955264	1.534043	0.4890728	6.086889
7188	-7937.385	-8187.331	249.9458	0.9276996	1.610369	0.4890728	6.762123
7194	-7930.182	-8179.573	249.3909	0.8408558	1.610369	0.4890728	7.107934
7200	-7935.035	-8185.004	249.9689	0.8481311	1.673017	0.5545508	6.712653
7206	-7945.392	-8195.953	250.5615	0.8912198	1.761044	0.538721	6.350244
7212	-7939.117	-8187.454	248.3366	0.850637	2.033431	0.538721	7.481587
7218	-7937.481	-8185.724	248.2422	0.8733907	2.033431	0.538721	7.519944
7224	-7946.664	-8198.86	252.196	1.01224	1.626005	0.6371687	5.360164
7230	-7937.18	-8186.766	249.586	0.9792386	1.530531	0.6583524	6.821302
7236	-7929.854	-8178.29	248.4361	0.8306424	1.555183	0.5441109	7.598757
7242	-7917.54	-8166.01	248.4703	0.7964616	1.555183	0.5441109	7.598757
7248	-7923.37	-8171.876	248.5058	0.8866598	1.74147	0.5441109	7.463286
7254	-7921.739	-8170.105	248.3666	0.8122568	1.729418	0.5423424	7.583381
7260	-7917.925	-8166.889	248.964	0.8122568	1.523853	0.5423424	7.339272
7266	-7911.338	-8159.383	248.0453	0.8585149	1.746082	0.5302078	7.734897
7272	-7910.796	-8159.888	249.092	0.8086039	1.472676	0.5490035	7.28718
7278	-7931.361	-8180.689	249.3281	0.8399572	1.603584	0.5300736	7.108702
7284	-7935.293	-8184.949	249.6564	0.8521197	1.603584	0.6280681	6.846546
7290	-7939.29	-8189.43	250.1407	0.8222578	1.74503	0.589598	6.579387
7296	-7924.613	-8173.483	248.8696	0.8533935	1.74503	0.5076601	7.315984
7302	-7936.945	-8186.489	249.5434	0.8726841	1.609711	0.5490055	6.956925
7308	-7937.631	-8186.255	248.624	0.825743	1.625718	0.5490055	7.470181
7314	-7932.59	-8180.673	248.0826	0.8961396	1.529175	0.4632853	7.833886
7320	-7931.797	-8180.515	248.718	0.8544743	1.552563	0.4500565	7.5198
7326	-7936.488	-8185.332	248.8442	0.8249643	1.552563	0.3978767	7.5198
7332	-7930.315	-8179.241	248.9252	0.7738222	1.552563	0.4184241	7.482911
7338	-7926.114	-8175.657	249.543	0.8557278	1.88492	0.4184241	6.988873
7344	-7918.563	-8167.407	248.8439	0.8756499	1.88492	0.4184241	7.353913
7350	-7921.755	-8171.642	249.8869	0.882147	1.848432	0.5246271	6.702434
7356	-7917.879	-8167.004	249.1253	0.9073821	1.848432	0.5246271	7.0994
7362	-7916.426	-8164.953	248.5269	0.925405	1.746329	0.5202397	7.449767
7368	-7934.669	-8182.565	247.8964	0.7805154	2.1094	0.5939455	7.686737
7374	-7942.736	-8191.161	248.4244	0.7760873	1.98476	0.5068994	7.517067
7380	-7917.428	-8166.62	249.1919	0.7729598	1.775848	0.5068994	7.176015
7386	-7912.578	-8160.967	248.3892	0.7487722	1.63446	0.5714284	7.615544
7392	-7922.732	-8171.683	248.9511	0.825363	1.797055	0.4504369	7.321626
7398	-7925.197	-8174.238	249.0405	0.8353237	1.540372	0.4936347	7.321626
7404	-7935.786	-8184.735	248.9497	0.8223667	1.415108	0.6218462	7.321626
7410	-7920.924	-8169.315	248.3913	0.8120334	1.770609	0.4553867	7.633095
7416	-7924.721	-8172.866	248.146	0.7606835	1.736322	0.529578	7.737333
7422	-7924.736	-8175.123	250.3862	0.9445317	1.656346	0.6276523	6.382462
7428	-7936.106	-8184.884	248.7782	0.7719413	1.656346	0.5031766	7.444311
7434	-7936.264	-8185.526	249.262	0.8023263	1.784617	0.5512081	7.081607
7440	-7924.491	-8174.528	250.0373	0.8313021	1.784617	0.5512081	6.647898
7446	-7917.284	-8165.02	247.7367	0.7784093	1.883827	0.5192105	7.905306
7452	-7928.185	-8177.37	249.185	0.8764897	1.796326	0.4816445	7.139669
7458	-7927.323	-8177.747	250.4239	0.8741991	1.895044	0.4795299	6.440799
7464	-7931.482	-8181.789	250.3063	0.9193302	1.558476	0.4914694	6.589357
7470	-7933.537	-8183.157	249.6199	0.8301681	1.606739	0.5785823	6.915522
7476	-7942.875	-8191.449	248.5742	0.7354128	1.778998	0.5001081	7.532448
7482	-7961.379	-8211.617	250.2372	0.8831524	1.498759	0.547801	6.620611
7488	-7944.627	-8193.507	248.8793	0.8451203	1.590271	0.547801	7.33708
7494	-7923.954	-8171.192	247.2375	0.8667021	1.516806	0.5253835	8.249695
7500	-7915.037	-8164.379	249.3418	0.9107746	1.796942	0.5253835	6.997884
7506	-7931.79	-8181.142	249.3523	0.8734181	1.527794	0.5253835	7.110658
7512	-7922.936	-8172.629	249.6921	0.833334	1.76293	0.5253835	6.862611
7518	-7925.878	-8175.756	249.8774	0.9111519	1.478443	0.4851809	6.862611
7524	-7918.872	-8168.145	249.2733	0.8132576	1.595289	0.5096959	7.173299
7530	-7923.7	-8173.656	249.9558	0.8721934	1.663321	0.5699711	6.697603
7536	-7920.506	-8170.518	250.0113	0.9124273	1.663321	0.5587888	6.655017
7542	-7924.835	-8175.058	250.2236	0.8550762	1.663321	0.5330321	6.592887
7548	-7919.269	-8168.897	249.6286	0.782675	1.480028	0.5785519	6.985495
7554	-7919.973	-8169.176	249.2029	0.8375646	1.594595	0.6172131	7.110319
7560	-7922.109	-8170.469	248.3604	0.7298353	1.713045	0.5427744	7.636245
7566	-7922.99	-8171.957	248.9671	0.7978805	1.667463	0.5427744	7.290974
7572	-7918.101	-8168.235	250.1334	0.8779054	1.757225	0.5690944	6.565487
7578	-7918.408	-8168.411	250.0024	0.8357036	1.710559	0.5690944	6.675741
7584	-7913.404	-8162.623	249.2189	0.875221	1.672416	0.5371595	7.117053
7590	-7910.048	-8159.439	249.3907	0.8637042	1.745128	0.569058	6.978376
7596	-7919.869	-8169.506	249.637	0.9263718	1.808408	0.4715223	6.874623
7602	-7940.629	-8189.846	249.2167	0.8547678	1.760771	0.4776353	7.150244
7608	-7936.992	-8186.146	249.1541	0.8262054	1.824617	0.5077789	7.150244
7614	-7935.1	-8184.837	249.7364	0.9324985	1.700543	0.4705704	6.856382
7620	-7933.472	-8182.244	248.7723	0.8550741	1.696853	0.5171211	7.376085
7626	-7936.755	-8186.267	249.5122	0.789967	1.625877	0.5404488	7.019428
7632	-7938.68	-8187.822	249.1422	0.8807216	1.625877	0.4949139	7.209124
7638	-7941.154	-8192.61	251.456	0.9415114	1.588858	0.5252216	5.910708
7644	-7927.796	-8176.713	248.9168	0.8145242	1.42403	0.6030166	7.354322
7650	-7913.975	-8164.328	250.3529	0.9511403	1.56987	0.6030166	6.448591
7656	-7916.544	-8165.723	249.1792	0.8463461	1.56987	0.5856067	7.152355
7662	-7915.602	-8165.43	249.8282	0.8165707	1.471605	0.5656239	6.873542
7668	-7919.237	-8168.562	249.3256	0.8110848	1.539123	0.5839423	7.105716
7674	-7929.049	-8179.103	250.0539	0.8830916	1.539123	0.5589961	6.694553
7680	-7936.28	-8186.296	250.0166	0.9420345	1.539123	0.546509	6.693224
7686	-7915.4	-8163.8	248.3997	0.8176268	1.786501	0.546509	7.539477
7692	-7921.576	-8171.325	249.7495	0.9106007	1.691893	0.4666235	6.867913
7698	-7918.321	-8168.068	249.7476	0.7948297	1.691893	0.5379743	6.867913
7704	-7918.722	-8167.61	248.888	0.8309332	1.618475	0.5794608	7.303658
7710	-7921.784	-8169.609	247.825	0.8849045	1.608687	0.4603031	7.950079
7716	-7925.226	-8172.697	247.4708	0.8432245	1.608687	0.4178501	8.202048
7722	-7930.503	-8179.995	249.4921	0.8856693	1.570832	0.4483609	7.082172
7728	-7938.828	-8188.091	249.2632	0.939146	1.644345	0.5739343	7.038707
7734	-7935.023	-8184.822	249.799	0.9681486	1.69639	0.4275649	6.846243
7740	-7936.183	-8184.326	248.1429	0.823356	1.804752	0.5389175	7.673944
7746	-7943.093	-8192.086	248.9926	0.8609444	1.682631	0.6096747	7.184127
7752	-7938.739	-8188.235	249.4956	0.8221092	1.884	0.5995611	6.872536
7758	-7930.285	-8178.58	248.2948	0.759731	1.597227	0.4692537	7.761987
7764	-7929.344	-8177.185	247.8406	0.7658577	1.597227	0.6311048	7.867155
7770	-7941.944	-8189.802	247.8588	0.7952683	1.597227	0.5977576	7.867155
7776	-7932.619	-8182.663	250.0437	0.8617493	1.597227	0.4944553	6.744943
7782	-7931.821	-8181.227	249.4056	0.8721682	1.736772	0.4940932	7.032744
7788	-7927.436	-8176.878	249.4412	0.9371757	1.745233	0.4940932	6.975588
7794	-7931.191	-8181.619	250.4276	0.8917749	1.745233	0.4909015	6.470172
7800	-7930.478	-8179.169	248.6908	0.792874	1.631523	0.4909015	7.499943
7806	-7923.547	-8172.532	248.9852	0.7850261	1.657993	0.5046048	7.324405
7812	-7927.891	-8175.31	247.4192	0.7666273	1.646772	0.5046048	8.175427
7818	-7932.119	-8182.023	249.9039	0.9361085	1.788429	0.5128191	6.694854
7824	-7926.898	-8176.116	249.2182	0.8425294	1.894471	0.5128191	7.079248
7830	-7926.83	-8175.818	248.9882	0.7649004	1.772586	0.5869482	7.224109
7836	-7930.498	-8177.866	247.3685	0.7749923	1.552593	0.5075217	8.23044
7842	-7916.11	-8166.372	250.2624	0.8367784	1.552593	0.4679103	6.681706
7848	-7931.748	-8180.949	249.2016	0.8705202	1.595996	0.5275604	7.16531
7854	-7921.444	-8169.276	247.8325	0.7546549	1.511607	0.5275604	7.992564
7860	-7935.463	-8182.688	247.2248	0.7820403	1.457147	0.5275604	8.323125
7866	-7928.68	-8177.409	248.7287	0.7495193	2.060686	0.5310898	7.323593
7872	-7925.331	-8174.224	248.8936	0.7613522	1.628385	0.5310898	7.374182
7878	-7920.347	-8168.705	248.3576	0.7755961	1.723617	0.5310898	7.619342
7884	-7919.111	-8167.392	248.2812	0.8235522	1.741933	0.5751798	7.591773
7890	-7906.419	-8155.491	249.0712	0.8652703	1.709825	0.5827269	7.15097
7896	-7912.853	-8162.433	249.5805	0.8563914	1.721551	0.5130631	6.935631
7902	-7915.039	-8165.539	250.5003	0.8898505	1.929863	0.5088729	6.352836
7908	-7915.728	-8165.322	249.5946	0.8374509	1.929863	0.4547725	6.920621
7914	-7921.298	-8171.452	250.1535	0.9221978	1.929863	0.4579836	6.569949
7920	-7919.63	-8168.863	249.2323	0.884636	2.315989	0.4579836	6.970674
7926	-7917.01	-8164.977	247.967	0.7734202	1.811487	0.4579836	7.864123
7932	-7924.643	-8172.575	247.9317	0.8245731	1.811487	0.4490352	7.864123
7938	-7943.238	-8193.225	249.9862	0.8645723	1.934104	0.557451	6.60209
7944	-7944.483	-8193.489	249.0056	0.8079488	1.652927	0.6527318	7.183948
7950	-7933.089	-8180.938	247.8483	0.7525953	1.675373	0.5210383	7.929528
7956	-7933.099	-8180.937	247.8378	0.7311927	1.771288	0.5527773	7.886189
7962	-7930.201	-8178.734	248.5335	0.8628354	1.771288	0.5092331	7.480654
7968	-7925.872	-8175.344	249.472	0.8491583	2.072375	0.5260958	6.870831
7974	-7935.819	-8185.658	249.839	0.7984337	1.817818	0.5014884	6.804169
7980	-7938.523	-8189.69	251.1666	0.9228872	1.584402	0.5014884	6.101431
7986	-7919.968	-8169.248	249.2796	0.8572466	1.59529	0.5013328	7.153622
7992	-7926.905	-8175.727	248.8212	0.8083035	1.452324	0.4484483	7.530189
7998	-7928.965	-8176.543	247.5777	0.7191534	1.49351	0.5623416	8.125548
8004	-7928.41	-8175.474	247.0647	0.7809366	1.888711	0.5102172	8.268279
8010	-7928.395	-8177.79	249.3948	0.8305249	1.888711	0.5212594	6.985215
8016	-7923.357	-8171.505	248.1474	0.9172266	1.778123	0.5333977	7.635085
8022	-7914.12	-8163.45	249.3299	0.879265	1.529014	0.5112969	7.1313
8028	-7915.189	-8165.959	250.7701	0.915609	1.479925	0.5933646	6.284502
8034	-7916.956	-8166.097	249.1412	0.8443259	1.759887	0.5141097	7.164129
8040	-7920.135	-8167.81	247.6745	0.7982109	1.417005	0.5931604	8.037923
8046	-7918.698	-8168.479	249.7811	0.8360053	1.417005	0.6634767	6.835216
8052	-7912.798	-8162.261	249.4625	0.777689	1.417005	0.6634767	7.03831
8058	-7913.238	-8162.282	249.0443	0.7513728	1.626161	0.5056094	7.32156
8064	-7921.527	-8170.826	249.2987	0.814586	1.47465	0.5056094	7.209306
8070	-7927.616	-8176.978	249.3619	0.7932529	1.730581	0.6053264	7.008112
8076	-7918.772	-8167.462	248.69	0.8236863	1.526358	0.6053264	7.428414
8082	-7910.627	-8159.527	248.8994	0.7721619	1.554531	0.5695449	7.361201
8088	-7930.412	-8179.575	249.1632	0.7732942	1.689462	0.4606625	7.26376
8094	-7907.129	-8156.097	248.968	0.8481617	1.700566	0.5284012	7.26376
8100	-7922.668	-8170.424	247.7568	0.8456151	1.665629	0.4872668	7.961894
8106	-7916.054	-8163.8	247.7462	0.8216896	1.6062	0.5517311	7.946649
8112	-7928.759	-8178.402	249.643	0.8323531	1.719832	0.5337993	6.89763
8118	-7922.599	-8171.149	248.5501	0.816842	2.02485	0.4510242	7.466308
8124	-7915.554	-8165.268	249.714	0.8587597	2.02485	0.5930284	6.694542
8130	-7916.37	-8164.486	248.116	0.8207407	1.721658	0.5635689	7.698186
8136	-7919.228	-8167.902	248.674	0.8207407	1.560941	0.5304896	7.485924
8142	-7928.541	-8178.718	250.1769	0.8385288	1.560941	0.5280661	6.669761
8148	-7914.684	-8163.787	249.1039	0.7873413	1.972155	0.5280661	7.132048
8154	-7929.931	-8180.579	250.6483	0.8899883	1.638664	0.4090687	6.469177
8160	-7931.019	-8179.741	248.7223	0.8048815	1.789889	0.5508579	7.368638
8166	-7924.759	-8174.085	249.3259	0.799768	1.765548	0.4943073	7.104308
8172	-7932.045	-8180.48	248.4349	0.8162495	1.691743	0.5023137	7.592424
8178	-7925.928	-8174.307	248.3792	0.8305096	1.931163	0.4383512	7.592424
8184	-7915.029	-8162.803	247.7738	0.766914	1.931163	0.5549623	7.846247
8190	-7917.471	-8166.118	248.6462	0.8204736	1.896153	0.605717	7.321488
8196	-7929.441	-8177.558	248.1173	0.7785584	1.856092	0.5337854	7.698641
8202	-7933.011	-8182.994	249.9829	0.853224	1.856092	0.6571455	6.557992
8208	-7943.769	-8191.989	248.2205	0.8384426	1.61219	0.5538436	7.680376
8214	-7932.735	-8181.62	248.8848	0.8800672	1.715024	0.5990533	7.228417
8220	-7931.042	-8178.185	247.1429	0.8000241	1.715024	0.5082049	8.277138
8226	-7921.421	-8169.541	248.1199	0.8047525	1.715024	0.5082049	7.753622
8232	-7937.153	-8184.955	247.8018	0.8406396	1.706619	0.5212808	7.896037
8238	-7930.566	-8180.049	249.4839	0.865649	1.466736	0.563127	7.036563
8244	-7917.289	-8165.305	248.0163	0.8078405	1.85386	0.5245152	7.745635
8250	-7919.093	-8168.69	249.5961	0.8496857	1.662907	0.5309764	6.936486
8256	-7927.835	-8177.031	249.1967	0.7871983	1.697433	0.5309764	7.172541
8262	-7920.035	-8168.536	248.5013	0.8119802	1.612029	0.5180288	7.574528
8268	-7926.729	-8175.218	248.4885	0.7825321	1.612029	0.5447361	7.574528
8274	-7922.993	-8171.787	248.7943	0.7804033	1.522832	0.5192536	7.467375
8280	-7918.417	-8167.086	248.6685	0.8413253	1.810896	0.4087159	7.500953
8286	-7929.581	-8177.809	248.228	0.9008057	1.679663	0.4087159	7.750658
8292	-7943.221	-8192.068	248.8471	0.9443843	1.781233	0.3882719	7.381299
8298	-7937.397	-8185.861	248.4643	0.8489	1.807973	0.5193636	7.503795
8304	-7936.135	-8185.294	249.1593	0.7876016	2.144717	0.5013047	7.072182
8310	-7939.497	-8186.948	247.4503	0.8657952	1.632895	0.5013047	8.113956
8316	-7930.513	-8179.811	249.2984	0.8713661	1.71231	0.5350439	7.063805
8322	-7922.483	-8171.232	248.7487	0.8119212	1.71231	0.5348555	7.391221
8328	-7937.524	-8184.621	247.0974	0.760445	1.71231	0.5103133	8.321525
8334	-7955.257	-8204.272	249.0146	0.7969918	2.03498	0.5001302	7.179432
8340	-7943.455	-8190.713	247.2578	0.7439276	1.398717	0.5921209	8.297088
8346	-7924.489	-8173.437	248.9478	0.8209697	1.714424	0.6071805	7.220197
8352	-7935.681	-8184.842	249.1612	0.8593299	1.656494	0.6399344	7.08086
8358	-7931.124	-8180.842	249.7185	0.8359476	1.638702	0.5618898	6.860931
8364	-7921.757	-8170.121	248.3645	0.856358	1.582952	0.6289527	7.545588
8370	-7933.824	-8182.245	248.4209	0.8882739	1.526391	0.5984607	7.543318
8376	-7938.573	-8188.428	249.8557	0.9762611	1.756107	0.4697889	6.749416
8382	-7928.272	-8175.279	247.0065	0.8510283	1.658997	0.3999253	8.444556
8388	-7926.016	-8172.464	246.4477	0.7191187	1.658997	0.5162709	8.702463
8394	-7920.153	-8168.56	248.4068	0.7976229	1.455774	0.5162709	7.694663
8400	-7929.151	-8178.799	249.6479	0.9345802	1.455774	0.5598244	6.91827
8406	-7946.925	-8196.501	249.5757	0.8503961	1.715089	0.4493005	7.002096
8412	-7927.741	-8175.287	247.5467	0.7226131	1.496021	0.59142	8.116073
8418	-7922.354	-8171.575	249.2208	0.8429126	1.496021	0.5641261	7.177792
8424	-7929.11	-8179.051	249.9413	0.8674183	1.740837	0.5808379	6.671314
8430	-7924.283	-8172.663	248.38	0.8274475	1.60098	0.4959278	7.654658
8436	-7925.223	-8174.057	248.8339	0.725199	1.539721	0.5765185	7.421552
8442	-7924.859	-8172.422	247.5632	0.7879675	1.439189	0.5270395	8.147502
8448	-7930.553	-8179.008	248.4549	0.7724465	1.654598	0.4357508	7.680184
8454	-7931.219	-8179.931	248.7119	0.8346783	1.712102	0.455105	7.470089
8460	-7926.534	-8174.203	247.6689	0.8775284	1.415273	0.5158273	8.062784
8466	-7939.639	-8187.352	247.7137	0.7186557	1.773159	0.4872702	8.014707
8472	-7933.454	-8181.048	247.5939	0.8145169	1.773159	0.5016499	8.014707
8478	-7920.751	-8169.059	248.3082	0.815784	1.725799	0.6017319	7.566219
8484	-7917.968	-8165.756	247.788	0.8112793	1.725799	0.6017319	7.846759
8490	-7925.966	-8175.634	249.6679	0.8808396	1.802687	0.6033192	6.772366
8496	-7941.907	-8191.748	249.8409	0.9432052	1.650654	0.4838778	6.800092
8502	-7934.376	-8182.685	248.3092	0.7891519	1.508295	0.4368892	7.803189
8508	-7924.074	-8173.212	249.1377	0.7987822	1.523036	0.4649888	7.321979
8514	-7920.427	-8168.389	247.9618	0.7673878	1.523036	0.5959605	7.856673
8520	-7917.358	-8166.837	249.4791	0.7902418	1.551054	0.672414	6.962654
8526	-7914.342	-8163.65	249.3084	0.8796096	1.915232	0.4906605	7.02357
8532	-7941.434	-8190.899	249.4656	0.8331734	1.613609	0.5657568	7.004844
8538	-7919.128	-8168.072	248.944	0.8198258	1.625274	0.5657568	7.288123
8544	-7933.953	-8184.003	250.0499	0.9441328	1.625274	0.5468186	6.641015
8550	-7927.907	-8178.548	250.6417	0.8704486	1.594733	0.5468186	6.371911
8556	-7929.214	-8179.388	250.1748	0.9021177	1.328004	0.5654348	6.700496
8562	-7919.496	-8170.335	250.8388	0.9128024	1.511324	0.589455	6.23924
8568	-7916.603	-8166.747	250.1441	0.8697361	1.522539	0.5112701	6.700188
8574	-7918.487	-8167.062	248.5756	0.8450714	1.787784	0.5112701	7.460141
8580	-7911.658	-8160.302	248.644	0.8190677	1.605516	0.561786	7.460033
8586	-7923.012	-8169.938	246.9254	0.7299387	1.605516	0.5400653	8.442524
8592	-7929.258	-8179.129	249.8707	0.9142676	1.699261	0.5400653	6.732609
8598	-7916.048	-8163.11	247.0618	0.7746438	1.699261	0.541878	8.310759
8604	-7919.745	-8168.592	248.8475	0.9365645	1.584501	0.4691419	7.376311
8610	-7916.34	-8165.157	248.8169	0.8052012	1.810296	0.4961937	7.357749
8616	-7916.451	-8164.442	247.9911	0.7657779	1.810296	0.5870951	7.744835
8622	-7922.753	-8173.336	250.5831	0.9043577	1.760922	0.5682208	6.306775
8628	-7921.123	-8171.61	250.4866	0.9635231	2.146363	0.4499843	6.306775
8634	-7912.918	-8161.724	248.806	0.8011823	1.682362	0.5542995	7.360711
8640	-7912.598	-8160.064	247.4659	0.7685334	1.918202	0.5082709	8.053336
8646	-7915.326	-8165.265	249.9391	0.8685306	1.918202	0.6232321	6.578255
8652	-7926.233	-8176.292	250.0593	0.8761169	1.932937	0.531854	6.578255
8658	-7940.223	-8189.651	249.4286	0.9215502	1.578764	0.4842998	7.060447
8664	-7926.656	-8175.525	248.8682	0.8453903	1.814981	0.6219384	7.203549
8670	-7920.858	-8168.503	247.6449	0.7617656	1.613916	0.5412352	8.0385
8676	-7923.449	-8173.073	249.6239	0.8325023	1.57708	0.6718132	6.852278
8682	-7927.432	-8176.704	249.2719	0.8373842	1.647434	0.45888	7.187895
8688	-7931.594	-8180.268	248.674	0.7610628	1.500725	0.5683304	7.50982
8694	-7948.536	-8197.647	249.1111	0.8406119	1.362293	0.5683304	7.289342
8700	-7933.079	-8181.129	248.0503	0.781594	1.37637	0.5683304	7.882809
8706	-7917.334	-8164.588	247.2542	0.7838063	1.4577	0.5720888	8.269684
8712	-7936.662	-8183.411	246.7493	0.6533125	1.427378	0.5720888	8.619551
8718	-7929.696	-8176.44	246.7445	0.7026097	1.492523	0.5720888	8.570011
8724	-7929.784	-8178.381	248.597	0.8117818	1.492523	0.5934119	7.507153
8730	-7938.552	-8187.433	248.8808	0.8688934	1.489774	0.4930557	7.409563
8736	-7932.103	-8182.716	250.6126	0.8469618	1.726037	0.5287638	6.367452
8742	-7921.693	-8170.302	248.6092	0.842732	1.726037	0.526008	7.452112
8748	-7918.586	-8168.806	250.2198	0.7767445	1.729046	0.526008	6.619628
8754	-7924.403	-8173.417	249.0141	0.7826917	1.687791	0.526008	7.280746
8760	-7940.134	-8190.113	249.9791	0.7958719	1.45666	0.5240862	6.844203
8766	-7944.547	-8192.22	247.6728	0.7137929	1.719034	0.5441726	8.008818
8772	-7922.675	-8171.002	248.3266	0.7493885	1.719034	0.5645562	7.623814
8778	-7927.821	-8176.164	248.3423	0.755172	1.719034	0.5505278	7.623814
8784	-7920.478	-8168.83	248.3516	0.752685	1.719034	0.5461033	7.623814
8790	-7922.953	-8171.694	248.7405	0.8380553	1.63129	0.5237457	7.420374
8796	-7926.352	-8175.628	249.2759	0.8655964	1.63129	0.5446635	7.10036
8802	-7921.112	-8171.205	250.093	0.8275435	1.63129	0.5446635	6.680324
8808	-7915.548	-8164.812	249.2637	0.8522684	1.682526	0.5863237	7.061363
8814	-7923.208	-8172.793	249.5853	0.7790029	1.342956	0.5863237	7.061363
8820	-7927.233	-8176.022	248.7886	0.7559682	1.350257	0.5635858	7.516607
8826	-7911.986	-8161.24	249.2545	0.7919399	1.679087	0.507301	7.166068
8832	-7923.089	-8172.123	249.0342	0.8173471	1.639567	0.507301	7.285153
8838	-7924.531	-8174.59	250.0592	0.8247001	1.528441	0.5789777	6.711121
8844	-7919.658	-8167.936	248.2778	0.7876547	1.677228	0.5789777	7.632727
8850	-7915.382	-8165.121	249.7389	0.7881291	1.677228	0.5311473	6.887331
8856	-7929.356	-8178.067	248.7109	0.7850506	1.825449	0.6039814	7.330681
8862	-7927.956	-8175.85	247.8935	0.7727251	1.776475	0.5897041	7.802772
8868	-7923.658	-8172.56	248.9016	0.7727251	1.776475	0.5348318	7.307723
8874	-7925.804	-8173.932	248.1276	0.8176527	1.662211	0.5320037	7.741063
8880	-7938.821	-8188.829	250.0072	0.883038	2.129379	0.5356824	6.537759
8886	-7945.142	-8193.508	248.3661	0.8227339	2.129379	0.4733591	7.508983
8892	-7938.533	-8188.341	249.8082	0.8964127	2.173229	0.4704041	6.683248
8898	-7933.065	-8183.328	250.2623	0.9341166	1.897196	0.4903993	6.48523
8904	-7929.977	-8181.364	251.387	0.9222421	1.897196	0.4903993	5.879821
8910	-7931.174	-8182.209	251.035	0.9486669	1.77504	0.4903993	6.099267
8916	-7945.14	-8196.242	251.1017	0.9890742	1.691833	0.4597613	6.099267
8922	-7932.636	-8182.26	249.6243	0.9379374	1.691833	0.4597613	6.927183
8928	-7932.869	-8182.497	249.6286	0.8947972	1.75061	0.4597613	6.927183
8934	-7929.327	-8179.25	249.9235	0.8774609	1.699716	0.4492041	6.805649
8940	-7928.063	-8177.782	249.7192	0.8740324	1.699716	0.576751	6.805649
8946	-7937.243	-8187.508	250.2655	0.872775	1.699716	0.4832333	6.591479
8952	-7939.644	-8189.374	249.7299	0.9359846	1.705088	0.5564162	6.781101
8958	-7924.494	-8175.401	250.9076	0.8769617	1.705088	0.5091588	6.215655
8964	-7914.302	-8163.704	249.402	0.8486299	1.705088	0.6241291	6.951301
8970	-7925.94	-8174.237	248.2963	0.8585735	1.792325	0.609344	7.520645
8976	-7923.677	-8172.034	248.3562	0.7911198	1.792325	0.4823322	7.630677
8982	-7928.333	-8176.381	248.0484	0.7668963	1.768474	0.5929269	7.72331
8988	-7948.129	-8195.388	247.2589	0.760189	1.768474	0.5165434	8.210792
8994	-7951.047	-8197.804	246.7561	0.7673984	1.652502	0.5491311	8.487856
9000	-7941.768	-8190.813	249.0443	0.7120063	1.698612	0.5812015	7.253014
9006	-7935.444	-8183.937	248.493	0.7360348	1.698612	0.5812015	7.535764
9012	-7927.817	-8176.524	248.7069	0.83396	1.72949	0.5782023	7.360037
9018	-7929.387	-8179.267	249.8798	0.7974527	1.807232	0.456584	6.827614
9024	-7922.706	-8172.521	249.8144	0.8428214	1.618318	0.5753944	6.80202
9030	-7935.052	-8184.938	249.8862	0.9766381	1.656857	0.4295267	6.807034
9036	-7930.123	-8180.166	250.0427	0.8451415	1.613596	0.5292348	6.71771
9042	-7938.904	-8189.162	250.2579	0.8980716	1.63883	0.4834487	6.603941
9048	-7930.712	-8180.72	250.0074	0.931525	1.587684	0.4834487	6.740467
9054	-7936.308	-8186.106	249.7976	0.8497695	1.560585	0.4834487	6.908107
9060	-7918.72	-8168.408	249.688	0.8247054	1.560585	0.5676647	6.908107
9066	-7913.774	-8164.994	251.2199	0.9439593	1.560585	0.501778	6.06986
9072	-7929.4	-8179.035	249.6345	0.8514617	1.795871	0.5034186	6.891668
9078	-7923.522	-8171.614	248.0924	0.877495	1.532719	0.4991998	7.804671
9084	-7919.208	-8169.707	250.4984	0.9135335	1.664626	0.4743103	6.464256
9090	-7928.062	-8178.621	250.5591	0.8620532	1.664626	0.5844034	6.36423
9096	-7931.539	-8180.942	249.4023	0.8266799	1.664626	0.5844034	7.00856
9102	-7926.932	-8176.56	249.6275	0.8943267	1.482153	0.4811363	7.00856
9108	-7924.06	-8173.572	249.5126	0.8716782	1.375846	0.527583	7.085064
9114	-7932.297	-8181.591	249.2932	0.8576086	1.758235	0.5035941	7.085064
9120	-7925.175	-8173.878	248.703	0.8679189	1.898957	0.5778581	7.286587
9126	-7920.087	-8168.57	248.4832	0.8189081	1.691747	0.4753833	7.589398
9132	-7921.253	-8170.014	248.7603	0.8203586	1.820673	0.4753833	7.395268
9138	-7928.879	-8178.568	249.6884	0.8386876	1.563382	0.5962227	6.876392
9144	-7925.074	-8174.75	249.6761	0.9174764	1.835205	0.5224536	6.803548
9150	-7934.265	-8184.511	250.2458	0.8510037	1.675814	0.4787602	6.626654
9156	-7931.03	-8179.866	248.8366	0.8510037	1.582969	0.5831482	7.330853
9162	-7933.736	-8181.6	247.8633	0.7921909	1.708333	0.5831482	7.837451
9168	-7934.346	-8183.482	249.1359	0.7953755	1.477503	0.4680449	7.339857
9174	-7932.467	-8180.966	248.4996	0.7581295	1.780011	0.4315511	7.623686
9180	-7927.941	-8176.099	248.1578	0.7581295	1.515133	0.4391442	7.895765
9186	-7931.159	-8179.369	248.2093	0.7998357	1.623124	0.4327834	7.811229
9192	-7932.718	-8182.308	249.5907	0.8534259	1.623124	0.5520516	6.934294
9198	-7938.303	-8189.214	250.9102	0.9162348	1.454734	0.5248523	6.275178
9204	-7944.296	-8193.225	248.9284	0.8348445	1.781396	0.5248523	7.266798
9210	-7937.157	-8186.004	248.8474	0.8541313	1.850187	0.5363264	7.266798
9216	-7940.819	-8191.058	250.2382	0.9696552	1.850187	0.5214485	6.467173
9222	-7921.084	-8169.981	248.8967	0.818421	1.802055	0.5110623	7.297506
9228	-7927.451	-8177.285	249.8346	0.8595386	1.548423	0.5009255	6.871794
9234	-7918.855	-8168.381	249.5254	0.8340865	1.660091	0.5873911	6.937551
9240	-7910.015	-8158.425	248.4102	0.7792128	1.633021	0.5873911	7.575839
9246	-7921.578	-8170.357	248.7792	0.9041122	1.679708	0.5873911	7.29403
9252	-7926.037	-8173.661	247.6246	0.7823372	1.679708	0.5207591	8.031705
9258	-7926.62	-8175.851	249.2316	0.8803075	1.816037	0.4877506	7.100238
9264	-7929.105	-8178.767	249.6621	0.807165	1.816037	0.6295419	6.790492
9270	-7925.121	-8173.226	248.1049	0.8147225	1.611794	0.5013883	7.799658
9276	-7923.462	-8171.126	247.6642	0.7777379	1.652404	0.5293645	8.015568
9282	-7928.356	-8176.952	248.5965	0.8328764	1.652404	0.4864372	7.525394
9288	-7928.546	-8177.972	249.426	0.828766	1.652404	0.5883807	6.995983
9294	-7924.351	-8173.822	249.4702	0.8322081	1.6465	0.4493497	7.093439
9300	-7921.255	-8170.373	249.1179	0.8299781	1.758993	0.5314019	7.169803
9306	-7917.676	-8167.285	249.6089	0.8130949	1.758993	0.5314019	6.914607
9312	-7924.302	-8172.852	248.5498	0.7655125	1.689988	0.5137126	7.548714
9318	-7937.879	-8187.183	249.3042	0.8569936	1.596049	0.5137126	7.129363
9324	-7936.137	-8185.13	248.9936	0.8616284	1.596049	0.4722448	7.330913
9330	-7940.872	-8189.543	248.671	0.8957289	1.624462	0.5430185	7.412934
9336	-7931.475	-8180.714	249.2388	0.8587892	1.628847	0.5430185	7.126238
9342	-7935.209	-8183.981	248.7723	0.8448186	1.778033	0.5318318	7.340454
9348	-7931.176	-8178.942	247.7651	0.7268596	1.778033	0.507909	7.962965
9354	-7938.668	-8184.991	246.3223	0.7932567	1.778033	0.507909	8.695164
9360	-7932.888	-8180.756	247.8681	0.7579442	1.684295	0.6010671	7.847695
9366	-7952.838	-8200.653	247.8149	0.7426821	1.684295	0.6495989	7.847695
9372	-7949.443	-8200.109	250.6661	0.9477375	1.747878	0.4367696	6.360693
9378	-7930.58	-8180.336	249.7555	0.8493518	1.387905	0.4983435	6.986867
9384	-7925.505	-8175.342	249.8364	0.8325241	1.686907	0.5305183	6.807832
9390	-7936.624	-8186.347	249.723	0.788692	1.548315	0.4707369	6.997618
9396	-7928.837	-8176.274	247.4372	0.8117552	1.569965	0.556893	8.126041
9402	-7927.311	-8175.015	247.7034	0.7791305	1.502068	0.5718859	8.015519
9408	-7934.185	-8182.314	248.1287	0.8788328	1.860093	0.5450763	7.628117
9414	-7934.803	-8183.884	249.0809	0.7941937	1.691455	0.5165615	7.245576
9420	-7932.905	-8182.886	249.9816	0.8930919	1.880882	0.5577251	6.606472
9426	-7924.265	-8173.924	249.6585	0.8642055	1.737862	0.4636394	6.928413
9432	-7935.609	-8186.405	250.7969	0.9040437	1.646747	0.6188534	6.191692
9438	-7946.879	-8196.77	249.8906	0.8555678	1.691744	0.5547686	6.743929
9444	-7934.947	-8185.492	250.5455	0.9393369	1.751779	0.5547686	6.322559
9450	-7934.937	-8184.138	249.2012	0.859854	1.877686	0.5099121	7.087136
9456	-7935.016	-8184.188	249.1723	0.8383431	1.744938	0.6081905	7.078643
9462	-7921.598	-8170.768	249.1702	0.8383431	1.744938	0.5128707	7.158099
9468	-7915.499	-8165.145	249.6459	0.8668874	1.712371	0.4037973	7.001614
9474	-7918.686	-8165.396	246.7099	0.721841	1.733328	0.5140689	8.537411
9480	-7913.513	-8162.837	249.3241	0.7970491	1.529686	0.4983453	7.189815
9486	-7918.809	-8167.981	249.1722	0.8284708	1.642829	0.5703909	7.150625
9492	-7921.353	-8170.515	249.1624	0.8608575	1.756105	0.5078682	7.150625
9498	-7938.847	-8187.972	249.125	0.890197	1.865661	0.5078682	7.117602
9504	-7925.658	-8174.837	249.1788	0.8364446	1.865661	0.5078682	7.117602
9510	-7942.086	-8191.283	249.1964	0.7848448	1.247489	0.4869848	7.393394
9516	-7939.866	-8188.174	248.3075	0.785869	1.266448	0.6416041	7.734077
9522	-7945.3	-8194.906	249.6063	0.7958268	1.536033	0.5917858	6.957842
9528	-7940.905	-8191.956	251.0506	0.9435185	1.741396	0.6458537	5.976902
9534	-7928.716	-8178.248	249.5324	0.872532	1.741396	0.6458537	6.838903
9540	-7925.905	-8176.652	250.7469	0.8578885	1.598101	0.5339651	6.331302
9546	-7924.088	-8175.479	251.3914	0.9521718	1.598101	0.5339651	5.929093
9552	-7924.292	-8173.988	249.6955	0.8389442	1.684357	0.5062054	6.902443
9558	-7919.02	-8168.515	249.4949	0.8320741	1.684357	0.535955	6.98846
9564	-7925.925	-8175.776	249.8511	0.7889446	1.526964	0.535955	6.878888
9570	-7922.036	-8172.445	250.4087	0.9211365	1.464128	0.5134347	6.550655
9576	-7930.964	-8180.927	249.964	0.8027663	1.657324	0.5093034	6.784228
9582	-7938.047	-8184.295	246.2486	0.7779165	1.593569	0.5812582	8.747423
9588	-7933.709	-8182.515	248.8063	0.8372066	1.493353	0.5561975	7.410904
9594	-7953.495	-8202.839	249.3435	0.8058252	2.042077	0.408031	7.083311
9600	-7939.775	-8187.108	247.3335	0.8164396	1.716772	0.4543298	8.215052
9606	-7926.538	-8175.166	248.6281	0.7959005	1.718344	0.5103281	7.483361
9612	-7940.886	-8190.002	249.1164	0.8965873	1.741435	0.545877	7.128725
9618	-7931.749	-8180.166	248.4167	0.7693554	1.618748	0.5793616	7.589273
9624	-7927.752	-8176.286	248.5344	0.7516324	1.748648	0.5698305	7.496665
9630	-7916.794	-8166.138	249.3448	0.8102862	1.70623	0.6532024	6.980612
9636	-7924.954	-8174.676	249.722	0.8102862	1.585151	0.5191641	6.928974
9642	-7922.351	-8171.912	249.5606	0.9246486	1.63312	0.5191641	6.93637
9648	-7913.299	-8161.967	248.6681	0.7982511	1.771516	0.4883195	7.461604
9654	-7907.664	-8156.596	248.9329	0.8003389	1.749946	0.5848141	7.244306
9660	-7917.159	-8166.264	249.1051	0.9504003	1.503024	0.4502969	7.279766
9666	-7909.31	-8158.793	249.4833	0.8699884	1.738223	0.5164036	6.971833
9672	-7908.804	-8157.74	248.9363	0.8097906	1.738223	0.5164036	7.298359
9678	-7914.174	-8163.073	248.8991	0.8623375	1.561766	0.537465	7.336713
9684	-7919.253	-8167.652	248.3993	0.7924752	1.721831	0.5532925	7.570087
9690	-7913.511	-8161.447	247.9365	0.6780728	1.396854	0.6034936	7.96253
9696	-7923.397	-8172.218	248.8204	0.8838801	1.44654	0.5986991	7.363006
9702	-7923.667	-8170.587	246.92	0.6587539	1.383646	0.5986991	8.523084
9708	-7926.043	-8173.709	247.6656	0.7569528	1.383646	0.5986991	8.074116
9714	-7933.642	-8181.14	247.4979	0.8345518	1.524143	0.4277031	8.214437
9720	-7929.531	-8178.753	249.2218	0.8693194	1.593065	0.4277031	7.247944
9726	-7920.419	-8168.589	248.1701	0.7979967	1.57032	0.5759578	7.726707
9732	-7926.355	-8175.366	249.0113	0.8013037	1.632984	0.5659919	7.258848
9738	-7941.785	-8190.849	249.0643	0.7643883	1.611762	0.4901093	7.322984
9744	-7938.463	-8187.955	249.4921	0.8190098	1.824414	0.4684046	7.007964
9750	-7932.29	-8180.093	247.8029	0.7453599	1.824414	0.5267356	7.90096
9756	-7919.645	-8168.215	248.5698	0.7703228	1.533214	0.5693522	7.547187
9762	-7925.351	-8173.929	248.5774	0.7735263	1.533214	0.5622564	7.547187
9768	-7930.677	-8179.17	248.4927	0.8352922	1.481144	0.6291945	7.527435
9774	-7925.744	-8174.223	248.4796	0.8073407	1.583776	0.6250823	7.51281
9780	-7925.046	-8174.446	249.4004	0.8811133	1.583776	0.552229	7.036502
9786	-7930.05	-8179.355	249.305	0.8013944	1.723089	0.60604	7.036502
9792	-7936.126	-8185.021	248.8945	0.7885998	1.723089	0.5581373	7.302251
9798	-7939.98	-8188.794	248.8142	0.8429446	1.820584	0.5343651	7.302251
9804	-7923.993	-8172.396	248.4026	0.783426	1.796955	0.5576319	7.543462
9810	-7917.567	-8167.576	250.0086	0.8474503	1.576905	0.602644	6.688617
9816	-7921.177	-8170.832	249.6555	0.9164433	1.626468	0.5293498	6.883307
9822	-7928.369	-8177.733	249.3645	0.9286216	1.626468	0.5764841	6.994425
9828	-7927.903	-8176.546	248.644	0.8110183	1.626468	0.592676	7.431814
9834	-7931.993	-8180.613	248.6201	0.843514	1.677844	0.5634391	7.431814
9840	-7921.314	-8169.924	248.6103	0.7780339	1.720682	0.542863	7.473862
9846	-7917.102	-8165.601	248.499	0.7520501	1.720682	0.53978	7.549966
9852	-7926.254	-8174.046	247.7913	0.7697144	1.568306	0.5756331	7.945184
9858	-7930.679	-8178.492	247.8135	0.7180045	1.733005	0.5049952	7.960029
9864	-7928.054	-8175.949	247.895	0.7412227	1.733005	0.5222312	7.889197
9870	-7931.019	-8179.715	248.6958	0.8638478	1.733005	0.5222312	7.39515
9876	-7944.359	-8193.582	249.223	0.8853054	1.733005	0.5222312	7.100519
9882	-7939.404	-8188.293	248.8895	0.917757	1.733005	0.4267169	7.350342
9888	-7937.222	-8184.408	247.1861	0.899938	1.733005	0.4707927	8.228065
9894	-7937.21	-8187.111	249.9003	0.87064	1.896993	0.5579316	6.657065
9900	-7932.444	-8181.53	249.0868	0.8654119	1.819738	0.5539229	7.127641
9906	-7943.542	-8191.766	248.2243	0.7858087	1.644987	0.5266156	7.717223
9912	-7929.741	-8177.442	247.7015	0.733007	1.825349	0.5259902	7.96196
9918	-7930.276	-8177.861	247.5857	0.8097384	1.825349	0.5127238	7.994202
9924	-7929.474	-8177.745	248.2709	0.8232788	1.825349	0.5068564	7.626061
9930	-7941.287	-8190.495	249.2082	0.8127288	1.827725	0.521724	7.115201
9936	-7929.964	-8178.693	248.7297	0.8789268	1.827725	0.521724	7.336692
9942	-7934.227	-8182.984	248.757	0.8091853	1.814415	0.5540677	7.336692
9948	-7923.521	-8171.587	248.0665	0.8599701	1.814415	0.5540677	7.679348
9954	-7920.976	-8168.81	247.8343	0.779682	1.814415	0.546733	7.852433
9960	-7927.494	-8176.471	248.9771	0.816953	1.53574	0.5916294	7.285076
9966	-7927.754	-8176.31	248.5561	0.7971691	1.53574	0.5618715	7.545223
9972	-7929.579	-8176.111	246.5319	0.7625199	1.761306	0.5358531	8.582156
9978	-7935.068	-8180.936	245.8673	0.8310686	1.957114	0.4600265	8.900448
9984	-7931.166	-8180.048	248.8821	0.9249159	2.17438	0.4600265	7.176308
9990	-7924.425	-8173.793	249.3682	0.9249159	1.824028	0.4440468	7.04087
9996	-7930.437	-8178.795	248.3579	0.8649228	1.907187	0.5096358	7.527614
10002	-7934.081	-8183.401	249.3195	0.8424205	1.51976	0.5096358	7.161767
10008	-7927.15	-8175.674	248.5244	0.7858919	1.609988	0.5096358	7.584212
10014	-7925.338	-8173.225	247.8866	0.7612269	1.528296	0.4882139	7.988066
10020	-7931.778	-8179.783	248.0055	0.8082097	1.473619	0.6111183	7.819236
10026	-7925.443	-8173.284	247.8408	0.8399903	1.660825	0.6110279	7.819236
10032	-7913.37	-8163.07	249.6999	0.8522436	1.660825	0.570806	6.846759
10038	-7915.322	-8164.62	249.2975	0.9037993	1.638713	0.4733386	7.128121
10044	-7925.512	-8175.364	249.8526	0.9902608	1.718519	0.4605336	6.765519
10050	-7925.785	-8175.013	249.2284	0.8913038	1.41665	0.5156728	7.220551
10056	-7929.217	-8179.97	250.7529	0.8913038	1.66381	0.5156728	6.301219
10062	-7920.04	-8169.51	249.4702	0.8490122	1.66381	0.5082082	7.024058
10068	-7933.518	-8182.948	249.4304	0.9141787	1.78806	0.5007005	6.973002
10074	-7927.332	-8174.986	247.6538	0.7671414	1.689877	0.5653931	7.98344
10080	-7914.462	-8163.655	249.1926	0.7581636	1.689877	0.5219023	7.200838
10086	-7925.21	-8175.138	249.928	0.8233797	1.807257	0.566536	6.690777
10092	-7929.778	-8179.821	250.0423	0.9038329	1.929955	0.512792	6.589968
10098	-7927.457	-8177.602	250.1457	0.8101713	1.584664	0.512792	6.706147
10104	-7925.042	-8174.165	249.1233	0.7694037	1.584664	0.6694442	7.15464
10110	-7924.203	-8171.973	247.7699	0.81411	1.584664	0.5355795	7.959521
10116	-7933.638	-8181.105	247.4662	0.7744427	1.584664	0.479404	8.191561
10122	-7931.516	-8179.8	248.2834	0.8177049	1.664889	0.5367215	7.65277
10128	-7923.861	-8174.621	250.7597	0.9066261	1.641555	0.5297784	6.285123
10134	-7930.063	-8178.096	248.0337	0.8502268	1.500422	0.5203893	7.844663
10140	-7928.101	-8177.796	249.6947	0.8961451	1.651585	0.5379789	6.85648
10146	-7918.32	-8169.341	251.0213	0.862155	1.569637	0.4872479	6.232124
10152	-7926.371	-8176.814	250.4431	0.9144006	1.677515	0.6663841	6.331216
10158	-7927.515	-8178.809	251.2939	1.023033	1.677515	0.6663841	5.808437
10164	-7926.233	-8176.023	249.7901	0.8269819	1.792521	0.5653872	6.769301
10170	-7918.845	-8168.51	249.6644	0.8535802	1.792521	0.6334839	6.769301
10176	-7904.379	-8152.984	248.6059	0.8829426	1.792521	0.4506054	7.477234
10182	-7909.984	-8160.401	250.4167	0.9005029	1.560543	0.5658707	6.474863
10188	-7914.361	-8164.536	250.1753	0.8894995	1.560543	0.658901	6.539282
10194	-7930.602	-8179.489	248.8873	0.8236551	1.8311	0.658901	7.171933
10200	-7921.538	-8170.627	249.0895	0.7588206	1.823761	0.5663809	7.171933
10206	-7939.753	-8187.697	247.9438	0.8334344	1.49806	0.6173107	7.824334
10212	-7945.684	-8192.974	247.2903	0.7147107	1.771671	0.5427314	8.195014
10218	-7927.847	-8176.028	248.1812	0.7192333	1.771671	0.5427314	7.717272
10224	-7935.053	-8184.087	249.034	0.7705397	1.294095	0.5418358	7.419624
10230	-7935.369	-8184.81	249.4416	0.8119417	1.771671	0.4822634	7.044266
10236	-7927.427	-8177.8	250.3729	0.8802084	1.740327	0.5047376	6.495382
10242	-7913.484	-8163.546	250.0617	0.8649871	1.809306	0.5411724	6.616369
10248	-7922.411	-8171.3	248.8897	0.7628395	1.755595	0.4631068	7.390449
10254	-7929.625	-8179.217	249.5919	0.8762335	1.956338	0.4961703	6.854394
10260	-7933.607	-8183.607	249.9993	0.8915945	1.587975	0.5718883	6.690101
10266	-7934.458	-8183.93	249.4723	0.8941486	1.587975	0.6297774	6.927742
10272	-7930.664	-8180.086	249.4214	0.8880379	1.962698	0.5053514	6.92972
10278	-7928.633	-8177.062	248.4288	0.9167396	1.962698	0.4869947	7.464047
10284	-7927.729	-8177.52	249.7912	0.8864782	1.718877	0.5417864	6.782044
10290	-7934.126	-8184.322	250.1961	0.9413219	1.848777	0.5201604	6.506941
10296	-7928.334	-8176.314	247.9801	0.7766403	1.822196	0.5201604	7.795989
10302	-7926.295	-8175.563	249.2681	0.838996	1.553239	0.5492865	7.144397
10308	-7920.209	-8169.638	249.4291	0.8858387	1.963335	0.4534391	6.974164
10314	-7925.457	-8175.389	249.9323	0.8827011	1.789513	0.4534391	6.762367
10320	-7924.638	-8174.402	249.7636	0.8398907	1.789513	0.5081315	6.826338
10326	-7926.287	-8176.372	250.0845	0.9589863	1.563491	0.5081315	6.671017
10332	-7925.011	-8174.188	249.1763	0.9555122	1.563491	0.4737969	7.193286
10338	-7923.824	-8173.433	249.6086	0.8812103	1.563491	0.5439824	6.93892
10344	-7919.345	-8169.259	249.9136	0.8917101	1.682027	0.5705716	6.70254
10350	-7919.146	-8169.139	249.9928	0.8153566	1.682027	0.5244195	6.739698
10356	-7931.195	-8181.192	249.9977	0.8136892	1.579532	0.5677272	6.739698
10362	-7928.824	-8178.729	249.9046	0.8019664	1.593553	0.5677272	6.790956
10368	-7931.959	-8181.926	249.9669	0.9169751	1.365401	0.5442585	6.806173
10374	-7912.691	-8162.506	249.815	0.8587728	1.644108	0.5478913	6.806173
10380	-7918.008	-8166.403	248.3947	0.856552	1.555408	0.4865394	7.656854
10386	-7919.069	-8168.301	249.2325	0.894044	1.346289	0.5107343	7.250781
10392	-7924.847	-8173.682	248.8352	0.8025766	1.346289	0.5107343	7.512909
10398	-7929.746	-8177.662	247.9158	0.802187	1.708677	0.5829394	7.804144
10404	-7934.864	-8183.472	248.6081	0.8386094	1.708677	0.5156561	7.47001
10410	-7927.932	-8177.576	249.6439	0.8727359	1.708677	0.5440741	6.870638
10416	-7937.517	-8186.602	249.0858	0.8846553	1.50582	0.4586658	7.316394
10422	-7933.95	-8184.34	250.3897	0.8854953	1.27815	0.4611613	6.707047
10428	-7928.268	-8179.071	250.803	0.943046	1.591484	0.4611613	6.32277
10434	-7936.441	-8184.851	248.41	0.7752332	1.651082	0.4611613	7.679762
10440	-7932.318	-8181.91	249.5923	0.8072988	1.496935	0.6801016	6.908082
10446	-7915.071	-8163.489	248.418	0.7868675	1.640948	0.5536737	7.591857
10452	-7924.709	-8173.894	249.1855	0.8181226	1.640948	0.6163704	7.11349
10458	-7927.227	-8175.772	248.5446	0.7953832	1.426522	0.7323195	7.469567
10464	-7933.605	-8183.213	249.6082	0.8668299	1.523976	0.5390796	6.966293
10470	-7938.245	-8189.253	251.0083	0.9047184	1.43899	0.5937029	6.177352
10476	-7932.005	-8181.541	249.5358	0.8469942	1.560105	0.6546759	6.910975
10482	-7927.113	-8175.035	247.9225	0.7592553	1.617066	0.5686579	7.868083
10488	-7923.661	-8171.722	248.0606	0.672425	1.397617	0.5742246	7.922015
10494	-7915.528	-8163.58	248.0523	0.7341001	1.397617	0.5394146	7.922015
10500	-7908.402	-8158.051	249.6489	0.8311087	1.397617	0.5394146	7.014384
10506	-7913.908	-8163.103	249.1953	0.8436096	1.80741	0.483579	7.146224
10512	-7915.759	-8165.409	249.6497	0.9038049	1.728184	0.5863559	6.809233
10518	-7924.381	-8173.75	249.3694	0.7469938	1.808836	0.5567317	7.040718
10524	-7931.138	-8179.666	248.5275	0.7705132	1.776997	0.498865	7.540441
10530	-7941.171	-8190.239	249.0681	0.903694	1.762234	0.5487208	7.141205
10536	-7931.405	-8179.704	248.2988	0.7721575	1.762234	0.532329	7.638099
10542	-7941.98	-8193.015	251.0349	0.9061181	2.155445	0.5326413	5.961386
10548	-7928.208	-8179.054	250.8463	0.963405	1.767128	0.4843552	6.202228
10554	-7922.61	-8173.587	250.9771	0.9811564	1.847472	0.5744471	6.015535
10560	-7939.919	-8188.781	248.8615	0.849843	1.844042	0.577733	7.229505
10566	-7940.833	-8190.632	249.7984	0.8058942	1.693115	0.5659736	6.810796
10572	-7953.83	-8203.165	249.3351	0.8459368	1.828765	0.5982244	6.965724
10578	-7958.764	-8208.789	250.0245	0.7700662	1.688018	0.5794491	6.698985
10584	-7939.898	-8187.592	247.6934	0.8198626	1.861	0.4658863	7.96138
10590	-7927.629	-8175.356	247.7271	0.8554499	1.804252	0.4468304	7.96138
10596	-7931.322	-8180.679	249.3573	0.8930967	1.8879	0.6397236	6.876763
10602	-7931.431	-8181.559	250.1284	0.8000134	1.585081	0.6783647	6.589535
10608	-7924.494	-8174.291	249.7977	0.8350197	1.585081	0.6339214	6.782115
10614	-7931.298	-8180.063	248.7652	0.7306922	1.403326	0.6562805	7.448961
10620	-7928.806	-8178.928	250.1222	0.8934739	1.754977	0.513298	6.611165
10626	-7918.673	-8168.925	250.2516	0.8490623	1.628012	0.5619394	6.569736
10632	-7926.372	-8176.491	250.119	0.9426471	1.758079	0.5747446	6.533315
10638	-7928.211	-8177.494	249.2829	0.86423	1.758079	0.5167484	7.075591
10644	-7933.009	-8182.307	249.2978	0.8798688	1.758079	0.4967233	7.076796
10650	-7949.408	-8198.672	249.2638	0.7788635	1.993953	0.5525729	7.022983
10656	-7953.67	-8202.094	248.4241	0.7531025	2.014307	0.5457474	7.487023
10662	-7936.904	-8186.227	249.3234	0.8451001	1.674586	0.5389091	7.074787
10668	-7937.059	-8186.864	249.8058	0.8605854	1.698005	0.5389091	6.798076
10674	-7921.636	-8170.093	248.4578	0.8170079	1.79705	0.5631459	7.491381
10680	-7927.211	-8175.324	248.113	0.8636879	1.901619	0.4825114	7.68526
10686	-7941.384	-8188.978	247.5943	0.709154	1.620866	0.5086803	8.118683
10692	-7925.867	-8174.845	248.9775	0.7582353	1.637165	0.6535414	7.230955
10698	-7923.935	-8173.081	249.1454	0.7748521	1.719723	0.4941441	7.230955
10704	-7924.343	-8173.565	249.2225	0.8503748	1.719012	0.4941441	7.14922
10710	-7934.015	-8183.634	249.6192	0.8323481	1.819394	0.5255943	6.882838
10716	-7946.676	-8196.167	249.4906	0.8415175	1.819394	0.5664869	6.912941
10722	-7935.676	-8184.09	248.4142	0.7666317	2.102015	0.5136172	7.485492
10728	-7938.813	-8187.081	248.2679	0.7523999	1.75185	0.5136172	7.684851
10734	-7939.146	-8184.703	245.5561	0.7602298	1.674311	0.5092273	9.153517
10740	-7946.018	-8194.014	247.996	0.8501387	1.669411	0.5152591	7.805724
10746	-7933.994	-8182.364	248.3695	0.8197164	1.835785	0.5309039	7.550903
10752	-7925.989	-8175.384	249.3955	0.8836713	1.674303	0.5891888	6.974185
10758	-7931.129	-8180.567	249.4382	0.8832349	1.936814	0.5891888	6.861358
10764	-7923.109	-8172.102	248.9935	0.8201967	1.592444	0.60097	7.24553
10770	-7920.51	-8169.799	249.2891	0.7757732	1.916228	0.5428084	7.044182
10776	-7929.012	-8178.453	249.4403	0.9045168	1.701213	0.6095264	6.913159
10782	-7923.547	-8173.12	249.5734	0.8586899	1.649877	0.6355745	6.864893
10788	-7928.455	-8178.705	250.25	0.9037028	1.758909	0.5571236	6.497643
10794	-7921.523	-8170.826	249.3026	0.8679064	1.758909	0.4895821	7.086774
10800	-7939.197	-8188.268	249.0716	0.9290145	1.705764	0.4895821	7.19689
10806	-7937.013	-8187.427	250.4145	0.9796074	1.565818	0.6220607	6.386493
10812	-7937.112	-8186.692	249.5795	0.816119	1.694701	0.4992034	6.979705
10818	-7938.231	-8187.254	249.023	0.8093726	1.694701	0.4992034	7.282588
10824	-7938.532	-8187.854	249.3219	0.7695478	1.360345	0.6012515	7.188931
10830	-7940.796	-8189.177	248.3809	0.7276745	1.544235	0.5824393	7.656373
10836	-7932.447	-8180.758	248.311	0.8087675	1.6179	0.5824393	7.622595
10842	-7933.475	-8181.457	247.982	0.7435891	1.635885	0.4757474	7.917406
10848	-7924.319	-8172.386	248.0667	0.7830068	1.635885	0.5636574	7.775487
10854	-7912.222	-8159.719	247.4968	0.7921863	1.635885	0.6147666	8.034593
10860	-7912.94	-8162.146	249.2054	0.7714594	1.635885	0.5378223	7.192929
10866	-7912.188	-8161.329	249.1413	0.8495512	1.504244	0.5378223	7.23553
10872	-7918.852	-8167.884	249.0313	0.8380241	1.543348	0.5994521	7.23553
10878	-7919.849	-8171.223	251.3741	0.8911601	1.381072	0.5501329	6.045517
10884	-7925.902	-8177.224	251.3224	0.9308566	1.409227	0.5406329	6.048219
10890	-7918.28	-8167.528	249.2474	0.8662321	1.746089	0.5406329	7.077341
10896	-7909.054	-8157.947	248.893	0.8348516	1.746089	0.5723852	7.258508
10902	-7919.07	-8167.954	248.8837	0.7876252	1.703508	0.5601781	7.313862
10908	-7913.282	-8162.181	248.8988	0.8307178	1.710671	0.4911368	7.339269
10914	-7912.163	-8161.434	249.2714	0.8239725	1.726831	0.5228773	7.109068
10920	-7931.148	-8181.749	250.6014	0.9017461	1.718896	0.4814932	6.388525
10926	-7914.343	-8163.59	249.2469	0.8374067	1.718896	0.5482067	7.096402
10932	-7907.007	-8155.811	248.8035	0.8241272	1.808097	0.5126529	7.340979
10938	-7919.204	-8166.791	247.5875	0.7530997	1.808097	0.4680492	8.069203
10944	-7926.965	-8174.756	247.7914	0.7841754	1.765702	0.4376646	7.987083
10950	-7926.697	-8176.282	249.5856	0.8580683	1.518927	0.5672845	6.961784
10956	-7930.33	-8179.273	248.9424	0.8511559	1.518927	0.5631479	7.314687
10962	-7928.174	-8176.749	248.5758	0.8179228	1.518927	0.5757432	7.518874
10968	-7925.174	-8175.205	250.0308	0.8287408	1.518927	0.5183308	6.778759
10974	-7940.033	-8189.016	248.9834	0.8000702	1.771983	0.5183308	7.264832
10980	-7937.405	-8186.908	249.5034	0.8738848	1.538209	0.4420128	7.101092
10986	-7924.231	-8174.319	250.0881	0.8545062	1.804758	0.5291477	6.619611
10992	-7920.7	-8170.917	250.2163	0.8504204	1.673014	0.4758227	6.646664
10998	-7940.866	-8190.216	249.3503	0.8080848	1.673014	0.5624439	7.061262
11004	-7929.447	-8178.027	248.5799	0.8008713	1.824553	0.5861312	7.406754
11010	-7923.528	-8171.244	247.7167	0.7933148	1.720104	0.5317395	7.953009
11016	-7923.384	-8171.747	248.3623	0.835715	1.540616	0.6069179	7.590761
11022	-7912.741	-8162.365	249.6237	0.8690884	1.7491	0.5344977	6.877293
11028	-7929.481	-8179.726	250.2451	0.9013674	1.689085	0.5697177	6.516127
11034	-7938.239	-8188.231	249.9917	0.7521678	1.881011	0.5470773	6.686044
11040	-7933.858	-8182.456	248.5982	0.7988179	1.732711	0.6725342	7.364574
11046	-7926.885	-8174.94	248.0551	0.7355282	1.732711	0.6725342	7.689358
11052	-7913.406	-8162.967	249.5615	0.8229398	1.761985	0.6352111	6.850685
11058	-7926.629	-8175.732	249.1029	0.8300066	1.976885	0.4960725	7.13612
11064	-7932.932	-8182.147	249.2152	0.8336303	1.847027	0.5415318	7.076793
11070	-7939.519	-8187.284	247.7649	0.7569725	1.519802	0.5117338	8.037765
11076	-7939.246	-8186.843	247.5976	0.7724759	1.612633	0.5665022	8.037765
11082	-7919.348	-8166.899	247.5512	0.759322	1.485252	0.5665022	8.118153
11088	-7926.069	-8173.265	247.1963	0.8065936	1.597117	0.5301723	8.269072
11094	-7933.048	-8181.021	247.9725	0.8237078	1.928981	0.5301723	7.731127
11100	-7924.891	-8174.415	249.5245	0.8298418	1.673884	0.6002405	6.925144
11106	-7926.107	-8176.738	250.631	0.8744822	1.757696	0.6002405	6.272339
11112	-7929.173	-8179.779	250.6057	0.8931945	1.754337	0.6002405	6.277099
11118	-7915.185	-8164.963	249.7785	0.936623	1.754337	0.5002765	6.785288
11124	-7923.786	-8173.603	249.8162	0.8787255	1.754337	0.5126256	6.785288
11130	-7917.069	-8167.131	250.0622	0.8679003	1.802602	0.5573685	6.603307
11136	-7924.115	-8173.269	249.1543	0.794154	1.806551	0.5486327	7.138545
11142	-7935.318	-8183.548	248.2301	0.7703212	1.695714	0.5486327	7.685553
11148	-7940.338	-8189.419	249.0813	0.8673835	1.695714	0.5309653	7.192106
11154	-7929.913	-8179.802	249.8883	0.7920745	1.745536	0.538564	6.77389
11160	-7931.013	-8180.426	249.413	0.8702712	1.603173	0.4560104	7.113469
11166	-7920.651	-8169.094	248.4432	0.8488311	1.603173	0.5496477	7.56246
11172	-7939.212	-8187.543	248.3309	0.8209634	1.895596	0.5176039	7.56246
11178	-7951.535	-8199.869	248.3334	0.8529877	1.784176	0.5397725	7.56246
11184	-7936.754	-8185.944	249.1892	0.9061624	1.493773	0.5109476	7.206603
11190	-7939.129	-8188.237	249.1079	0.9061624	1.521087	0.5495873	7.206603
11196	-7936.648	-8186.849	250.201	0.8553424	1.565028	0.5309749	6.643597
11202	-7927.243	-8175.281	248.0374	0.8539866	1.806146	0.518619	7.730779
11208	-7933.043	-8181.97	248.9267	0.8544932	1.558362	0.518619	7.343493
11214	-7930.999	-8179.284	248.2855	0.8700604	1.735225	0.518619	7.613965
11220	-7929.253	-8178.603	249.3502	0.8281625	1.735225	0.5246441	7.059931
11226	-7938.163	-8185.711	247.5484	0.9236848	1.735225	0.5246441	7.973969
11232	-7942.786	-8192.428	249.6419	0.789991	1.731144	0.5831335	6.876352
11238	-7941.903	-8191.881	249.9776	0.8651339	1.92797	0.6165464	6.561213
11244	-7941.838	-8191.127	249.2892	0.9028428	1.5949	0.6549031	7.000344
11250	-7935.901	-8185.272	249.371	0.888087	1.852884	0.4969314	7.000344
11256	-7944.815	-8195.043	250.2283	0.8760172	1.880657	0.4759462	6.55388
11262	-7932.007	-8180.886	248.8783	0.8464079	1.880657	0.4744924	7.298733
11268	-7924.202	-8173.163	248.9607	0.7982932	1.428636	0.5503265	7.37987
11274	-7917.2	-8166.255	249.0549	0.7946331	1.723857	0.5503265	7.219053
11280	-7927.508	-8176.396	248.8887	0.8015214	1.523388	0.6046614	7.335412
11286	-7930.704	-8179.787	249.083	0.8404004	1.52928	0.5230973	7.274533
11292	-7941.885	-8191.802	249.9172	0.8906974	1.818177	0.6456916	6.594619
11298	-7928.892	-8178.898	250.0059	0.8479516	1.695852	0.5945218	6.652077
11304	-7934.53	-8184.149	249.619	0.8997163	1.729027	0.4844859	6.914378
11310	-7926.592	-8175.788	249.196	0.8002442	1.729027	0.4800883	7.199546
11316	-7920.528	-8169.305	248.7765	0.8481957	1.729027	0.5400362	7.34655
11322	-7930.339	-8180.31	249.9705	0.8720829	1.729027	0.5131739	6.713995
11328	-7940.979	-8191.158	250.1788	0.9658983	2.01602	0.5141566	6.453577
11334	-7929.098	-8177.065	247.9675	0.810468	1.577261	0.5608117	7.837934
11340	-7924.686	-8171.351	246.6656	0.7692558	1.548481	0.5196767	8.598243
11346	-7933.795	-8181.698	247.9028	0.7261341	1.626852	0.5258499	7.928138
11352	-7938.985	-8187.738	248.7526	0.8864204	1.431743	0.6216867	7.386318
11358	-7937.974	-8187.326	249.3528	0.8620053	1.726882	0.4881653	7.075468
11364	-7930.978	-8180.825	249.847	0.8228203	1.592686	0.525703	6.846304
11370	-7925.68	-8175.246	249.5665	0.8514862	1.592686	0.5646208	6.949401
11376	-7932.319	-8180.81	248.4905	0.7762431	1.592686	0.4848899	7.635942
11382	-7927.474	-8176.995	249.5203	0.8123043	1.652149	0.4673329	7.058168
11388	-7921.017	-8168.79	247.7726	0.8552029	1.764885	0.4536083	7.944257
11394	-7923.497	-8171.103	247.6053	0.7992925	1.905075	0.5408723	7.939
11400	-7924.074	-8173.309	249.2352	0.8905005	1.657265	0.5294318	7.112189
11406	-7924.428	-8173.506	249.0786	0.8603235	1.639286	0.554002	7.198533
11412	-7932.867	-8181.647	248.7795	0.8038755	1.332181	0.6041221	7.471402
11418	-7920.914	-8169.446	248.5318	0.775072	1.670801	0.6041221	7.486021
11424	-7921.17	-8169.97	248.8006	0.8062683	1.409557	0.5303666	7.486021
11430	-7929.31	-8177.098	247.7876	0.8182798	1.598581	0.545	7.93478
11436	-7923.132	-8170.975	247.8428	0.7240563	1.598581	0.5705127	7.93478
11442	-7934.259	-8182.077	247.8183	0.7386596	1.598581	0.5325311	7.971339
11448	-7927.018	-8175.683	248.6653	0.7378078	1.593908	0.618626	7.451651
11454	-7924.629	-8174.251	249.6215	0.7971679	1.593908	0.5672699	6.946451
11460	-7908.48	-8156.669	248.189	0.781081	1.593908	0.4706952	7.807052
11466	-7923.086	-8171.674	248.5875	0.8558306	1.642151	0.4706952	7.536055
11472	-7914.634	-8163.883	249.2497	0.828809	1.727485	0.5124191	7.127014
11478	-7915.057	-8164.695	249.6383	0.8508878	1.63221	0.4631855	6.985057
11484	-7919.651	-8169.215	249.5639	0.8528625	1.704791	0.4631855	6.997679
11490	-7929.889	-8178.317	248.4274	0.7966491	1.780474	0.5567552	7.529486
11496	-7932.819	-8182.952	250.1327	0.8006383	1.618752	0.5567552	6.668008
11502	-7937.557	-8187.6	250.0423	0.8669002	1.618752	0.5205734	6.711722
11508	-7946.644	-8195.969	249.3248	0.9200557	1.618752	0.5205734	7.069901
11514	-7932.067	-8181.294	249.2275	0.7578374	1.436595	0.4117683	7.381913
11520	-7934.065	-8182.045	247.9792	0.8848719	1.436595	0.4117683	7.981574
11526	-7942.484	-8190.533	248.0499	0.7725863	1.363854	0.4658582	7.981574
11532	-7937.261	-8185.71	248.4488	0.8232938	1.532444	0.6242559	7.540996
11538	-7943.385	-8192.287	248.9028	0.8362745	1.532444	0.5432824	7.355111
11544	-7937.316	-8186.293	248.9769	0.8212217	1.532444	0.5063407	7.355111
11550	-7934.352	-8183.311	248.9585	0.8251808	1.557172	0.5631335	7.305251
11556	-7925.433	-8174.182	248.7493	0.8855314	1.651404	0.6056784	7.316023
11562	-7935.799	-8186.334	250.5345	0.8710298	1.613305	0.6056784	6.374954
11568	-7927.382	-8177.124	249.7422	0.8715952	1.45969	0.6056784	6.863103
11574	-7930.886	-8179.598	248.7124	0.775704	1.45969	0.4709607	7.581785
11580	-7909.142	-8157.951	248.8095	0.8057364	1.475172	0.5362078	7.449927
11586	-7923.731	-8172.334	248.6035	0.8057364	1.58249	0.5362078	7.51873
11592	-7923.107	-8171.879	248.7718	0.8855977	1.58249	0.5769638	7.352181
11598	-7928.744	-8177.258	248.5135	0.7596905	1.73629	0.6038936	7.480943
11604	-7933.489	-8183.505	250.0154	0.9528829	1.801197	0.5720239	6.571072
11610	-7931.808	-8180.183	248.3744	0.8548662	1.477268	0.5720239	7.626326
11616	-7927.45	-8175.512	248.0617	0.7989334	1.477268	0.5205741	7.86608
11622	-7934.31	-8182.205	247.8952	0.6749092	1.477268	0.548318	7.997765
11628	-7930.238	-8178.236	247.9982	0.7329429	1.590502	0.5159162	7.895608
11634	-7938.727	-8188.399	249.6714	0.7948918	1.767335	0.5266679	6.891854
11640	-7930.072	-8178.901	248.8288	0.8870908	1.703672	0.4947271	7.34586
11646	-7915.416	-8163.315	247.8995	0.8154689	1.703672	0.5521388	7.832379
11652	-7911.534	-8159.611	248.0768	0.7739733	1.703672	0.6013455	7.720494
11658	-7922.371	-8171.127	248.7558	0.765199	1.642075	0.5716424	7.407426
11664	-7922.481	-8172.131	249.6498	0.7885325	1.642075	0.5202683	6.95737
11670	-7934.775	-8184.366	249.5904	0.8537167	1.642075	0.6228272	6.870952
11676	-7925.175	-8174.795	249.6193	0.9157885	1.642075	0.5614185	6.870514
11682	-7920.382	-8170.229	249.8466	0.8061864	1.484372	0.5896977	6.844708
11688	-7924.024	-8171.431	247.4067	0.7284629	1.505023	0.472457	8.284497
11694	-7926.199	-8174.525	248.3258	0.8031534	1.404699	0.472457	7.794874
11700	-7920.172	-8169.028	248.8567	0.8121387	1.480579	0.5769339	7.38556
11706	-7920.189	-8169.207	249.0186	0.8739596	1.480579	0.4998293	7.330542
11712	-7945.177	-8194.047	248.8702	0.8056208	1.695832	0.5404572	7.330542
11718	-7937.453	-8187.757	250.3043	0.8212703	1.695832	0.5338862	6.55494
11724	-7921.79	-8172.123	250.333	0.9543729	1.695832	0.5359198	6.46556
11730	-7929.182	-8179.808	250.6263	0.8726952	1.45057	0.585531	6.40403
11736	-7927.338	-8177.914	250.5759	0.8821701	1.6869	0.5463078	6.36745
11742	-7920.456	-8169.521	249.0654	0.8008263	1.620286	0.5463078	7.251021
11748	-7926.051	-8175.89	249.8388	0.8446531	1.620286	0.5502722	6.80777
11754	-7930.518	-8180.129	249.6118	0.9078015	1.59237	0.5502722	6.906645
11760	-7936.143	-8186.877	250.7342	0.9545529	1.59237	0.5502722	6.274031
11766	-7921.441	-8171.091	249.6506	0.8562313	1.59237	0.5502722	6.913498
11772	-7918.593	-8166.978	248.3849	0.7283478	1.716688	0.5502722	7.616381
11778	-7925.58	-8173.806	248.2262	0.797481	1.716688	0.5702895	7.647986
11784	-7916.67	-8165.8	249.1297	0.7769157	1.716688	0.5461822	7.194377
11790	-7927.99	-8177.165	249.1752	0.7815951	1.642111	0.5461822	7.194377
11796	-7917.163	-8165.627	248.4641	0.8410264	1.716839	0.5461822	7.517013
11802	-7931.447	-8180.599	249.1522	0.7977128	1.839661	0.6140677	7.074198
11808	-7922.033	-8170.803	248.7701	0.7779251	1.911855	0.5816626	7.291579
11814	-7930.332	-8179.369	249.037	0.8092669	1.574613	0.5311947	7.291579
11820	-7953.23	-8201.639	248.4086	0.9098661	1.812594	0.5109046	7.50674
11826	-7941.948	-8190.229	248.2805	0.7443714	1.451164	0.5184894	7.790583
11832	-7931.558	-8180.314	248.7561	0.8490163	1.726215	0.6107164	7.301168
11838	-7942.368	-8189.045	246.6776	0.7356668	1.643375	0.4989141	8.592434
11844	-7933.582	-8183.738	250.1565	0.8154685	1.680098	0.5176191	6.657789
11850	-7936.794	-8188.376	251.5816	0.9366122	1.544811	0.4577064	5.923625
11856	-7929.315	-8179.139	249.8236	0.8119186	2.009982	0.4704278	6.770458
11862	-7941.504	-8190.889	249.3851	0.8257709	2.009982	0.610797	6.880653
11868	-7924.193	-8172.695	248.5015	0.7914678	1.540926	0.4786807	7.647187
11874	-7919.666	-8167.987	248.3207	0.7458176	1.724647	0.494446	7.686491
11880	-7914.86	-8162.664	247.8041	0.7458176	1.564589	0.5120486	8.005378
11886	-7925.271	-8173.803	248.5311	0.8220829	1.714695	0.4557287	7.572168
11892	-7918.148	-8166.814	248.6652	0.7507157	1.697408	0.5584478	7.454455
11898	-7933.251	-8181.503	248.2522	0.8057779	1.697408	0.6136687	7.602378
11904	-7931.245	-8177.918	246.6724	0.6993305	1.735281	0.5164786	8.566529
11910	-7926.606	-8175.404	248.798	0.7032585	1.645865	0.5164786	7.4627
11916	-7926.832	-8175.076	248.2441	0.7743363	1.645865	0.5164786	7.72116
11922	-7934.513	-8182.294	247.7811	0.8363543	1.645865	0.4532517	7.992349
11928	-7921.724	-8171.145	249.4204	0.8635055	1.634276	0.4532517	7.104186
11934	-7918.805	-8167.898	249.0925	0.8468259	1.886983	0.5245679	7.13683
11940	-7924.331	-8173.665	249.334	0.8059669	1.668093	0.4881402	7.13683
11946	-7920.182	-8168.856	248.6745	0.8385336	1.748695	0.5214677	7.415343
11952	-7915.397	-8164.242	248.8449	0.8242337	1.637146	0.5476889	7.349406
11958	-7912.307	-8160.906	248.5992	0.7400957	1.843273	0.6839261	7.349406
11964	-7921.068	-8170.028	248.9606	0.8097637	1.839996	0.6441494	7.147898
11970	-7926.303	-8175.926	249.6226	0.8483755	1.483323	0.6793803	6.875539
11976	-7938.506	-8188.014	249.5088	0.8456225	1.619939	0.6392282	6.915071
11982	-7929.608	-8179.206	249.598	0.8802838	1.619939	0.5697436	6.902553
11988	-7922.701	-8171.907	249.206	0.8806704	1.549201	0.580839	7.13121
11994	-7931.166	-8182.328	251.1622	0.9904848	1.556304	0.482751	6.09496
12000	-7928.559	-8178.617	250.058	0.9746226	1.556304	0.482751	6.702459
12006	-7929.787	-8180.417	250.6301	0.9761885	1.831152	0.5168025	6.261499
12012	-7956.528	-8206.935	250.4065	0.9836013	1.852929	0.4489497	6.43387
12018	-7944.595	-8195.223	250.6274	1.099769	1.852929	0.4489497	6.250938
12024	-7941.135	-8192.735	251.6004	1.05099	1.852929	0.4405364	5.755024
12030	-7941.763	-8190.857	249.0936	1.014261	1.852929	0.5172934	7.063759
12036	-7939.87	-8188.895	249.0244	0.9357274	1.605211	0.5172934	7.230875
12042	-7939.156	-8188.88	249.7247	0.9465735	1.574924	0.5695143	6.815634
12048	-7937.858	-8188.846	250.9879	0.8853913	1.576462	0.6259892	6.11899
12054	-7930.39	-8179.811	249.4206	0.8561344	1.676743	0.458156	7.087866
12060	-7922.424	-8172.321	249.8969	0.8273449	1.63741	0.458156	6.861203
12066	-7919.267	-8168.595	249.3276	0.8364528	1.651085	0.5890373	7.044792
12072	-7925.281	-8173.596	248.315	0.7813743	1.651085	0.6606033	7.563555
12078	-7920.595	-8170.2	249.6043	0.8127172	1.549248	0.6028639	6.935962
12084	-7924.269	-8172.035	247.7662	0.7309623	1.621826	0.6028639	7.937828
12090	-7934.466	-8183.004	248.5372	0.8518422	1.656648	0.6264873	7.430046
12096	-7920.504	-8169.661	249.1566	0.8584128	1.656648	0.4573115	7.236667
12102	-7936.957	-8184.541	247.5839	0.8342245	1.601552	0.3998289	8.167486
12108	-7933.357	-8181.878	248.5205	0.8985542	1.741357	0.3998289	7.582623
12114	-7921.799	-8172.766	250.9676	0.8783582	1.609124	0.6284278	6.119527
12120	-7931.179	-8182.068	250.8896	1.00622	1.609124	0.5263887	6.175467
12126	-7922.809	-8173.054	250.2452	0.8231706	1.665717	0.5487766	6.584252
12132	-7929.316	-8178.354	249.0379	0.9041233	1.576845	0.5356881	7.235514
12138	-7925.215	-8175.643	250.4284	0.9064047	1.642	0.6545569	6.365328
12144	-7919.247	-8169.405	250.1576	0.9200809	1.625629	0.6751328	6.495792
12150	-7914.827	-8164.227	249.3995	0.8831872	1.625629	0.6517856	6.942297
12156	-7930.834	-8181.159	250.3251	0.9179903	1.801163	0.5512286	6.439394
12162	-7926.673	-8175.503	248.8294	0.8449959	1.852128	0.473283	7.336311
12168	-7922.628	-8172.301	249.6726	0.8742241	1.851064	0.5496651	6.80029
12174	-7925.932	-8174.599	248.6668	0.8082369	1.812328	0.4441687	7.484059
12180	-7953.872	-8204.132	250.2598	0.9251893	1.436053	0.4772696	6.673018
12186	-7929.941	-8179.55	249.6092	0.8251155	1.576861	0.5074453	6.995132
12192	-7930.092	-8177.822	247.7302	0.7684112	1.576861	0.5238756	8.017948
12198	-7929.289	-8178.174	248.8854	0.7718045	1.576861	0.5238756	7.398433
12204	-7942.172	-8190.486	248.314	0.8645507	1.711508	0.5653835	7.570896
12210	-7937.993	-8186.424	248.4316	0.8045932	1.711508	0.5653835	7.540057
12216	-7930.498	-8179.768	249.2705	0.7887231	1.772085	0.5607395	7.080858
12222	-7930.567	-8177.736	247.1692	0.8228187	1.924026	0.460103	8.223995
12228	-7934.536	-8183.348	248.812	0.9036283	1.535016	0.4170343	7.482161
12234	-7938.853	-8186.937	248.0845	0.8435905	1.741954	0.5185489	7.733343
12240	-7922.594	-8171.378	248.7833	0.7945763	1.629909	0.559534	7.39124
12246	-7932.533	-8183.93	251.3969	0.9614678	1.401901	0.5673502	5.971552
12252	-7924.433	-8174.143	249.7099	0.8643653	1.538724	0.4712664	6.967125
12258	-7921.596	-8170.703	249.1064	0.7534965	1.58073	0.5505547	7.265698
12264	-7924.311	-8172.016	247.7045	0.7649579	1.531772	0.5628909	8.01819
12270	-7933.777	-8183.035	249.2579	0.8025399	1.531772	0.5628909	7.166553
12276	-7938.711	-8188.962	250.2505	0.9936876	1.531772	0.6432701	6.464933
12282	-7930.369	-8181.001	250.6321	0.9476659	1.508444	0.5190256	6.392568
12288	-7927.141	-8176.163	249.0211	0.8849876	1.508444	0.5190256	7.295444
12294	-7935.368	-8184.324	248.9556	0.8558427	1.752417	0.524923	7.250901
12300	-7928.918	-8178.176	249.2573	0.8029727	1.642315	0.6055189	7.090914
12306	-7920.295	-8168.064	247.7692	0.7258962	1.713919	0.6055189	7.903657
12312	-7920.855	-8168.723	247.8688	0.7789714	1.560102	0.5735434	7.903657
12318	-7926.192	-8173.79	247.5983	0.7907404	1.841164	0.6224004	7.903657
12324	-7924.742	-8173.151	248.4084	0.9043072	1.606912	0.7810662	7.381634
12330	-7927.597	-8175.885	248.2888	0.76268	1.491989	0.7525625	7.584278
12336	-7927.949	-8176.301	248.3521	0.7887862	1.628487	0.5569199	7.627978
12342	-7934.377	-8183.134	248.7568	0.8791292	1.628487	0.6060417	7.323561
12348	-7924.55	-8174.028	249.4778	0.7892632	1.445512	0.5792579	7.076455
12354	-7919.51	-8168.973	249.4631	0.7714202	1.611619	0.5129788	7.084736
12360	-7921.897	-8171.841	249.9448	0.8467911	1.884389	0.4578558	6.738652
12366	-7936.609	-8187.001	250.3917	0.8898354	1.601607	0.5749238	6.471107
12372	-7946.261	-8195.896	249.6349	0.7911743	1.601607	0.5142872	6.984222
12378	-7938.821	-8188.878	250.057	0.8749785	1.752323	0.446489	6.718814
12384	-7934.818	-8184.54	249.7219	0.8663613	1.660017	0.5841624	6.816794
12390	-7932.329	-8182.864	250.5356	0.8869684	1.771589	0.5661909	6.339903
12396	-7916.111	-8165.718	249.6067	0.8582565	1.771589	0.5726168	6.852783
12402	-7918.478	-8167.118	248.6401	0.8455453	1.522117	0.6316625	7.424993
12408	-7919.871	-8168.906	249.0351	0.808302	1.403793	0.5080791	7.380829
12414	-7929.306	-8177.955	248.6486	0.7659	1.28794	0.5656927	7.611561
12420	-7923.371	-8171.249	247.8776	0.7451764	1.45924	0.5656927	7.962613
12426	-7920.713	-8168.335	247.6213	0.684666	1.45924	0.5656927	8.131509
12432	-7931.675	-8181.211	249.5365	0.9085154	1.696486	0.5656927	6.895704
12438	-7931.314	-8182.693	251.3791	0.9337341	1.45719	0.5656927	5.974785
12444	-7926.63	-8177.427	250.7972	0.9663919	1.758773	0.5385177	6.182314
12450	-7936.831	-8185.936	249.1048	0.8139902	1.758773	0.4707879	7.239323
12456	-7938.948	-8187.29	248.3413	0.768407	1.576296	0.4707879	7.73898
12462	-7938.142	-8189.433	251.2906	0.9010389	1.685932	0.5647492	5.95319
12468	-7941.394	-8192.444	251.0506	1.025666	1.534672	0.5647492	6.073435
12474	-7939.468	-8189.511	250.0427	0.9203649	1.762172	0.4591761	6.686441
12480	-7951.366	-8200.49	249.1239	0.8822317	1.543836	0.5755343	7.18082
12486	-7939.201	-8189.159	249.9573	0.9170612	1.555065	0.5365797	6.740962
12492	-7915.019	-8164.031	249.0125	0.8167567	1.388212	0.5365797	7.370388
12498	-7925.639	-8174.444	248.8051	0.8720315	1.948341	0.4607799	7.31498
12504	-7932.167	-8181.073	248.9053	0.8877327	1.85633	0.4730988	7.27139
12510	-7921.413	-8171.075	249.6623	0.8987141	1.746806	0.4893964	6.880856
12516	-7924.409	-8172.663	248.2534	0.824646	1.819602	0.4906031	7.651003
12522	-7923.493	-8173.67	250.1769	0.8865648	1.847616	0.4597745	6.602212
12528	-7927.555	-8177.438	249.8834	0.8004716	1.844142	0.4597745	6.808464
12534	-7913.977	-8163.91	249.9331	0.7755308	1.844142	0.4458076	6.808464
12540	-7927.051	-8175.455	248.4041	0.8763394	1.742503	0.5011838	7.559769
12546	-7932.962	-8179.747	246.7859	0.7543667	1.791094	0.5771774	8.407654
12552	-7939.346	-8187.314	247.9681	0.8779968	1.785034	0.499775	7.778639
12558	-7929.116	-8177.189	248.0728	0.7724104	1.822659	0.4844513	7.780013
12564	-7928.929	-8177.711	248.7824	0.8643325	1.718891	0.4844513	7.38682
12570	-7934.281	-8183.924	249.643	0.8388214	1.846733	0.5450537	6.840694
12576	-7934.517	-8183.452	248.9352	0.9172872	1.846733	0.5450537	7.179542
12582	-7941.388	-8189.413	248.0255	0.7819912	1.872724	0.5693066	7.71106
12588	-7928.379	-8176.856	248.4763	0.802906	1.538807	0.5244748	7.614941
12594	-7928.36	-8177.321	248.961	0.8504317	1.538807	0.5280635	7.326659
12600	-7935.656	-8184.19	248.534	0.9080941	1.690098	0.5397136	7.458565
12606	-7925.649	-8175.105	249.4555	0.8684592	1.690098	0.5397136	6.984854
12612	-7928.461	-8177.273	248.8118	0.8804735	1.857581	0.6507164	7.179109
12618	-7927.72	-8176.555	248.8357	0.8378998	1.615786	0.562037	7.343104
12624	-7920.488	-8169.219	248.7311	0.7766163	1.70714	0.5130637	7.440081
12630	-7920.41	-8170.616	250.2064	0.8712744	1.634958	0.6253683	6.529271
12636	-7924.998	-8175.461	250.4627	0.9067573	1.634958	0.5559591	6.426507
12642	-7936.772	-8187.399	250.6267	0.8708159	1.634958	0.622756	6.303659
12648	-7932.454	-8182.494	250.0403	0.9016791	1.80195	0.4691336	6.674643
12654	-7930.791	-8180.276	249.4859	0.8043014	1.534818	0.5626579	7.042011
12660	-7927.448	-8176.455	249.0071	0.8438572	1.474226	0.6490218	7.234939
12666	-7919.764	-8169.158	249.3946	0.8354567	1.45567	0.494768	7.16379
12672	-7930.848	-8180.861	250.0136	0.8466858	1.590164	0.6057166	6.678891
12678	-7933.762	-8184.238	250.4765	0.8362639	1.590164	0.6057166	6.433969
12684	-7931.116	-8181.144	250.0282	0.7898308	1.670599	0.5913086	6.683117
12690	-7941.614	-8190.215	248.6013	0.8698815	1.532924	0.586762	7.463169
12696	-7944.243	-8194.468	250.2248	0.8340955	1.532924	0.6449629	6.563555
12702	-7935.367	-8184.004	248.6369	0.7686806	1.663136	0.5695163	7.463336
12708	-7931.251	-8179.435	248.1845	0.7258948	1.663136	0.5712886	7.726924
12714	-7927.882	-8176.138	248.2556	0.7474625	1.624853	0.5619157	7.698973
12720	-7917.099	-8165.12	248.021	0.8294391	1.762735	0.6026476	7.698973
12726	-7928.834	-8176.93	248.0961	0.7983569	1.909336	0.51386	7.698973
12732	-7930.691	-8177.662	246.9717	0.7324304	1.537701	0.51386	8.46428
12738	-7934.226	-8180.891	246.6649	0.6904261	1.523387	0.5562039	8.619583
12744	-7947.771	-8196.727	248.9558	0.9421389	1.745685	0.4838904	7.243077
12750	-7928.96	-8177.772	248.8126	0.8929609	1.616838	0.5999982	7.295208
12756	-7924.233	-8174.473	250.2397	0.9249868	1.495403	0.6734385	6.500108
12762	-7910.873	-8161.945	251.0714	0.9246329	1.684201	0.5771332	6.050331
12768	-7916.512	-8166.194	249.6823	0.9262797	1.466202	0.5016899	6.949699
12774	-7925.201	-8175.79	250.589	0.8728911	1.720179	0.59081	6.316816
12780	-7920.149	-8170.142	249.993	0.82218	1.49774	0.59081	6.750858
12786	-7923.083	-8172.612	249.5293	0.8104191	1.445911	0.5274957	7.080126
12792	-7934.329	-8183.658	249.3283	0.7760966	1.706289	0.5498564	7.088676
12798	-7934.778	-8184.47	249.6925	0.9428726	1.467914	0.5561316	6.887862
12804	-7930.721	-8181.062	250.3416	0.8368484	1.814226	0.5561316	6.465842
12810	-7924.29	-8172.922	248.6324	0.8897226	1.670426	0.4892692	7.4666
12816	-7931.667	-8180.499	248.8315	0.8614828	1.672488	0.4892692	7.374253
12822	-7937.98	-8186.813	248.8322	0.9294324	1.573152	0.4892692	7.374253
12828	-7925.356	-8174.047	248.6912	0.7537374	1.573152	0.5503308	7.491312
12834	-7924.893	-8172.728	247.8346	0.7910849	1.826274	0.4775252	7.902287
12840	-7943.997	-8192.919	248.9228	0.8879495	1.657442	0.5556811	7.259353
12846	-7923.77	-8172.898	249.1287	0.777402	1.657442	0.4959856	7.259353
12852	-7951.147	-8199.844	248.6974	0.7769409	1.496557	0.5645844	7.493475
12858	-7931.242	-8180.535	249.293	0.8864627	1.496557	0.5262641	7.14704
12864	-7931.658	-8180.359	248.7012	0.8268405	1.804134	0.4189232	7.48317
12870	-7928.067	-8176.89	248.8225	0.8268405	1.804134	0.4315079	7.405695
12876	-7921.066	-8170.69	249.6238	0.8231	1.648659	0.5117731	6.957736
12882	-7928.163	-8178.422	250.2584	0.8417144	1.466277	0.5556289	6.638059
12888	-7946.182	-8194.957	248.7748	0.8947194	1.634949	0.5556289	7.343411
12894	-7950.213	-8199.015	248.8025	0.9055331	1.929558	0.6134159	7.175007
12900	-7949.307	-8198.878	249.5715	0.8219955	2.094456	0.4519761	6.892236
12906	-7940.798	-8190.023	249.2258	0.8694241	2.094456	0.6431579	6.892236
12912	-7939.253	-8188.934	249.6816	0.8697037	1.853757	0.5282331	6.815133
12918	-7938.515	-8187.677	249.1619	0.9168147	1.853757	0.4969585	7.097088
12924	-7940.091	-8189.894	249.8032	0.9290989	1.794185	0.4734401	6.786547
12930	-7922.462	-8171.381	248.9183	0.7851247	1.794185	0.5485378	7.274514
12936	-7920.815	-8168.886	248.0711	0.7964754	1.536182	0.5485378	7.815795
12942	-7917.751	-8167.37	249.6192	0.8988347	2.031394	0.4543979	6.842258
12948	-7916.254	-8165.463	249.2082	0.8664355	1.78254	0.5501957	7.077625
12954	-7917.664	-8166.896	249.232	0.8165579	1.492181	0.5501957	7.198919
12960	-7915.39	-8165.024	249.6339	0.7937962	1.515617	0.5764723	6.964217
12966	-7924.821	-8173.746	248.9248	0.7918958	1.619307	0.5764723	7.306952
12972	-7922.221	-8171.456	249.2342	0.8223055	1.919295	0.5673235	7.0274
12978	-7915.25	-8164.569	249.3186	0.8247674	1.919295	0.5639535	6.983374
12984	-7918.979	-8169.018	250.0391	0.8310069	1.952258	0.4752719	6.6577
12990	-7924.406	-8173.736	249.3305	0.8966273	1.779091	0.4340987	7.101465
12996	-7923.521	-8171.693	248.1717	0.7613775	1.507241	0.4340987	7.894578
13002	-7913.347	-8162.141	248.7938	0.7724424	1.652537	0.4921612	7.446864
13008	-7909.271	-8158.451	249.1797	0.7883158	1.652537	0.5559674	7.176391
13014	-7932.156	-8179.521	247.3646	0.8775759	1.574641	0.5776501	8.111167
13020	-7926.092	-8176.059	249.9669	0.8871533	1.761665	0.5566836	6.659178
13026	-7937.887	-8187.65	249.7623	0.9171757	1.761665	0.5383769	6.768861
13032	-7934.246	-8184.176	249.9306	0.9036219	1.768362	0.4247186	6.787399
13038	-7931.084	-8179.854	248.7707	0.8426457	2.021317	0.5529877	7.244883
13044	-7927.097	-8176.317	249.2199	0.7907606	1.879292	0.4985115	7.123794
13050	-7924.192	-8173.493	249.3014	0.7849345	1.773116	0.5196347	7.100527
13056	-7932.602	-8182.71	250.1076	0.8838381	1.829348	0.5885364	6.535573
13062	-7926.653	-8175.513	248.8602	0.7973749	1.725976	0.5736596	7.302289
13068	-7915.287	-8164.908	249.6207	0.8234519	1.681488	0.5736596	6.895128
13074	-7918.157	-8168.296	250.1392	0.894663	1.624847	0.5736596	6.597496
13080	-7927.11	-8176.671	249.5613	0.894663	1.624847	0.5404849	6.93694
13086	-7933.265	-8182.473	249.2082	0.936241	1.538372	0.5034439	7.169412
13092	-7939.651	-8189.795	250.1435	0.8487234	1.538372	0.5034439	6.712604
13098	-7935.448	-8184.031	248.583	0.8013991	1.596651	0.503646	7.554725
13104	-7940.818	-8189.227	248.4092	0.815358	1.533699	0.4858005	7.680151
13110	-7932.784	-8181.308	248.524	0.9199735	1.533699	0.4074317	7.637835
13116	-7933.031	-8182.605	249.5745	0.9063968	1.654629	0.4074317	7.035958
13122	-7929.452	-8178.811	249.3596	0.926159	1.613882	0.5655419	7.011907
13128	-7940.413	-8189.233	248.8192	0.9351239	1.600113	0.5280685	7.334017
13134	-7925.065	-8174.878	249.8126	0.8374061	1.679289	0.547518	6.806392
13140	-7925.824	-8175.545	249.7212	0.8539117	1.466327	0.5473945	6.928256
13146	-7926.442	-8176.081	249.6398	0.854653	1.504183	0.4678536	7.02681
13152	-7943.605	-8192.466	248.8612	0.7065682	1.504183	0.5295135	7.469607
13158	-7938.006	-8186.642	248.6358	0.8066104	1.303242	0.5911628	7.56958
13164	-7941.56	-8189.837	248.2774	0.8066104	1.469952	0.6117518	7.675708
13170	-7945.245	-8193.178	247.9323	0.7097016	1.458318	0.5083801	8.00083
13176	-7933.637	-8181.88	248.2424	0.7528472	1.603932	0.5003711	7.763098
13182	-7937.84	-8185.909	248.0687	0.7225501	1.474109	0.5203363	7.904587
13188	-7943.822	-8191.665	247.8435	0.8183064	1.432434	0.5221195	7.988874
13194	-7932.689	-8180.878	248.1892	0.7940668	1.432434	0.5221195	7.817287
13200	-7944.014	-8192.049	248.0353	0.6934842	1.432434	0.5276442	7.948412
13206	-7943.106	-8191.57	248.4646	0.8541364	1.616836	0.4820301	7.601727
13212	-7931.678	-8182.292	250.6132	0.8869597	1.844748	0.5308457	6.302305
13218	-7928.738	-8179.076	250.3381	0.9300309	1.926913	0.4873708	6.439363
13224	-7927.54	-8176.765	249.225	0.8555447	1.916902	0.4873708	7.08383
13230	-7918.003	-8166.303	248.2995	0.8388194	1.772366	0.5918007	7.550028
13236	-7912.536	-8161.125	248.5888	0.8509324	1.772366	0.5674439	7.408003
13242	-7940.74	-8189.306	248.5658	0.8390769	1.486595	0.5400445	7.554887
13248	-7939.706	-8189.459	249.7528	0.8936718	1.437806	0.6948691	6.788252
13254	-7929.102	-8180.605	251.5027	0.9281722	1.442376	0.5632217	5.918491
13260	-7921.098	-8169.162	248.064	0.8297616	1.878819	0.5648189	7.666566
13266	-7925.623	-8174.615	248.9912	0.8259109	1.878819	0.6483065	7.106691
13272	-7929.146	-8178.253	249.1079	0.8737792	1.487461	0.5831049	7.209983
13278	-7926.29	-8176.723	250.4328	0.8428493	1.570733	0.5558745	6.501682
13284	-7916.122	-8166.454	250.3318	0.8313494	1.570733	0.5336787	6.581316
13290	-7917.79	-8167.511	249.7219	0.851287	1.570733	0.5445338	6.890788
13296	-7921.813	-8171.345	249.5325	0.8674177	1.744506	0.5445338	6.920457
13302	-7925.259	-8174.896	249.6375	0.9178875	1.779985	0.404883	6.953787
13308	-7926.79	-8175.76	248.9697	0.753323	1.510968	0.5590514	7.359031
13314	-7920.154	-8169.006	248.8524	0.8712675	1.510968	0.5586295	7.359031
13320	-7916.609	-8165.511	248.9016	0.8824402	1.510968	0.5201122	7.359031
13326	-7928.891	-8176.265	247.3733	0.6946877	1.692448	0.5201122	8.208269
13332	-7922.345	-8169.445	247.1	0.8167648	1.746295	0.5474782	8.246841
13338	-7916.229	-8164.408	248.1787	0.7964906	1.937584	0.5474782	7.618075
13344	-7932.799	-8181.22	248.4209	0.7887688	1.972242	0.5923837	7.445141
13350	-7925.199	-8174.452	249.2534	0.798407	1.743073	0.4868688	7.158606
13356	-7932.74	-8180.269	247.5286	0.7941586	1.930381	0.5605105	7.958294
13362	-7946.224	-8195.273	249.0487	0.7601731	1.930381	0.520868	7.195927
13368	-7924.894	-8174.036	249.1417	0.8104304	1.738783	0.5549533	7.154858
13374	-7918.372	-8166.072	247.7003	0.7287278	1.649717	0.5969245	7.9686
13380	-7921.509	-8171.031	249.5222	0.8772539	1.668422	0.5969245	6.905439
13386	-7922.317	-8171.013	248.6957	0.8618355	1.785239	0.4835921	7.412242
13392	-7919.336	-8168.011	248.6743	0.8871268	1.690398	0.6254496	7.326133
13398	-7910.13	-8159.942	249.8122	0.8512702	1.680181	0.5273133	6.815966
13404	-7920.22	-8169.719	249.4987	0.8072752	1.746667	0.6114827	6.916445
13410	-7921.241	-8170.239	248.9979	0.8688098	1.510873	0.491762	7.339638
13416	-7936.906	-8185.562	248.6563	0.8183025	1.756033	0.499691	7.452399
13422	-7920.89	-8169.972	249.0824	0.8915194	1.756033	0.5059586	7.178866
13428	-7921.948	-8170.896	248.9473	0.7788148	1.756033	0.681466	7.173319
13434	-7924.504	-8173.503	248.999	0.7484146	1.805976	0.6420637	7.173319
13440	-7925.876	-8174.531	248.6547	0.8676639	1.60382	0.6512775	7.35955
13446	-7921.883	-8170.628	248.7447	0.8021963	1.604541	0.6331911	7.35955
13452	-7923.232	-8172.681	249.4497	0.9568195	1.494417	0.5968764	6.967771
13458	-7922.116	-8170.831	248.7153	0.8194773	1.614296	0.5380931	7.437924
13464	-7926.998	-8176.136	249.138	0.8442052	1.667674	0.5380931	7.178161
13470	-7927.318	-8175.471	248.1531	0.8016763	1.706395	0.5351602	7.717459
13476	-7930.562	-8178.911	248.3488	0.8473945	1.436595	0.5146101	7.708274
13482	-7922.013	-8171.061	249.0473	0.8406671	1.672391	0.5122829	7.249219
13488	-7934.853	-8183.989	249.1363	0.8708249	1.590928	0.5010501	7.225234
13494	-7918.205	-8168.012	249.8068	0.8708249	1.39126	0.4906906	6.953113
13500	-7919.533	-8169.553	250.02	0.8627495	1.669537	0.5450098	6.686384
13506	-7932.493	-8181.686	249.1934	0.861667	1.673801	0.5450098	7.130989
13512	-7927.947	-8177.406	249.4585	0.8171263	1.626435	0.5450098	7.029679
13518	-7938.205	-8187.521	249.3159	0.8165996	1.60049	0.4861552	7.167607
13524	-7933.939	-8182.59	248.6506	0.7750701	1.60049	0.5072144	7.528052
13530	-7940.77	-8189.975	249.205	0.8230007	1.290023	0.5790106	7.271106
13536	-7948.261	-8196.181	247.9204	0.8034341	1.83018	0.5036081	7.825272
13542	-7927.331	-8175.051	247.7203	0.7605782	1.826383	0.4801516	7.977166
13548	-7932.344	-8181.399	249.0546	0.8362847	1.826383	0.4801516	7.22244
13554	-7923.561	-8172.898	249.3365	0.8230465	1.805397	0.4801516	7.085159
13560	-7931.372	-8181.332	249.9608	0.8693076	1.71338	0.6057205	6.649786
13566	-7927.038	-8176.15	249.1121	0.8185755	1.71338	0.4990645	7.223242
13572	-7931.462	-8179.375	247.9132	0.7723972	1.614662	0.5397713	7.890605
13578	-7931.924	-8180.434	248.5102	0.8106249	1.489106	0.5036898	7.630126
13584	-7932.709	-8181.408	248.6988	0.7641053	1.489106	0.5145607	7.544526
13590	-7936.884	-8184.062	247.1783	0.710974	1.420994	0.5472089	8.383818
13596	-7943.786	-8191.568	247.782	0.802184	1.523778	0.4444548	8.064238
13602	-7936.435	-8184.622	248.1871	0.723179	1.520493	0.5202601	7.82288
13608	-7935.471	-8183.588	248.117	0.746431	1.585997	0.5202601	7.82288
13614	-7922.843	-8169.97	247.1275	0.7890515	1.585997	0.5878975	8.272217
13620	-7927.929	-8176.729	248.7993	0.8537611	1.600479	0.5429066	7.37565
13626	-7942.856	-8191.524	248.6677	0.8110352	1.600479	0.5530841	7.460617
13632	-7940.054	-8187.372	247.3179	0.8483351	1.803404	0.4905639	8.143278
13638	-7947.105	-8196.225	249.1201	0.8334792	1.702416	0.5449557	7.175264
13644	-7937.922	-8187.004	249.0822	0.8932787	1.502481	0.5789737	7.210655
13650	-7924.573	-8172.669	248.0958	0.8077875	1.502481	0.5448567	7.812707
13656	-7934.006	-8182.53	248.5241	0.7912307	1.502481	0.6245628	7.529258
13662	-7948.928	-8197.875	248.947	0.7964088	1.659899	0.5319855	7.314422
13668	-7967.445	-8216.047	248.602	0.9368133	1.659899	0.6727633	7.314422
13674	-7947.712	-8195.283	247.5711	0.6938296	1.681176	0.582017	8.056429
13680	-7933.76	-8181.307	247.5467	0.7936577	1.681176	0.5327861	8.056429
13686	-7931.156	-8180.293	249.1371	0.7736704	1.681176	0.5339766	7.215171
13692	-7929.79	-8177.33	247.5403	0.7236497	1.681176	0.597156	8.045085
13698	-7931.198	-8178.615	247.4163	0.7261718	1.614614	0.6184826	8.117669
13704	-7927.058	-8177.091	250.0329	0.8968356	1.532454	0.5657651	6.695472
13710	-7923.484	-8172.939	249.4543	0.8968356	1.687225	0.4572326	7.044882
13716	-7935.194	-8185.737	250.5426	0.8867134	1.865055	0.4572326	6.400556
13722	-7931.154	-8180.343	249.1896	0.7762222	1.442057	0.5009956	7.305712
13728	-7926.827	-8175.727	248.9007	0.7729155	1.768159	0.5410763	7.305712
13734	-7935.403	-8185.348	249.9447	0.7672772	1.54247	0.5212217	6.846657
13740	-7936.557	-8186.548	249.991	0.8579538	1.478853	0.5429143	6.7793
13746	-7949.317	-8198.475	249.158	0.8469348	1.478853	0.6467753	7.152003
13752	-7946.12	-8195.54	249.4207	0.851212	1.755711	0.6358926	6.913029
13758	-7938.339	-8187.6	249.2604	0.7988521	1.536908	0.59525	7.139266
13764	-7930.367	-8179.709	249.3422	0.8133617	1.611104	0.6019056	7.05401
13770	-7927.176	-8177.332	250.156	0.8133617	1.554798	0.5446587	6.682943
13776	-7917.471	-8166.958	249.4867	0.8058445	1.554798	0.5871493	7.013277
13782	-7918.826	-8167.493	248.667	0.7984303	1.50494	0.5354077	7.519107
13788	-7928.086	-8176.947	248.8613	0.8379618	1.652362	0.5354077	7.33798
13794	-7925.71	-8175.104	249.3937	0.8797391	1.652362	0.5354077	7.029399
13800	-7940.094	-8189.996	249.9024	0.8528906	1.731606	0.5722987	6.71034
13806	-7937.903	-8188.312	250.4089	0.9190054	1.760433	0.4736199	6.47604
13812	-7941.311	-8190.539	249.229	0.8590848	1.545063	0.5973255	7.119011
13818	-7931.138	-8181.109	249.9708	0.8474259	1.545063	0.4884753	6.817346
13824	-7945.189	-8193.452	248.263	0.7237656	1.590708	0.5536989	7.727132
13830	-7928.127	-8176.824	248.6972	0.8310673	1.685193	0.5536989	7.40252
13836	-7941.241	-8189.2	247.9587	0.7546863	1.659211	0.5797157	7.826903
13842	-7934.642	-8183.281	248.6395	0.8862517	1.793255	0.4965992	7.414838
13848	-7920.958	-8170.417	249.4585	0.8532564	1.793255	0.4819298	7.005795
13854	-7922.152	-8172.733	250.5808	0.8532564	1.878858	0.5144633	6.340945
13860	-7928.878	-8179.353	250.4751	0.9496012	1.505873	0.4997717	6.494665
13866	-7935.677	-8186.627	250.9504	0.8580718	1.612644	0.5707774	6.184253
13872	-7926.169	-8175.832	249.6628	0.8549288	1.612644	0.5707774	6.883165
13878	-7928.928	-8178.551	249.6227	0.9066318	1.612644	0.5073732	6.930539
13884	-7932.323	-8180.851	248.5279	0.8443247	1.452999	0.5108633	7.610734
13890	-7930.436	-8179.425	248.9886	0.7458834	1.514474	0.5387029	7.368411
13896	-7923.185	-8171.414	248.229	0.7833137	1.514474	0.5206828	7.770322
13902	-7933.65	-8181.555	247.9043	0.6929915	1.489984	0.5206828	8.001506
13908	-7922.36	-8169.435	247.0757	0.707603	1.568313	0.5599254	8.372044
13914	-7925.965	-8173.866	247.901	0.7783902	1.710187	0.4550396	7.934528
13920	-7932.002	-8181.11	249.1078	0.8179361	1.584607	0.5537585	7.226218
13926	-7924.996	-8174.553	249.5575	0.9201377	1.584607	0.5537585	6.929292
13932	-7930.766	-8180.624	249.8578	0.9094311	1.76626	0.5309943	6.726131
13938	-7928.462	-8178.19	249.7277	0.8884445	1.667947	0.4758061	6.891813
13944	-7924.64	-8174.606	249.9659	0.9965856	1.648367	0.4452807	6.740924
13950	-7925.099	-8175.886	250.7864	0.9293349	1.635282	0.5134197	6.274875
13956	-7925.81	-8174.59	248.7794	0.8652933	1.685275	0.4772706	7.406448
13962	-7924.531	-8173.243	248.7116	0.8825613	1.685275	0.5428164	7.376167
13968	-7928.767	-8178.926	250.1589	0.8709565	1.831264	0.5276826	6.564597
13974	-7936.657	-8185.886	249.2289	0.9427642	1.831264	0.5276826	7.027744
13980	-7925.341	-8175.627	250.2858	0.9086829	1.500791	0.4500186	6.667412
13986	-7909.985	-8161.501	251.5162	1.034204	1.500791	0.578924	5.81642
13992	-7919.308	-8169.56	250.2512	0.9124026	1.592885	0.5124843	6.590986
13998	-7918.222	-8168.33	250.1077	0.8794231	1.860693	0.5124843	6.590986
14004	-7917.305	-8166.745	249.44	0.8794231	1.715594	0.5124843	7.001553
14010	-7921.961	-8171.376	249.4152	0.8946564	1.577191	0.5793943	7.001553
14016	-7930.221	-8180.659	250.4375	0.8969678	1.845513	0.5120789	6.408295
14022	-7938.702	-8190.443	251.741	0.9052683	1.845513	0.5120789	5.693269
14028	-7921.488	-8171.098	249.6102	0.8835392	1.627436	0.647312	6.831143
14034	-7919.963	-8168.393	248.4295	0.8767612	1.337782	0.4632792	7.736727
14040	-7917.677	-8165.877	248.2002	0.8641872	1.625873	0.4794881	7.736727
14046	-7932.275	-8182.496	250.2203	0.8290037	1.625873	0.6104253	6.559557
14052	-7931.116	-8180.636	249.5201	0.8803553	1.625873	0.6104253	6.90999
14058	-7936.675	-8185.565	248.8904	0.8762398	1.71392	0.5156566	7.296521
14064	-7939.987	-8188.683	248.6956	0.8762398	1.430074	0.5642819	7.468163
14070	-7943.111	-8191.536	248.4247	0.7623788	1.615712	0.5399775	7.622055
14076	-7933.079	-8180.974	247.8945	0.7744509	1.685991	0.5417145	7.871922
14082	-7929.567	-8178.353	248.786	0.7744509	1.685991	0.5163239	7.416582
14088	-7929.129	-8178.216	249.087	0.8826373	1.65315	0.5586558	7.173108
14094	-7921.731	-8171.002	249.2711	0.8541941	1.65315	0.5931132	7.061635
14100	-7932.288	-8180.145	247.8569	0.8585196	1.696209	0.5409026	7.84413
14106	-7927.749	-8176.75	249.0005	0.7344118	1.696209	0.6426542	7.218009
14112	-7923.476	-8172.343	248.8678	0.8445655	1.696209	0.4666709	7.376026
14118	-7923.156	-8173.311	250.1559	0.855026	1.731807	0.4666709	6.664209
14124	-7929.1	-8179.33	250.2297	0.8608525	1.622411	0.5871348	6.55687
14130	-7929.131	-8177.339	248.2078	0.8957947	1.823985	0.5203067	7.609778
14136	-7930.51	-8179.877	249.3669	0.7852607	1.621473	0.5203067	7.118995
14142	-7922.26	-8171.331	249.0714	0.8196766	1.686771	0.4953179	7.257355
14148	-7927.546	-8176.731	249.1843	0.786377	1.707035	0.4415199	7.257355
14154	-7918.65	-8166.981	248.3318	0.8523753	1.707035	0.4362006	7.684009
14160	-7912.8	-8161.424	248.6246	0.8009008	1.729714	0.513404	7.47588
14166	-7902.609	-8151.525	248.9167	0.8014037	1.442502	0.4598605	7.47588
14172	-7903.724	-8153.192	249.4675	0.874439	1.489054	0.4899566	7.094575
14178	-7919.632	-8170.377	250.7455	0.889392	1.731548	0.6026139	6.209419
14184	-7926.642	-8176.123	249.4805	0.8089619	1.938288	0.6099196	6.861855
14190	-7927.81	-8176.838	249.0286	0.7912877	1.938288	0.5836427	7.1354
14196	-7908.239	-8157.29	249.0511	0.8456725	1.788581	0.5836427	7.143988
14202	-7921.184	-8169.643	248.4597	0.8284045	1.58068	0.6258672	7.512754
14208	-7937.521	-8186.304	248.783	0.7307728	1.58068	0.4885974	7.504867
14214	-7920.99	-8170.828	249.8376	0.8430929	1.838123	0.5562208	6.726903
14220	-7919.701	-8169.304	249.6029	0.8312805	1.498682	0.5562208	6.983921
14226	-7921.176	-8170.905	249.7291	0.8710394	1.745041	0.5562208	6.802559
14232	-7920.802	-8170.687	249.8853	0.813142	1.476017	0.6754977	6.758532
14238	-7927.078	-8177.723	250.6448	0.8739732	1.433691	0.6754977	6.331645
14244	-7918.457	-8167.647	249.1906	0.8415137	1.426661	0.6037774	7.191126
14250	-7921.237	-8170.073	248.8364	0.8200692	1.562177	0.5705702	7.365554
14256	-7923.333	-8172.577	249.244	0.8390307	1.514949	0.6058809	7.126763
14262	-7923.994	-8173.271	249.2763	0.871281	1.734486	0.4893355	7.107885
14268	-7926.89	-8176.485	249.5952	0.8797873	1.629801	0.5737169	6.897407
14274	-7919.397	-8169.37	249.9734	0.8648811	1.369864	0.5737169	6.80461
14280	-7917.889	-8168.598	250.7091	0.9223618	1.521335	0.5925035	6.298157
14286	-7926.255	-8177.861	251.6064	0.8943955	1.790875	0.5863447	5.728842
14292	-7910.706	-8160.5	249.7947	0.8424664	1.472123	0.5496494	6.89063
14298	-7911.841	-8160.655	248.8142	0.8157194	1.472123	0.5901772	7.399272
14304	-7912.711	-8160.983	248.272	0.8244655	1.463299	0.5901772	7.688485
14310	-7920.694	-8168.796	248.1017	0.7635613	1.454167	0.5767328	7.826374
14316	-7933.642	-8182.008	248.3665	0.7468494	1.264032	0.5131536	7.82725
14322	-7923.832	-8172.707	248.8745	0.7468494	1.428733	0.6212388	7.397364
14328	-7920.136	-8169.608	249.4718	0.8135986	1.916959	0.6075414	6.872847
14334	-7934.845	-8183.876	249.0317	0.8653505	1.653327	0.4921454	7.269142
14340	-7931.831	-8182.32	250.4893	0.8724427	1.776133	0.4848125	6.441918
14346	-7926.35	-8176.141	249.7911	0.8819045	1.914707	0.5284411	6.729004
14352	-7923.55	-8171.699	248.1483	0.8070445	1.621317	0.5161756	7.764165
14358	-7932.108	-8180.289	248.1802	0.7018564	1.622929	0.5161756	7.802722
14364	-7931.915	-8178.675	246.7597	0.701289	1.736619	0.4731895	8.556949
14370	-7932.25	-8180.372	248.1226	0.7415527	1.686453	0.5161756	7.78919
14376	-7923.326	-8173.171	249.845	0.8525286	1.686453	0.4790832	6.838191
14382	-7924.718	-8174.636	249.9173	0.8463344	1.703431	0.5984327	6.69501
14388	-7924.616	-8174.39	249.7735	0.9324473	1.469027	0.6555017	6.77184
14394	-7934.063	-8184.514	250.4503	0.9859569	1.724198	0.5056155	6.401066
14400	-7941.955	-8191.328	249.3736	0.8736489	1.688686	0.5632011	7.007115
14406	-7932.91	-8183.75	250.8399	0.8537783	1.48877	0.5632011	6.301061
14412	-7933.079	-8182.088	249.0086	0.7658908	1.542264	0.5173835	7.354352
14418	-7932.436	-8181.226	248.7899	0.7766477	1.61367	0.6216518	7.354352
14424	-7924.734	-8173.298	248.5639	0.7714137	1.44933	0.5393015	7.607634
14430	-7933.071	-8182.133	249.062	0.8797866	1.895665	0.4889836	7.163991
14436	-7949.203	-8198.261	249.058	0.8530716	2.143419	0.4907122	7.101319
14442	-7936.837	-8185.18	248.3427	0.8333707	1.450017	0.5256396	7.704082
14448	-7923.582	-8171.846	248.264	0.7985558	1.450017	0.5256396	7.764794
14454	-7928.225	-8176.6	248.375	0.7675194	1.450017	0.4771919	7.764794
14460	-7930.883	-8178.066	247.1831	0.8359121	1.419009	0.4771919	8.376232
14466	-7921.618	-8169.183	247.5644	0.7864537	1.645495	0.4570247	8.13106
14472	-7925.336	-8172.789	247.4533	0.7876231	1.783966	0.4173914	8.179091
14478	-7919.828	-8168.803	248.9753	0.7732422	1.690034	0.5869291	7.255662
14484	-7922.553	-8170.349	247.7954	0.7823021	1.678639	0.4348295	8.019332
14490	-7918.854	-8167.557	248.7031	0.8533989	1.687678	0.562289	7.379394
14496	-7913.91	-8162.936	249.0259	0.8162638	1.461818	0.562289	7.311956
14502	-7916.56	-8166.552	249.9919	0.8317415	1.714859	0.6018135	6.655829
14508	-7910.758	-8160.239	249.4809	0.8463347	1.805882	0.485349	6.98999
14514	-7914.791	-8164.388	249.5973	0.8572224	1.790412	0.5164468	6.899064
14520	-7907.368	-8155.503	248.135	0.7600879	1.440222	0.5171912	7.865428
14526	-7918.846	-8168.733	249.8864	0.7839581	1.633965	0.5511232	6.80903
14532	-7921.736	-8172.107	250.371	0.8177105	1.633965	0.5511232	6.528886
14538	-7919.418	-8169.122	249.7045	0.842107	1.736924	0.5511232	6.838547
14544	-7908.232	-8156.236	248.0036	0.7540424	1.613533	0.5511232	7.843155
14550	-7909.088	-8158.817	249.7288	0.8530735	1.613533	0.5418116	6.872181
14556	-7906.188	-8156.073	249.8852	0.8702705	1.693716	0.5418116	6.749067
14562	-7921.581	-8170.33	248.7489	0.8925214	1.693716	0.5418116	7.348619
14568	-7925.084	-8173.936	248.8529	0.7900001	1.693716	0.5408711	7.348619
14574	-7918.913	-8167.07	248.157	0.7816276	1.791923	0.5408711	7.691482
14580	-7918.839	-8167.075	248.2364	0.740276	1.791923	0.516922	7.691482
14586	-7919.972	-8169.122	249.1501	0.7638528	1.837558	0.5109249	7.178754
14592	-7927.954	-8174.878	246.9243	0.7638528	1.837558	0.4753409	8.399911
14598	-7915.969	-8163.706	247.7369	0.8165545	1.634317	0.4753409	8.0102
14604	-7909.604	-8158.508	248.9042	0.8554207	1.634317	0.5508257	7.299288
14610	-7917.621	-8165.921	248.2995	0.76799	1.385627	0.5237695	7.790112
14616	-7938.423	-8187.221	248.7983	0.8916607	1.575867	0.5237695	7.381337
14622	-7918.257	-8168.396	250.1391	0.8145386	1.575867	0.5267687	6.6986
14628	-7920.005	-8168.89	248.8849	0.7577962	1.575867	0.5791307	7.360815
14634	-7920.596	-8168.843	248.2465	0.794526	1.685404	0.5440025	7.671381
14640	-7915.383	-8164.614	249.2307	0.8674015	1.640462	0.6288829	7.053299
14646	-7923.865	-8173.92	250.0554	0.8674015	1.590965	0.5232168	6.71254
14652	-7934.648	-8183.686	249.038	0.8787926	1.533623	0.5378393	7.263839
14658	-7942.329	-8192.914	250.5851	0.8262452	1.41587	0.5378393	6.505195
14664	-7940.5	-8188.927	248.4267	0.8495838	1.680109	0.4906693	7.593524
14670	-7939.553	-8189.893	250.3401	0.8034483	1.368603	0.5520694	6.658052
14676	-7924.415	-8174.16	249.7456	0.9211138	1.387145	0.5519693	6.907676
14682	-7930.471	-8180.176	249.7049	0.8545745	1.449326	0.5915168	6.907676
14688	-7937.627	-8186.737	249.1099	0.7817885	1.5878	0.6285741	7.184207
14694	-7933.704	-8183.265	249.5609	0.8024137	1.5878	0.5747335	6.972525
14700	-7930.265	-8179.163	248.898	0.8442047	1.79855	0.5201042	7.276286
14706	-7922.112	-8170.917	248.8048	0.8144127	1.79855	0.5642029	7.305308
14712	-7929.44	-8178.881	249.4413	0.7673174	1.597187	0.4861186	7.127975
14718	-7940.953	-8187.938	246.9851	0.783625	1.544536	0.5672913	8.382856
14724	-7930.766	-8180.434	249.6682	0.8744142	1.703364	0.4727733	6.921398
14730	-7935.479	-8184.188	248.7086	0.8083982	1.855406	0.5378935	7.362751
14736	-7929.468	-8179.615	250.1462	0.8327263	1.855406	0.5217228	6.589126
14742	-7927.551	-8177.763	250.212	0.8533235	1.588553	0.5217228	6.637741
14748	-7953.201	-8202.973	249.7718	0.8466805	1.588553	0.6238427	6.796105
14754	-7928.895	-8178.33	249.4345	0.930547	1.924682	0.467745	6.946174
14760	-7932.635	-8182.756	250.1207	0.9066064	1.924682	0.4508521	6.604641
14766	-7924.603	-8173.712	249.1096	0.8703331	1.713799	0.5095844	7.187337
14772	-7926.124	-8174.308	248.1837	0.8012267	1.706809	0.5095844	7.72311
14778	-7928.114	-8178.151	250.037	0.8875933	1.684631	0.5095844	6.688755
14784	-7925.495	-8174.812	249.3177	0.8917983	1.943857	0.5107815	6.984849
14790	-7929.651	-8178.591	248.9404	0.8428645	1.648486	0.4750233	7.347518
14796	-7930.535	-8178.888	248.3528	0.7695697	1.648486	0.4986744	7.680176
14802	-7922.735	-8171.036	248.3015	0.8185089	1.366604	0.4986744	7.791872
14808	-7930.386	-8178.023	247.6375	0.6956963	1.444754	0.5507815	8.134999
14814	-7933.456	-8180.891	247.4349	0.8510356	1.508282	0.5507815	8.134999
14820	-7928.538	-8176.428	247.8898	0.7514044	1.482539	0.5507815	7.955705
14826	-7929.116	-8177.722	248.6063	0.8163194	1.622178	0.5210192	7.509676
14832	-7929.499	-8177.615	248.1164	0.8851283	1.902577	0.4942258	7.661133
14838	-7925.186	-8175.151	249.9644	0.860841	1.735303	0.4571107	6.772313
14844	-7926.164	-8177.044	250.8805	0.9436071	1.785635	0.5254947	6.15116
14850	-7925.896	-8173.714	247.8183	0.7999204	1.902649	0.4600644	7.897139
14856	-7923.612	-8173.918	250.3053	0.9457943	1.902649	0.503818	6.441727
14862	-7933.119	-8184.088	250.969	0.9532234	1.840584	0.503818	6.097899
14868	-7930.563	-8178.652	248.0895	0.8201294	1.860431	0.5765859	7.65465
14874	-7934.146	-8183.396	249.2493	0.8412826	1.860431	0.4656828	7.117069
14880	-7927.328	-8175.674	248.3456	0.8123062	1.75867	0.462189	7.655139
14886	-7922.701	-8170.926	248.2254	0.7960003	1.75867	0.5563164	7.645837
14892	-7922.323	-8171.18	248.8563	0.8064799	1.75867	0.5563164	7.302188
14898	-7928.859	-8178.249	249.39	0.9134057	1.75867	0.5027952	7.003487
14904	-7929.864	-8178.026	248.1627	0.869234	1.75867	0.5083117	7.680893
14910	-7938.727	-8187.362	248.6352	0.8499141	1.75867	0.4512994	7.490257
14916	-7937.7	-8186.99	249.2904	0.8540766	1.979293	0.4512994	7.062912
14922	-7936.847	-8187.097	250.2497	0.917353	1.841114	0.5117375	6.500862
14928	-7952.425	-8202.499	250.0738	0.9123533	1.582872	0.4745319	6.724983
14934	-7937.714	-8188.447	250.7329	0.9449909	1.869728	0.5507919	6.180306
14940	-7941.323	-8189.709	248.3862	0.8327096	1.869728	0.5159467	7.536521
14946	-7930.984	-8179.695	248.7108	0.8483956	1.869728	0.5116998	7.357848
14952	-7940.361	-8189.812	249.4509	0.8917929	1.83314	0.552535	6.914066
14958	-7940.963	-8190.36	249.3972	0.9260538	1.864271	0.552535	6.914066
14964	-7940.848	-8190.668	249.8202	0.9377005	1.77274	0.4664445	6.786678
14970	-7936.218	-8186.772	250.5541	0.8898268	1.77274	0.4664445	6.415548
14976	-7931.275	-8180.833	249.5585	0.8889719	1.761127	0.4562689	6.967735
14982	-7928.26	-8176.184	247.9236	0.7722164	1.515859	0.5144754	7.944152
14988	-7926.034	-8175.619	249.5849	0.8051374	1.582166	0.5168776	7.008697
14994	-7925.188	-8174.711	249.523	0.8670308	1.582166	0.5168776	7.008697
15000	-7927.428	-8177.088	249.6601	0.9120515	1.441862	0.469222	7.008697
15006	-7932.161	-8181.859	249.6987	0.7609573	1.704503	0.5675831	6.883427
15012	-7924.822	-8173.872	249.0494	0.7950019	1.704503	0.595721	7.192057
15018	-7932.308	-8181.95	249.6422	0.8862057	1.922589	0.4534192	6.87235
15024	-7926.932	-8177.409	250.4773	0.8922059	1.484011	0.5910228	6.45631
15030	-7921.341	-8171.568	250.2273	0.8543498	1.869383	0.6928573	6.394665
15036	-7921.135	-8171.248	250.1126	0.8543498	1.881988	0.6928573	6.452608
15042	-7918.808	-8168.462	249.6536	0.8491092	1.881988	0.6129339	6.762932
15048	-7923.565	-8174.082	250.5179	0.861306	1.926987	0.5492832	6.324872
15054	-7929.329	-8179.734	250.4048	0.9815185	1.915237	0.5492832	6.324872
15060	-7920.944	-8172.359	251.4148	0.9684653	1.915237	0.4891389	5.834475
15066	-7924.241	-8174.921	250.6799	0.9449245	1.705043	0.5664372	6.253536
15072	-7925.443	-8174.808	249.365	0.8954524	1.705043	0.5293008	7.022524
15078	-7927.71	-8178.004	250.2941	0.8745819	1.705043	0.6366527	6.445757
15084	-7918.463	-8167.087	248.624	0.8644569	1.697381	0.5673325	7.408337
15090	-7916.983	-8165.674	248.6913	0.8294405	1.697381	0.5462408	7.408337
15096	-7921.898	-8171.889	249.9916	0.7951806	1.941009	0.4583719	6.7222
15102	-7916.086	-8164.85	248.7634	0.8186082	1.730481	0.4454602	7.453748
15108	-7927.121	-8175.7	248.5789	0.7825754	2.140379	0.4306752	7.453748
15114	-7927.324	-8175.843	248.5191	0.8964595	1.728707	0.4125683	7.575954
15120	-7933.59	-8182.31	248.7202	0.7920216	1.676988	0.4401959	7.515291
15126	-7955.123	-8205.149	250.0268	0.7617218	1.681422	0.6049146	6.684427
15132	-7941.912	-8191.757	249.8444	0.8309333	1.556418	0.6049146	6.792299
15138	-7945.019	-8194.758	249.7384	0.8819043	1.573756	0.5604691	6.850961
15144	-7931.627	-8179.963	248.3352	0.8183761	1.750645	0.5231862	7.605729
15150	-7929.425	-8177.563	248.1378	0.7564646	1.367814	0.5231862	7.890598
15156	-7933.313	-8181.896	248.5831	0.7564646	1.40322	0.5038727	7.654644
15162	-7937.622	-8186.921	249.2986	0.8974956	1.505658	0.5592782	7.106823
15168	-7925.384	-8173.692	248.3078	0.7852613	1.598155	0.5574495	7.664399
15174	-7932.473	-8182.223	249.7495	0.8808563	1.604423	0.5079792	6.878599
15180	-7933.283	-8183.319	250.0354	0.8695885	1.348687	0.5787762	6.77354
15186	-7928.579	-8176.472	247.8933	0.7900242	1.66109	0.4761908	7.930371
15192	-7929.954	-8179.253	249.2991	0.7630041	1.66109	0.6317736	7.062943
15198	-7945.761	-8195.391	249.6297	0.9144382	1.767516	0.6334552	6.763885
15204	-7927.886	-8177.025	249.1391	0.7770027	1.59488	0.5773835	7.208269
15210	-7935.92	-8185.825	249.9051	0.9627542	1.727342	0.485482	6.725721
15216	-7932.431	-8183.111	250.68	0.932634	1.727342	0.5259574	6.286308
15222	-7920.853	-8171.797	250.944	0.9575582	1.618118	0.5610863	6.139541
15228	-7923.106	-8172.207	249.1009	0.8331202	1.567602	0.5240881	7.253227
15234	-7929.293	-8177.547	248.2534	0.7547662	1.567602	0.6513741	7.648604
15240	-7924.639	-8174.054	249.4145	0.8174365	1.857612	0.6443489	6.893356
15246	-7920.508	-8170.134	249.6262	0.7867055	2.023303	0.5570081	6.810512
15252	-7930.162	-8178.359	248.1972	0.8103877	2.023303	0.462064	7.648797
15258	-7932.644	-8181.535	248.8912	0.8650705	1.712783	0.4627159	7.35021
15264	-7933.255	-8183.178	249.9226	0.9600139	1.564286	0.521949	6.745541
15270	-7930.152	-8179.264	249.1124	0.8404851	1.564286	0.4916856	7.272835
15276	-7928.231	-8176.981	248.7499	0.7929024	1.322319	0.5695983	7.524697
15282	-7929.731	-8177.342	247.6108	0.7483389	1.322319	0.5695983	8.156837
15288	-7925.002	-8173.83	248.828	0.884471	1.516731	0.5701801	7.353355
15294	-7938.259	-8185.725	247.4655	0.8010837	2.043203	0.5242968	7.982933
15300	-7936.177	-8184.323	248.1456	0.81309	2.043203	0.5725156	7.573195
15306	-7935.66	-8183.075	247.4151	0.7816372	2.043203	0.4658807	8.072082
15312	-7928.083	-8175.995	247.9112	0.7794347	1.605329	0.6400033	7.812551
15318	-7917.501	-8167.374	249.8724	0.8630541	1.605329	0.6226945	6.727486
15324	-7929.567	-8177.579	248.0117	0.8871211	1.742926	0.575649	7.701255
15330	-7929.258	-8179.173	249.9153	0.8508025	1.742926	0.5595897	6.710937
15336	-7927.233	-8175.466	248.2334	0.8709968	1.742926	0.7214649	7.483593
15342	-7926.452	-8174.897	248.445	0.8300842	1.825053	0.6176233	7.43879
15348	-7933.925	-8183.541	249.6164	0.815733	1.514485	0.6246348	6.924604
15354	-7934.383	-8181.115	246.7327	0.7801563	1.582614	0.4884719	8.571173
15360	-7918.477	-8166.371	247.8941	0.6974344	1.448593	0.6306945	7.93304
15366	-7929.371	-8178.104	248.7324	0.9045274	1.877578	0.5653581	7.268292
15372	-7925.828	-8174.383	248.5548	0.8425074	1.573327	0.467244	7.589527
15378	-7936.582	-8185.77	249.1882	0.8971018	1.705185	0.467244	7.172044
15384	-7932.828	-8181.11	248.2825	0.7356101	1.705185	0.5251117	7.692508
15390	-7933.829	-8180.401	246.5722	0.7021996	1.357195	0.5809045	8.7096
15396	-7939.044	-8186.862	247.8177	0.7778883	1.581008	0.5809045	7.917718
15402	-7947.895	-8197.016	249.1205	0.8093553	1.581008	0.5809045	7.203306
15408	-7945.642	-8195.031	249.3886	0.8539929	1.581008	0.5432249	7.066032
15414	-7933.84	-8181.406	247.5663	0.6921793	1.581008	0.5432249	8.128083
15420	-7939.617	-8189.578	249.9616	0.8507573	1.544755	0.5581002	6.760399
15426	-7944.776	-8192.622	247.8457	0.7195852	1.544755	0.5581002	7.965984
15432	-7936.537	-8183.942	247.4053	0.7305247	1.544755	0.5581002	8.194888
15438	-7940.112	-8187.092	246.9799	0.8230398	1.544755	0.5581002	8.372011
15444	-7936.82	-8184.804	247.9838	0.7865638	1.659397	0.4612895	7.898301
15450	-7930.692	-8180.638	249.9465	0.9215645	1.786055	0.5730345	6.629729
15456	-7933.032	-8180.47	247.4376	0.7245377	1.633317	0.6317793	8.090308
15462	-7933.324	-8180.527	247.2022	0.7972822	1.633317	0.6317793	8.176947
15468	-7936.005	-8183.761	247.7559	0.7948845	1.633317	0.5878134	7.916726
15474	-7946.444	-8195.297	248.8523	0.8572101	1.41535	0.4640349	7.48764
15480	-7937.976	-8184.952	246.9757	0.7286397	1.41535	0.5214355	8.506044
15486	-7931.08	-8180.225	249.1446	0.7195811	1.649548	0.5766743	7.216441
15492	-7928.531	-8176.901	248.3701	0.7686889	1.649548	0.5766743	7.605398
15498	-7913.907	-8163.707	249.8004	0.8945969	1.649548	0.5891796	6.759033
15504	-7923.645	-8172.911	249.2663	0.8549002	1.645965	0.6665137	7.010971
15510	-7934.856	-8184.651	249.7944	0.8600303	1.656872	0.5658922	6.796976
15516	-7934.42	-8185.07	250.6501	0.8976473	1.517851	0.5658922	6.36652
15522	-7933.273	-8181.901	248.628	0.809468	1.648069	0.5465352	7.470557
15528	-7927.408	-8177.057	249.649	0.8306772	1.749895	0.5289302	6.888818
15534	-7928.58	-8176.733	248.1531	0.8168309	1.722354	0.5289302	7.708952
15540	-7923.632	-8172.502	248.8702	0.8001192	1.4253	0.64504	7.354633
15546	-7928.816	-8177.549	248.7332	0.8325198	1.636237	0.64504	7.328879
15552	-7926.954	-8175.821	248.8669	0.9110939	1.4512	0.6177564	7.306814
15558	-7924.066	-8171.23	247.1643	0.8406016	1.490134	0.6177564	8.238909
15564	-7922.203	-8169.464	247.2606	0.7160403	1.490134	0.6378269	8.238909
15570	-7925.984	-8172.937	246.9531	0.7713613	1.490134	0.4871206	8.495426
15576	-7922.958	-8171.524	248.5656	0.7713613	1.66139	0.519556	7.542405
15582	-7924.984	-8174.427	249.4437	0.9491091	1.69853	0.485773	6.991933
15588	-7920.284	-8168.327	248.0428	0.8043049	1.637976	0.5373502	7.797806
15594	-7924.516	-8172.129	247.6128	0.7444353	1.764858	0.6194715	7.948749
15600	-7919.078	-8168.933	249.8551	0.876783	1.711056	0.5170909	6.776742
15606	-7929.077	-8179.686	250.6096	0.9045083	1.841299	0.5310908	6.295675
15612	-7939.843	-8189.01	249.1671	0.9198007	1.486546	0.7723404	7.017659
15618	-7941.842	-8192.2	250.3586	0.9387181	1.773705	0.5287584	6.438646
15624	-7938.786	-8186.693	247.907	0.7391346	1.735287	0.5602421	7.851387
15630	-7930.315	-8178.8	248.4858	0.8004858	1.694567	0.5315469	7.547325
15636	-7933.693	-8180.917	247.2236	0.7603984	1.492068	0.5315469	8.318128
15642	-7942.5	-8189.435	246.935	0.7346221	1.686041	0.5315469	8.412787
15648	-7936.786	-8184.143	247.3571	0.7730917	1.686041	0.4975088	8.197109
15654	-7934.936	-8183.097	248.1613	0.8733393	1.686041	0.450605	7.757591
15660	-7951.518	-8200.758	249.2399	0.8415934	1.38176	0.5807543	7.201366
15666	-7962.388	-8211.761	249.3738	0.8767425	1.390111	0.4854934	7.188075
15672	-7956.66	-8206.381	249.7214	0.8062617	1.513854	0.517759	6.960191
15678	-7938.276	-8185.896	247.6202	0.8088107	1.494631	0.5971251	8.027012
15684	-7938.531	-8187.839	249.3085	0.9061979	1.407153	0.5181546	7.171307
15690	-7924.032	-8173.542	249.5098	0.8844665	1.433173	0.5788355	7.013407
15696	-7916.94	-8165.457	248.5177	0.7848518	1.566766	0.5206309	7.595049
15702	-7922.725	-8172.648	249.9231	0.7725497	1.468123	0.5423747	6.866774
15708	-7915.253	-8163.605	248.3527	0.8104333	1.468123	0.5423747	7.68965
15714	-7920.55	-8171.024	250.4745	0.9088902	1.518143	0.5567383	6.46306
15720	-7933.287	-8184.083	250.7952	0.8605289	1.677519	0.5567383	6.254767
15726	-7914.674	-8164.148	249.4739	0.8937558	1.71547	0.5356376	6.95567
15732	-7921.873	-8172.662	250.789	0.8539136	1.528172	0.480127	6.385456
15738	-7940.031	-8189.369	249.3376	0.8074089	1.499045	0.4424978	7.240753
15744	-7934.421	-8183.903	249.4818	0.8701193	1.499045	0.536072	7.044954
15750	-7922.513	-8171.221	248.7082	0.82114	1.499045	0.536072	7.486642
15756	-7919.777	-8168.875	249.0983	0.7587133	1.618999	0.536072	7.265024
15762	-7916.117	-8164.981	248.864	0.7662159	1.641391	0.5353068	7.379131
15768	-7924.066	-8172.342	248.2762	0.827755	1.641391	0.6561941	7.566244
15774	-7936.304	-8184.871	248.5673	0.762931	1.614884	0.515934	7.566244
15780	-7922.515	-8170.904	248.389	0.7852031	1.658326	0.4810275	7.664718
15786	-7921.633	-8170.066	248.4329	0.9305996	1.580209	0.497048	7.577979
15792	-7924.832	-8173.262	248.4297	0.8507813	1.580209	0.4428592	7.672483
15798	-7923.654	-8173.27	249.6155	0.827307	1.9192	0.518914	6.859983
15804	-7923.822	-8174.28	250.4582	0.8902902	1.9192	0.5174874	6.37135
15810	-7922.174	-8172.302	250.1281	0.8844247	1.9192	0.5047728	6.564642
15816	-7930.769	-8180.896	250.1262	0.8862843	1.9192	0.5047728	6.564642
15822	-7933.336	-8183.374	250.0388	1.013725	2.003133	0.5739173	6.457117
15828	-7931.788	-8183.642	251.8539	0.9990611	1.816616	0.5862271	5.526689
15834	-7940.72	-8190.34	249.6196	0.879697	1.484068	0.5473328	6.962051
15840	-7938.514	-8187.092	248.578	0.7386286	1.637678	0.5473328	7.538443
15846	-7938.21	-8186.506	248.2957	0.8282131	1.673494	0.5357178	7.638267
15852	-7934.092	-8183.893	249.8012	0.8370575	1.596095	0.56263	6.831032
15858	-7922.413	-8171.37	248.9578	0.8719135	1.532974	0.536408	7.312028
15864	-7928.393	-8176.147	247.7543	0.7211458	1.470643	0.5098537	8.083446
15870	-7937.783	-8187.239	249.4559	0.8318579	1.813484	0.536408	6.963838
15876	-7943.789	-8192.116	248.3267	0.8686435	1.585766	0.5782282	7.597502
15882	-7937.997	-8186.689	248.6921	0.8024828	1.457466	0.6564309	7.427444
15888	-7929.449	-8178.11	248.661	0.7802419	1.529805	0.6564309	7.427444
15894	-7934.853	-8183.43	248.5773	0.8043357	1.461727	0.6564309	7.486276
15900	-7930.737	-8181.871	251.1338	0.9997559	1.461727	0.628207	6.020942
15906	-7941.162	-8191.692	250.5307	0.9136387	1.461727	0.628207	6.395697
15912	-7929.039	-8180.976	251.9369	0.9566438	1.488748	0.5648647	5.644884
15918	-7926.498	-8176.932	250.4338	0.9839014	1.565401	0.5292693	6.449294
15924	-7928.617	-8176.881	248.2646	0.751192	1.526706	0.515903	7.767869
15930	-7938.518	-8187.933	249.4153	0.9602029	1.632875	0.5582619	6.962504
15936	-7926.13	-8175.508	249.3775	0.9114161	1.715895	0.5582619	6.978997
15942	-7923.173	-8173.352	250.1791	0.8037118	1.619629	0.5218638	6.670506
15948	-7932.394	-8181.52	249.1264	0.9313813	1.619629	0.5004222	7.187807
15954	-7932.556	-8181.626	249.0702	0.9440347	1.872826	0.531498	7.095302
15960	-7943.489	-8192.906	249.4162	0.8076849	1.586145	0.5248121	7.089754
15966	-7940.748	-8189.809	249.0614	0.8463926	1.586145	0.5608716	7.229418
15972	-7920.903	-8170.71	249.8079	0.8210208	1.341662	0.5608716	6.940053
15978	-7919.378	-8168.632	249.2537	0.8122341	1.449708	0.5608716	7.197817
15984	-7920.545	-8169.512	248.9666	0.7491427	1.664793	0.5253614	7.333143
15990	-7915.207	-8164.875	249.6687	0.8610792	1.576027	0.5253614	6.928461
15996	-7928.801	-8178.031	249.2305	0.7881522	1.711796	0.5219387	7.156502
16002	-7929.165	-8178.404	249.2394	0.861704	1.652788	0.4917057	7.16012
16008	-7933.152	-8180.791	247.6392	0.7875055	1.652788	0.5096124	8.040509
16014	-7934.401	-8184.551	250.1506	0.883125	1.62136	0.5096124	6.653046
16020	-7933.58	-8182.058	248.4784	0.8521771	1.63415	0.5362983	7.541498
16026	-7937.308	-8186.637	249.3294	1.001316	1.63415	0.5356424	7.005092
16032	-7940.611	-8188.244	247.6336	0.7352588	1.63415	0.6648415	7.955529
16038	-7941.196	-8190.249	249.0533	0.8102139	1.795785	0.6648415	7.097654
16044	-7945.509	-8194.563	249.0537	0.8095299	1.809032	0.4912026	7.233173
16050	-7944.076	-8192.36	248.2843	0.8330436	1.809032	0.4815304	7.64178
16056	-7920.659	-8169.366	248.7077	0.8345206	1.661309	0.4867753	7.461401
16062	-7934.227	-8183.943	249.7152	0.8207065	1.784585	0.5357397	6.840581
16068	-7931.753	-8180.224	248.4702	0.7968514	1.704297	0.5603793	7.530171
16074	-7922.334	-8172.515	250.1813	0.9359324	1.460049	0.5884395	6.604592
16080	-7928.824	-8179.826	251.0015	0.9054178	1.582519	0.6143963	6.10728
16086	-7916.86	-8167.211	250.3511	0.8643176	1.376915	0.6004038	6.576477
16092	-7910.972	-8160.96	249.9885	0.8214385	1.570056	0.586688	6.728777
16098	-7914.122	-8163.26	249.1381	0.9049115	1.74298	0.586688	7.078775
16104	-7921.158	-8168.76	247.6013	0.772849	1.553299	0.5351771	8.083657
16110	-7936.128	-8184.957	248.8294	0.8056306	1.553299	0.6160486	7.34469
16116	-7936.405	-8185.563	249.1581	0.7669496	1.952017	0.4785688	7.164117
16122	-7929.29	-8178.069	248.7793	0.8478752	1.775448	0.4785688	7.382887
16128	-7923.42	-8172.056	248.636	0.8445724	1.787765	0.5648581	7.382887
16134	-7937.706	-8185.514	247.8076	0.8234032	1.392301	0.4186605	8.117103
16140	-7936.563	-8184.484	247.9214	0.857677	1.61783	0.4186605	7.949951
16146	-7907.507	-8156.535	249.0276	0.8856968	1.561117	0.5959502	7.207855
16152	-7907.211	-8157.059	249.8479	0.8361368	1.502172	0.5959502	6.815833
16158	-7925.907	-8175.182	249.2752	0.7921405	1.502172	0.6000279	7.144754
16164	-7933.336	-8182.322	248.986	0.8211665	1.719246	0.5393776	7.252592
16170	-7923.219	-8171.577	248.3574	0.7907448	1.739681	0.5393776	7.5987
16176	-7915.755	-8166.193	250.4382	0.8531881	1.739681	0.5393776	6.44474
16182	-7912.383	-8161.976	249.5927	0.8882605	1.657461	0.5393776	6.912377
16188	-7926.66	-8177.151	250.4908	0.9080781	1.657461	0.5652534	6.394547
16194	-7923.624	-8174.437	250.8126	0.9334565	1.657461	0.4754326	6.284601
16200	-7913.878	-8163.419	249.5414	0.9004595	1.657461	0.5388091	6.933916
16206	-7909.705	-8157.492	247.7876	0.7066071	1.657461	0.5357628	7.980429
16212	-7899.106	-8147.205	248.0995	0.8398788	1.939607	0.5357628	7.646379
16218	-7899.157	-8147.001	247.844	0.6888954	1.587849	0.5357628	7.985465
16224	-7907.653	-8155.832	248.1796	0.7877841	1.694204	0.5310483	7.718513
16230	-7924.358	-8174.611	250.2531	0.8332229	1.873619	0.5323824	6.515685
16236	-7935.05	-8185.182	250.1321	0.8632107	1.716369	0.5323824	6.619317
16242	-7944.827	-8194.242	249.4153	0.8480488	1.716369	0.4565682	7.082309
16248	-7922.853	-8172.388	249.5345	0.8476796	1.716369	0.4483846	7.026208
16254	-7922.206	-8171.834	249.6281	0.7469202	1.44955	0.4442839	7.135236
16260	-7923.174	-8170.68	247.5053	0.7845804	1.608101	0.4834871	8.152921
16266	-7917.259	-8166.282	249.0234	0.8472326	1.608101	0.6050468	7.205896
16272	-7922.19	-8170.04	247.8507	0.778278	1.400728	0.539028	8.005019
16278	-7920.084	-8168.971	248.8875	0.7038967	1.477106	0.5404451	7.458366
16284	-7917.577	-8165.535	247.9574	0.8438656	1.470836	0.4798292	7.936267
16290	-7929.097	-8177.074	247.9775	0.7338016	1.470836	0.4870783	7.97772
16296	-7942.318	-8191.131	248.813	0.7879875	1.470836	0.4870783	7.502152
16302	-7941.818	-8190.525	248.7071	0.7634018	1.655513	0.5707369	7.430287
16308	-7947.435	-8195.382	247.9474	0.8186738	1.655513	0.6147253	7.772798
16314	-7942.855	-8191.606	248.7508	0.8075559	1.655513	0.6147253	7.348586
16320	-7939.265	-8187.196	247.9306	0.7734011	1.649427	0.5349889	7.872068
16326	-7939.255	-8189.737	250.4815	0.8562371	1.827217	0.5349889	6.392878
16332	-7936.772	-8186.312	249.5403	0.8559276	1.492724	0.4826207	7.070568
16338	-7945.749	-8195.341	249.5921	0.9257644	1.393315	0.4826207	7.045573
16344	-7940.004	-8189.624	249.6206	0.8480946	1.425612	0.4971374	7.045573
16350	-7929.758	-8177.965	248.2071	0.7973698	1.746799	0.4971374	7.70951
16356	-7930.365	-8177.373	247.0079	0.8459889	1.720764	0.5562192	8.28203
16362	-7923.119	-8172.788	249.6696	0.8217313	1.720764	0.4557848	6.958774
16368	-7916.493	-8164.035	247.5414	0.8489344	1.472536	0.4999846	8.136696
16374	-7915.506	-8164.253	248.7469	0.7565308	1.907845	0.5127037	7.374309
16380	-7926.521	-8174.883	248.3618	0.7817185	1.420645	0.5421647	7.71948
16386	-7928.448	-8176.452	248.0046	0.8009079	1.431518	0.5874179	7.858965
16392	-7933.687	-8181.756	248.0693	0.7212532	1.390004	0.5338094	7.927659
16398	-7940.534	-8188.584	248.0506	0.7567651	1.390004	0.5232594	7.927659
16404	-7942.353	-8192.061	249.7074	0.8332846	1.828153	0.6328667	6.745316
16410	-7935.379	-8184.285	248.9062	0.8302559	1.90611	0.5679404	7.203307
16416	-7949.214	-8198.774	249.5591	0.8992425	1.561297	0.4317418	7.058633
16422	-7931.275	-8180.42	249.1444	0.8448276	1.561297	0.5656741	7.191179
16428	-7927.151	-8176.131	248.9797	0.8018101	1.562207	0.6277149	7.253738
16434	-7932.256	-8182.113	249.8566	0.8375094	1.641609	0.6277149	6.732468
16440	-7926.231	-8175.251	249.0201	0.7935567	1.544229	0.6277149	7.243398
16446	-7941.388	-8189.174	247.7863	0.8525007	1.544229	0.6039906	7.890525
16452	-7929.042	-8179.44	250.3986	0.859304	1.384932	0.6573231	6.506784
16458	-7935.975	-8186.712	250.7369	0.9178346	1.457697	0.6573231	6.261282
16464	-7927.856	-8176.847	248.9913	0.7779834	1.457697	0.5524116	7.360811
16470	-7925.702	-8174.975	249.2723	0.7971069	1.543539	0.5991638	7.128165
16476	-7920.209	-8168.956	248.7469	0.7073447	1.673928	0.6238867	7.390743
16482	-7929.704	-8177.823	248.1184	0.8335825	1.75296	0.5516711	7.688786
16488	-7908.482	-8158.343	249.8612	0.8582124	1.448237	0.5292807	6.873139
16494	-7913.711	-8163.408	249.6975	0.8218725	1.485108	0.581299	6.92302
16500	-7910.631	-8158.872	248.2417	0.7804779	1.546745	0.581299	7.702533
16506	-7915.355	-8164.354	248.9983	0.8199278	1.634576	0.6149381	7.216594
16512	-7925.842	-8174.458	248.6165	0.7825944	1.582046	0.5767326	7.49099
16518	-7923.313	-8171.907	248.5941	0.8029645	1.582046	0.578112	7.49099
16524	-7929.762	-8180.093	250.3314	0.8873113	1.582046	0.5842032	6.50506
16530	-7907.982	-8157.087	249.1051	0.8247565	1.582046	0.5814192	7.202481
16536	-7914.364	-8161.808	247.4445	0.7431017	1.602843	0.5814192	8.126679
16542	-7917.408	-8166.831	249.4231	0.8457487	1.563453	0.5725407	7.034422
16548	-7927.807	-8177.907	250.0999	0.897615	1.563453	0.5801776	6.635128
16554	-7922.016	-8171.299	249.2828	0.8360612	1.951858	0.6139139	6.946381
16560	-7923.9	-8172.736	248.8362	0.7985032	1.951858	0.6139139	7.206832
16566	-7930.211	-8179.033	248.822	0.8932496	1.749158	0.6420662	7.210237
16572	-7927.581	-8178.107	250.5258	0.9310595	1.749158	0.6085559	6.295233
16578	-7930.439	-8181.59	251.1505	0.9186891	1.749158	0.5418119	6.016432
16584	-7938.381	-8189.151	250.7707	0.8819095	1.749158	0.5418119	6.243217
16590	-7937.08	-8186.699	249.6183	0.8653269	1.828761	0.6246785	6.782125
16596	-7931.777	-8180.826	249.049	0.9357892	1.741126	0.6246785	7.081237
16602	-7935.577	-8184.798	249.2207	0.8224796	1.694441	0.6486271	7.048472
16608	-7939.568	-8187.907	248.339	0.707676	1.547467	0.6486271	7.637677
16614	-7925.47	-8175.492	250.0218	0.801132	1.547467	0.6456641	6.684959
16620	-7928.316	-8174.645	246.329	0.721806	1.737018	0.5122367	8.739874
16626	-7924.105	-8173.07	248.9648	0.8898651	1.737018	0.5102137	7.245838
16632	-7925.417	-8174.623	249.2061	0.9767526	1.701731	0.5126901	7.079841
16638	-7931.387	-8180.475	249.0879	0.8538534	1.701731	0.4419027	7.274417
16644	-7922.837	-8170.983	248.1458	0.8322518	1.622643	0.4844777	7.779544
16650	-7935.996	-8185.432	249.4355	0.9434358	1.61544	0.5291261	6.991592
16656	-7936.939	-8186.221	249.2824	0.8653094	1.572019	0.5192657	7.140906
16662	-7916.967	-8166.182	249.2152	0.82618	1.545203	0.4627363	7.259158
16668	-7925.38	-8173.617	248.2366	0.8692356	1.744117	0.4627363	7.687577
16674	-7930.131	-8177.714	247.5826	0.7916963	1.790836	0.5452717	7.989559
16680	-7936.921	-8185.576	248.6543	0.9324541	1.790836	0.583688	7.309721
16686	-7930.404	-8179.286	248.8814	0.8538084	1.701897	0.5972878	7.250413
16692	-7933.698	-8182.496	248.7987	0.7970506	1.835849	0.5972878	7.278848
16698	-7936.102	-8183.834	247.7317	0.7970506	1.835849	0.496253	7.933978
16704	-7940.211	-8187.167	246.9558	0.6807529	1.989121	0.5040998	8.35272
16710	-7940.018	-8187.383	247.365	0.7035889	1.989121	0.4999754	8.126387
16716	-7938.927	-8186.433	247.5057	0.7993265	1.893414	0.4881104	8.041566
16722	-7928.05	-8176.691	248.6406	0.9030726	1.89189	0.5351212	7.338719
16728	-7939.112	-8187.296	248.1836	0.8055712	1.89189	0.4695922	7.693624
16734	-7936.486	-8185.351	248.8651	0.7948934	1.477539	0.5396329	7.422122
16740	-7923.262	-8171.662	248.3992	0.8478073	1.823482	0.458991	7.588311
16746	-7925.24	-8173.813	248.5733	0.8572164	1.823482	0.5439608	7.414769
16752	-7929.662	-8178.543	248.8809	0.8388895	1.512444	0.4952235	7.414769
16758	-7927.943	-8177.039	249.0965	0.7929976	1.71792	0.6240174	7.141167
16764	-7937.595	-8187.451	249.8562	0.8439695	1.455041	0.6240174	6.804251
16770	-7941.188	-8190.323	249.1356	0.8323671	1.452922	0.6549232	7.176253
16776	-7920.393	-8169.476	249.0825	0.7997249	1.758809	0.5660666	7.176253
16782	-7936.875	-8185.927	249.0524	0.8386214	2.016528	0.5951876	7.063077
16788	-7926.796	-8176.313	249.5172	0.8819574	1.798849	0.5104717	6.931222
16794	-7928.656	-8177.667	249.0113	0.8347968	1.798849	0.4782886	7.257563
16800	-7932.171	-8181.732	249.5609	0.8565508	1.479492	0.4782886	7.068395
16806	-7930.96	-8180.759	249.7994	0.9026067	1.881419	0.4519303	6.793638
16812	-7947.105	-8196.221	249.1156	0.8523115	1.789955	0.4810489	7.192657
16818	-7936.02	-8183.821	247.8003	0.806367	1.706107	0.4810489	7.950756
16824	-7923.727	-8173.691	249.9637	0.8414917	1.706107	0.5762774	6.689284
16830	-7925.338	-8175.317	249.9789	0.9585443	1.663296	0.5446722	6.659404
16836	-7929.233	-8178.425	249.1921	0.8721093	1.418743	0.5858136	7.191266
16842	-7926.817	-8174.838	248.0206	0.890764	1.418743	0.5488492	7.838753
16848	-7934.74	-8183.561	248.8216	0.8723971	1.580579	0.5488492	7.356219
16854	-7939.661	-8189.546	249.8849	0.843804	1.580579	0.5075507	6.834981
16860	-7935.212	-8184.527	249.315	0.7876387	1.631865	0.5977903	7.07798
16866	-7939.384	-8188.663	249.2795	0.761385	1.65541	0.5977903	7.102576
16872	-7953.048	-8202.699	249.6513	0.8965841	1.519985	0.5699699	6.903014
16878	-7939.192	-8188.95	249.758	0.8578839	1.519985	0.5261166	6.903014
16884	-7927.778	-8176.912	249.1332	0.8520312	1.55183	0.5032965	7.249898
16890	-7945.361	-8194.831	249.4703	0.9488338	1.728144	0.4028905	7.047409
16896	-7934.835	-8184.161	249.3258	0.8394241	1.598568	0.6272581	7.034031
16902	-7926.647	-8175.855	249.2085	0.9119285	1.598568	0.5382267	7.12929
16908	-7927.776	-8176.804	249.0279	0.9118771	1.6263	0.4474717	7.29756
16914	-7930.844	-8180.159	249.3151	0.8466067	1.693859	0.5587386	7.054965
16920	-7936.095	-8185.687	249.5918	0.8772487	1.693859	0.5492277	6.89733
16926	-7944.105	-8194.514	250.4086	0.8566392	1.693859	0.5492277	6.466988
16932	-7939.288	-8188.415	249.1264	0.7913688	1.789411	0.5573555	7.153724
16938	-7945.114	-8193.407	248.2929	0.8128704	1.739852	0.5573555	7.606407
16944	-7945.498	-8194.117	248.6195	0.8145839	1.739852	0.5357505	7.44855
16950	-7932.38	-8180.861	248.4813	0.8142696	1.739852	0.4654371	7.58501
16956	-7938.578	-8187.265	248.6874	0.8142696	1.687632	0.4158457	7.541106
16962	-7929.825	-8176.998	247.174	0.6952963	1.59143	0.478655	8.387334
16968	-7931.03	-8180.233	249.2033	0.8612335	1.655395	0.5208921	7.153061
16974	-7928.557	-8177.775	249.2178	0.8467623	1.655395	0.5208921	7.153061
16980	-7926.673	-8176.354	249.6803	0.91054	1.84582	0.5942489	6.742056
16986	-7938.422	-8188.491	250.0691	0.9013561	1.476435	0.5881498	6.677582
16992	-7934.12	-8181.646	247.5261	0.7071673	1.598942	0.6115314	8.080395
16998	-7917.482	-8165.586	248.1046	0.7278904	1.638401	0.5347849	7.807635
17004	-7918.24	-8167.241	249.0008	0.8616151	1.721537	0.5829339	7.186449
17010	-7923.519	-8173.358	249.8386	0.8960377	1.415773	0.4913751	6.911553
17016	-7916.051	-8164.214	248.1637	0.8600773	1.696385	0.4913751	7.722124
17022	-7921.136	-8169.089	247.9525	0.8063817	1.823562	0.4913751	7.819586
17028	-7936.468	-8185.201	248.7328	0.8174021	1.496699	0.4913751	7.515238
17034	-7937.931	-8186.651	248.72	0.8572109	1.496699	0.5024454	7.490956
17040	-7938.88	-8187.841	248.9616	0.8200411	1.643397	0.5718158	7.266947
17046	-7925.383	-8175.282	249.8986	0.8534853	1.616537	0.5260176	6.792677
17052	-7933.414	-8183.505	250.0912	0.8160365	1.735304	0.5076821	6.681675
17058	-7947.033	-8195.141	248.1083	0.8276015	1.80735	0.5122689	7.712065
17064	-7915.941	-8165.158	249.2167	0.8274924	1.690934	0.512827	7.158162
17070	-7920.819	-8170.541	249.7223	0.8668196	1.690934	0.5852043	6.804267
17076	-7925.747	-8176.832	251.0845	0.9498761	1.707844	0.5852043	6.014255
17082	-7936.24	-8188.223	251.983	0.9584853	1.97041	0.5852043	5.427019
17088	-7937.159	-8188.09	250.9309	0.9135812	1.710113	0.5538902	6.142666
17094	-7929.217	-8178.589	249.3723	0.7473029	1.567963	0.5108461	7.16485
17100	-7934.945	-8185.165	250.22	0.8587885	1.560908	0.5443001	6.621698
17106	-7926.82	-8177.357	250.5368	0.868604	1.653247	0.5903611	6.372203
17112	-7929.038	-8178.056	249.0178	0.8133261	1.753943	0.5915258	7.185014
17118	-7916.595	-8165.789	249.1942	0.8749107	1.468503	0.6514079	7.118207
17124	-7916.451	-8166.325	249.8739	0.8539287	1.612431	0.5465745	6.789832
17130	-7911.803	-8161.848	250.0454	0.9175483	1.641296	0.5981446	6.610179
17136	-7905.326	-8154.945	249.6194	0.8058096	1.451095	0.5846942	6.984717
17142	-7907.455	-8156.706	249.2509	0.8151662	1.489029	0.5114073	7.223818
17148	-7901.561	-8151.503	249.9419	0.952102	1.665325	0.570152	6.660997
17154	-7918.527	-8168.83	250.3024	0.9055566	2.063194	0.5721568	6.35541
17160	-7925.192	-8175.418	250.2264	0.8720304	1.864783	0.5239536	6.519363
17166	-7927.138	-8176.312	249.1742	0.9560816	2.00522	0.505423	7.012646
17172	-7934.196	-8182.555	248.3598	0.8811171	1.541094	0.505423	7.651061
17178	-7924.784	-8173.278	248.4948	0.7992861	1.817564	0.505423	7.522929
17184	-7924.41	-8173.74	249.33	0.8148068	1.87496	0.505423	7.046955
17190	-7928.642	-8177.938	249.2958	0.8823137	1.569679	0.5326087	7.113956
17196	-7930.784	-8179.914	249.1298	0.83711	1.762626	0.5153212	7.172134
17202	-7934.729	-8181.505	246.776	0.8185307	1.676365	0.5680336	8.426159
17208	-7924.151	-8173.209	249.0581	0.7875807	1.743549	0.517216	7.242289
17214	-7929.041	-8178.55	249.5088	0.8696919	1.714286	0.5551123	6.933909
17220	-7928.28	-8178.103	249.8225	0.8517478	1.738598	0.5492991	6.770593
17226	-7921.84	-8169.911	248.0708	0.8166862	1.661276	0.5942432	7.721656
17232	-7932.887	-8181.004	248.1172	0.7564752	1.659992	0.5651138	7.752704
17238	-7933.186	-8182.292	249.1061	0.9017888	1.773703	0.5651138	7.104287
17244	-7946.144	-8195.442	249.2972	0.8630628	1.686961	0.4741043	7.131912
17250	-7939.35	-8188.716	249.3664	0.7501438	1.592754	0.5843454	7.095737
17256	-7926.667	-8174.798	248.131	0.7550117	1.592754	0.4998664	7.826042
17262	-7938.719	-8187.423	248.7044	0.7678219	1.355163	0.6102052	7.516406
17268	-7938.963	-8187.759	248.796	0.7955893	1.47272	0.5055877	7.489946
17274	-7949.175	-8199.175	249.9993	0.900839	1.887658	0.5055877	6.635142
17280	-7939.319	-8188.848	249.5296	0.7888632	1.796233	0.5568546	6.936115
17286	-7932.516	-8183.038	250.5226	0.9062174	1.796233	0.5579256	6.334776
17292	-7934.3	-8184.006	249.7058	0.8089976	1.600078	0.5232385	6.929244
17298	-7936.657	-8183.822	247.1651	0.7485394	1.563384	0.5232385	8.335113
17304	-7930.144	-8178.567	248.4235	0.7315461	1.582555	0.5696351	7.627174
17310	-7934.957	-8182.985	248.0283	0.7566526	1.840221	0.5354632	7.761827
17316	-7935.979	-8185.539	249.5603	0.8765313	1.56861	0.4992111	7.004222
17322	-7936.276	-8184.409	248.133	0.7555624	1.588467	0.4992111	7.826897
17328	-7945.692	-8195.323	249.6308	0.8352389	1.992617	0.4992111	6.84119
17334	-7937.173	-8186.76	249.5877	0.8314897	1.890124	0.5677791	6.84119
17340	-7917.664	-8166.575	248.911	0.8230834	1.838495	0.5677791	7.227178
17346	-7925.013	-8174.052	249.0393	0.8513658	1.971714	0.5157199	7.143156
17352	-7920.892	-8170.528	249.6367	0.8521335	1.449573	0.5435144	6.984796
17358	-7914.233	-8162.955	248.7219	0.8521335	1.731576	0.5216419	7.388448
17364	-7911.546	-8161.717	250.1708	0.9205008	1.841134	0.4612654	6.587915
17370	-7916.936	-8165.877	248.9419	0.8576143	1.826466	0.4612654	7.289009
17376	-7919.216	-8169.151	249.9351	0.8716044	1.530856	0.5143311	6.806069
17382	-7922.912	-8170.716	247.8035	0.6764284	1.530856	0.544394	8.028147
17388	-7925.031	-8172.907	247.8753	0.7757367	1.404034	0.4969148	8.028147
17394	-7927.738	-8175.054	247.3156	0.835236	1.415479	0.4969148	8.289883
17400	-7919.362	-8168.771	249.4086	0.8185518	1.492583	0.5341067	7.116301
17406	-7950.291	-8199.936	249.6449	0.8459473	1.761752	0.5774981	6.838314
17412	-7934.153	-8182.812	248.6593	0.8177556	1.343623	0.4461759	7.659066
17418	-7932.888	-8182.905	250.0169	0.8844932	1.343623	0.5823576	6.774807
17424	-7921.217	-8170.66	249.4428	0.8304676	1.515627	0.4969312	7.114786
17430	-7941.577	-8191.072	249.4948	0.8739629	1.525897	0.5645726	7.001628
17436	-7947.027	-8197.575	250.5478	0.9768738	1.807544	0.5645726	6.273297
17442	-7939.436	-8189.841	250.4048	0.8974135	1.550777	0.4798961	6.56145
17448	-7945.247	-8194.708	249.4613	0.8886939	1.550777	0.4798961	7.075281
17454	-7939.228	-8188.714	249.4851	0.8648751	1.550777	0.4798961	7.075281
17460	-7927.863	-8177.212	249.3487	0.816415	1.481082	0.5812924	7.115355
17466	-7940.646	-8189.814	249.1676	0.8654914	1.713258	0.5610329	7.115355
17472	-7939.828	-8188.523	248.695	0.7540175	1.713258	0.536025	7.449702
17478	-7936.479	-8185.134	248.6548	0.9022156	1.556159	0.536025	7.449702
17484	-7926.025	-8174.816	248.7916	0.7654041	1.556159	0.536025	7.449702
17490	-7929.081	-8177.582	248.5019	0.8425352	1.556159	0.5316603	7.567264
17496	-7926.817	-8176.465	249.6481	0.769128	1.717105	0.5316603	6.931725
17502	-7933.342	-8183.489	250.1471	0.902846	1.295191	0.5396275	6.750982
17508	-7926.493	-8174.817	248.324	0.7563786	1.728415	0.5601764	7.621725
17514	-7923.76	-8171.594	247.8342	0.7738175	1.547318	0.5601764	7.940542
17520	-7911.907	-8160.318	248.4112	0.8456108	1.547318	0.6035574	7.559307
17526	-7931.797	-8181.066	249.2685	0.9084777	1.472976	0.5984886	7.098633
17532	-7956.214	-8205.87	249.6563	0.834542	1.997279	0.4782429	6.845304
17538	-7933.516	-8182.101	248.5855	0.8332672	1.575678	0.4782429	7.567008
17544	-7924.262	-8173.799	249.5367	0.9124371	1.598417	0.5360629	6.95425
17550	-7927.163	-8175.899	248.7356	0.7534134	1.648535	0.475695	7.504623
17556	-7914.176	-8162.864	248.6885	0.8005478	1.648535	0.475695	7.504623
17562	-7929.929	-8178.497	248.5677	0.7898989	1.648535	0.5569254	7.504623
17568	-7920.681	-8169.279	248.5977	0.8174899	1.464614	0.6064749	7.504623
17574	-7922.01	-8169.629	247.6185	0.7685535	1.759891	0.5888127	7.958209
17580	-7912.231	-8162.654	250.4238	0.898922	1.646227	0.5231088	6.475603
17586	-7926.024	-8175.826	249.8015	0.8678862	1.838693	0.4846693	6.795016
17592	-7934.248	-8182.39	248.1427	0.7823612	1.59024	0.4862173	7.81833
17598	-7931.528	-8181.438	249.9102	0.8425047	1.59024	0.5578084	6.775448
17604	-7923.938	-8172.286	248.3485	0.8485271	1.59024	0.5414725	7.625005
17610	-7929.396	-8178.262	248.8661	0.7858335	1.576275	0.5122813	7.411529
17616	-7931.528	-8180.301	248.7726	0.7780844	1.580802	0.4441141	7.526401
17622	-7935.017	-8185.08	250.0637	0.9295293	1.512023	0.5830882	6.655175
17628	-7924.879	-8173.765	248.8861	0.8217957	1.512023	0.5038865	7.413624
17634	-7922.654	-8170.014	247.3602	0.8306877	1.512023	0.4421156	8.280502
17640	-7927.231	-8176.094	248.863	0.7624146	1.563524	0.4664866	7.471795
17646	-7930.158	-8178.849	248.6913	0.8273717	1.624082	0.5045599	7.471795
17652	-7945.835	-8195.253	249.4181	0.8913896	1.624082	0.6111162	6.959153
17658	-7947.89	-8195.795	247.9044	0.8267874	1.624082	0.6204102	7.798628
17664	-7946.839	-8195.539	248.6993	0.794063	1.836401	0.5424297	7.378005
17670	-7934	-8183.062	249.0616	0.7603374	2.042439	0.5424297	7.135028
17676	-7937.625	-8187.265	249.64	0.9186572	2.042439	0.5424297	6.738003
17682	-7934.567	-8183.642	249.0749	0.8085519	1.580035	0.465796	7.327816
17688	-7946.196	-8195.024	248.8273	0.8758157	1.580035	0.5779225	7.327816
17694	-7937.993	-8187.786	249.7929	0.8990012	1.667652	0.4646791	6.86138
17700	-7935.018	-8185.451	250.4332	0.8997236	1.667652	0.4207516	6.557764
17706	-7936.826	-8186.463	249.6376	0.9032832	1.846705	0.4207516	6.922713
17712	-7932.037	-8180.919	248.882	0.9329622	1.779435	0.6546496	7.136796
17718	-7930.176	-8179.762	249.5864	0.9267462	1.843127	0.6546496	6.73884
17724	-7957.298	-8207.027	249.7288	0.8878434	1.843127	0.5320674	6.780136
17730	-7936.068	-8185.131	249.0633	0.7598895	1.411276	0.4716592	7.421307
17736	-7938.262	-8186.083	247.8214	0.7599468	1.68522	0.62706	7.851428
17742	-7918.975	-8166.283	247.3079	0.8117889	1.542705	0.6054841	8.166768
17748	-7929.955	-8178.018	248.0634	0.8481613	1.394923	0.5535279	7.844608
17754	-7931.585	-8179.791	248.2055	0.7866773	1.751649	0.5913504	7.635776
17760	-7933.035	-8181.513	248.4781	0.9008063	1.674708	0.5913504	7.456024
17766	-7927.01	-8176.354	249.3441	0.8527036	1.581936	0.4343405	7.188848
17772	-7931.831	-8180.444	248.613	0.904237	1.750503	0.4343405	7.492246
17778	-7922.821	-8171.963	249.1412	0.8149812	1.554218	0.5366589	7.23575
17784	-7923.285	-8172.236	248.9515	0.8893367	1.554218	0.5366589	7.297673
17790	-7918.177	-8167.437	249.2598	0.8832741	1.702299	0.5366589	7.080386
17796	-7908.81	-8157.522	248.7118	0.8425458	1.702299	0.5317014	7.400798
17802	-7918.423	-8168.538	250.1148	0.9418338	1.702299	0.5317014	6.591766
17808	-7917.243	-8167.462	250.2195	0.788055	1.702299	0.5633292	6.591766
17814	-7918.581	-8168.879	250.299	0.8459363	1.702299	0.6657484	6.438013
17820	-7918.239	-8167.756	249.517	0.880568	1.702299	0.6657484	6.842131
17826	-7920.634	-8170.349	249.7147	0.8750707	1.60457	0.6657484	6.774307
17832	-7913.831	-8162.946	249.1151	0.8403463	1.579294	0.519193	7.241482
17838	-7918.365	-8168.228	249.8639	0.8675511	1.614016	0.519193	6.810702
17844	-7927.184	-8175.987	248.8033	0.8453681	1.614016	0.5535568	7.364071
17850	-7926.894	-8176.089	249.1945	0.8352895	1.712794	0.4849033	7.182932
17856	-7936.528	-8185.473	248.9454	0.8727491	2.02142	0.4969516	7.182932
17862	-7935.791	-8184.553	248.7618	0.8439811	1.726554	0.5066767	7.386197
17868	-7943.035	-8193.263	250.2284	0.9351211	1.857822	0.5066767	6.501579
17874	-7936.681	-8187.299	250.6181	0.8735923	1.857822	0.60186	6.243976
17880	-7933.937	-8183.33	249.3929	0.8563912	1.670215	0.60186	6.981823
17886	-7939.291	-8187.978	248.6872	0.9414377	1.524439	0.5967153	7.374222
17892	-7935.671	-8187.426	251.7555	0.9013659	1.596529	0.6172711	5.689943
17898	-7940.13	-8189.736	249.6057	0.9173279	1.596529	0.6135597	6.852482
17904	-7938.581	-8187.053	248.4719	0.6544454	1.71143	0.4961873	7.657646
17910	-7917.961	-8167.107	249.1466	0.7626021	1.554568	0.5468776	7.252267
17916	-7914.457	-8164.001	249.5434	0.8612868	1.663843	0.5468776	6.94484
17922	-7917.658	-8165.593	247.9347	0.7518735	1.656703	0.6135639	7.815715
17928	-7911.76	-8159.467	247.7072	0.7814031	1.656703	0.6135639	7.921445
17934	-7929.486	-8178.587	249.1014	0.9257373	1.537294	0.6842967	7.089829
17940	-7925.051	-8175.215	250.1636	0.9677361	1.630991	0.4425655	6.658755
17946	-7938.623	-8188.544	249.921	0.8660988	1.768115	0.5750301	6.678076
17952	-7939.982	-8190.593	250.6111	0.8669756	1.904147	0.4870353	6.333251
17958	-7936.882	-8186.782	249.9004	0.9461576	1.904147	0.4776112	6.683934
17964	-7928.658	-8177.207	248.549	0.8603114	1.904147	0.5303064	7.410856
17970	-7918.475	-8167.036	248.5614	0.790506	1.904147	0.5303064	7.44164
17976	-7940.62	-8188.194	247.5736	0.7845753	1.699738	0.4994523	8.069068
17982	-7922.16	-8170.75	248.5903	0.8249973	1.699738	0.4994523	7.504209
17988	-7924.08	-8173.517	249.4368	0.878306	1.748861	0.6036054	6.916885
17994	-7926.547	-8174.564	248.0173	0.8645929	1.748861	0.4691037	7.799707
18000	-7936.126	-8186.16	250.0343	0.9607422	1.638274	0.489834	6.685338
18006	-7932.803	-8181.096	248.2938	0.8057443	1.794752	0.489834	7.648642
18012	-7928.969	-8177.872	248.9028	0.8701101	1.791961	0.550109	7.236679
18018	-7926.548	-8175.572	249.0234	0.8540101	1.791961	0.5624195	7.170389
18024	-7923.14	-8172.37	249.2301	0.7989913	1.66374	0.5193908	7.170389
18030	-7904.015	-8153.618	249.6025	0.8660413	1.806296	0.5252291	6.878458
18036	-7921.465	-8170.66	249.1948	0.8660413	1.55351	0.4958873	7.215224
18042	-7928.513	-8177.019	248.5063	0.8605575	1.55351	0.6292877	7.478325
18048	-7920.799	-8170.074	249.2758	0.7810582	1.862055	0.5307638	7.076559
18054	-7918.396	-8168.434	250.0387	0.8567468	1.547963	0.6407325	6.64928
18060	-7912.183	-8161.973	249.7897	0.8673549	1.678946	0.4999466	6.843857
18066	-7932.145	-8180.938	248.7935	0.7936647	1.678946	0.5253749	7.396954
18072	-7924.004	-8173.219	249.2149	0.7878499	1.658195	0.6401068	7.089655
18078	-7918.182	-8167.141	248.9593	0.7626882	1.587721	0.5691524	7.321845
18084	-7926.136	-8175.636	249.5	0.8068445	1.587721	0.5691524	7.007462
18090	-7919.096	-8168.464	249.3684	0.8431765	1.708656	0.5775952	7.007462
18096	-7917.002	-8166.305	249.3028	0.7913939	1.597245	0.5775952	7.11146
18102	-7915.399	-8164.849	249.4499	0.8085118	1.597245	0.5775952	7.023137
18108	-7936.88	-8186.585	249.7052	0.8415014	1.597245	0.4618261	6.968446
18114	-7931.25	-8180.93	249.6803	0.8812576	1.652215	0.4618261	6.939978
18120	-7923.335	-8174.474	251.1389	0.9265091	1.734784	0.5004931	6.059816
18126	-7929.918	-8180.954	251.0352	0.9711982	1.734784	0.5371143	6.059816
18132	-7934.561	-8184.927	250.3654	0.9386434	1.896804	0.4141164	6.500423
18138	-7926.901	-8176.112	249.2107	0.7992299	1.589392	0.4141164	7.306516
18144	-7937.27	-8185.656	248.3861	0.7814586	1.676811	0.5888696	7.570426
18150	-7930.708	-8178.517	247.8097	0.7382882	1.591065	0.5611852	7.955215
18156	-7936.357	-8184.279	247.9219	0.8522005	1.591065	0.4864107	7.898445
18162	-7938.491	-8187.041	248.5493	0.8520355	1.529961	0.6222303	7.474257
18168	-7925.465	-8174.245	248.7798	0.8499246	1.892891	0.450577	7.368062
18174	-7918.593	-8167.048	248.4549	0.8483298	1.892891	0.4879997	7.50843
18180	-7941.383	-8190.269	248.8865	0.9141192	2.056471	0.4508151	7.224057
18186	-7931.384	-8180.399	249.0147	0.7261996	1.623441	0.5934956	7.278881
18192	-7940.989	-8187.797	246.8077	0.7230213	1.659913	0.5202832	8.505521
18198	-7940.466	-8189.757	249.2909	0.8218851	1.659913	0.5541263	7.097411
18204	-7932.35	-8181.668	249.3188	0.8596981	1.695865	0.5047095	7.091257
18210	-7930.015	-8177.873	247.859	0.8121119	1.603047	0.5047095	7.932709
18216	-7928.893	-8177.057	248.1642	0.7928397	1.554799	0.6088723	7.712741
18222	-7928.593	-8178.808	250.2159	0.8282919	1.666717	0.6419079	6.523165
18228	-7931.449	-8179.993	248.5437	0.8119387	1.586051	0.6419079	7.462541
18234	-7923.136	-8171.749	248.6129	0.8434082	1.661798	0.538086	7.462541
18240	-7939.042	-8187.846	248.804	0.8875262	1.942907	0.4880417	7.283881
18246	-7924.623	-8172.484	247.8618	0.7983428	1.598606	0.4880417	7.95499
18252	-7934.751	-8183.074	248.3233	0.852528	1.598606	0.4880417	7.679535
18258	-7940.059	-8188.343	248.2846	0.8130451	1.598606	0.5360704	7.679535
18264	-7942.754	-8190.671	247.9164	0.7289085	1.598606	0.5571364	7.903725
18270	-7931.135	-8178.979	247.8438	0.7760652	1.741293	0.5571364	7.865817
18276	-7947.765	-8195.977	248.2125	0.8349126	1.741293	0.6054949	7.59882
18282	-7924.325	-8173.062	248.7373	0.8264512	1.79266	0.4605154	7.427665
18288	-7944.42	-8194.708	250.2876	0.9185272	1.79266	0.5063955	6.501016
18294	-7936.27	-8185.705	249.4356	0.9047807	1.81868	0.6227462	6.864329
18300	-7928.366	-8177.274	248.9078	0.7895752	1.758595	0.5823932	7.262521
18306	-7921.547	-8170.544	248.997	0.7792241	1.758595	0.5823932	7.22013
18312	-7921.536	-8171.605	250.0687	0.8186095	1.84485	0.5605157	6.609421
18318	-7916.534	-8164.869	248.3343	0.7807175	2.036991	0.5650836	7.497391
18324	-7929.923	-8178.45	248.5271	0.8437157	1.848991	0.4762934	7.497391
18330	-7930.542	-8179.081	248.5397	0.7616905	1.702625	0.5789311	7.497391
18336	-7925.275	-8174.771	249.4954	0.7933668	1.641704	0.5789311	6.989121
18342	-7921.853	-8172.218	250.3649	0.8761243	1.641704	0.5789311	6.47481
18348	-7920.013	-8170.419	250.4063	0.8460921	1.602845	0.5569178	6.501217
18354	-7920.145	-8169.968	249.8235	0.8730965	1.820768	0.4893158	6.782197
18360	-7931.16	-8180.966	249.8065	0.8900213	1.820768	0.4893158	6.782197
18366	-7936.199	-8184.682	248.4835	0.7602304	1.523734	0.5659318	7.605229
18372	-7932.124	-8181.049	248.9242	0.7668389	1.523734	0.6442194	7.30479
18378	-7940.534	-8189.005	248.4713	0.7968877	1.546461	0.5668608	7.582605
18384	-7944.796	-8193.301	248.5044	0.7619746	1.62752	0.531223	7.582605
18390	-7932.1	-8180.284	248.184	0.762307	1.532329	0.563383	7.76306
18396	-7924.689	-8174.951	250.262	0.8122126	1.60141	0.5680077	6.58905
18402	-7922.003	-8171.334	249.3312	0.8354782	1.703749	0.5472573	7.058257
18408	-7930.84	-8178.79	247.9501	0.80024	1.553198	0.5694422	7.854799
18414	-7929.493	-8177.309	247.8159	0.7585144	1.553198	0.694851	7.854799
18420	-7925.404	-8173.358	247.9537	0.7312738	1.502448	0.5161958	7.953695
18426	-7927.662	-8174.278	246.6167	0.7312738	1.732808	0.5161958	8.580248
18432	-7921.378	-8169.107	247.7291	0.6740751	1.732808	0.4824154	8.048643
18438	-7929.752	-8178.044	248.2922	0.7155636	1.765842	0.6163578	7.603182
18444	-7934.632	-8183.556	248.9239	0.8710491	1.458755	0.5117098	7.381174
18450	-7914.493	-8163.795	249.3019	0.8556643	1.630203	0.5117098	7.120336
18456	-7909.582	-8158.853	249.2709	0.8556643	1.865242	0.5862128	6.9923
18462	-7906.735	-8156.247	249.5125	0.8358005	1.865242	0.4492779	6.9923
18468	-7920.054	-8170.653	250.5993	0.8842158	1.620516	0.4492779	6.465565
18474	-7916.53	-8166.562	250.0318	0.9392423	1.620516	0.5359957	6.664372
18480	-7925.314	-8174.599	249.2859	0.7735986	1.620516	0.5359957	7.155729
18486	-7923.819	-8172.124	248.305	0.7735986	1.620516	0.5966653	7.632454
18492	-7925.138	-8174.898	249.7598	0.8968146	1.599441	0.5047009	6.869219
18498	-7918.19	-8168.16	249.971	0.8576194	1.599441	0.4668809	6.8109
18504	-7924.159	-8173.292	249.1327	0.7749478	1.599441	0.5586662	7.226327
18510	-7935.628	-8183.559	247.9304	0.8185635	1.599441	0.5586662	7.846848
18516	-7930.867	-8180.277	249.41	0.7743199	1.599441	0.5809502	7.059505
18522	-7936.775	-8185.856	249.0813	0.8146242	1.71257	0.5809502	7.17321
18528	-7926.369	-8175.667	249.2983	0.8563357	1.927975	0.479351	7.047691
18534	-7914.825	-8163.848	249.0226	0.8223495	1.407986	0.4593358	7.422508
18540	-7916.756	-8164.525	247.7691	0.7651827	1.551351	0.5939573	7.951406
18546	-7904.235	-8152.668	248.4328	0.7642045	1.484746	0.5939573	7.623177
18552	-7933.45	-8181.81	248.3603	0.7227359	1.705123	0.5199474	7.662267
18558	-7935.766	-8184.063	248.297	0.7832739	1.667007	0.5199474	7.677427
18564	-7931.879	-8181.475	249.5965	0.8364823	1.667007	0.5926555	6.891214
18570	-7928.372	-8177.739	249.3674	0.8744265	1.667007	0.6116185	6.979382
18576	-7935.775	-8186.51	250.7353	0.9463284	1.700676	0.6447747	6.162634
18582	-7945.674	-8194.246	248.5711	0.8522414	1.827348	0.6363315	7.34437
18588	-7944.908	-8192.984	248.0764	0.824795	1.608735	0.5148282	7.798887
18594	-7938.635	-8186.361	247.7255	0.7282972	1.9021	0.555659	7.901476
18600	-7938.985	-8188.519	249.5335	0.8757333	2.068796	0.55439	6.800514
18606	-7930.7	-8178.976	248.2756	0.8442943	1.835123	0.4557777	7.655425
18612	-7930.951	-8180.557	249.6058	0.9678223	1.471277	0.4619625	7.002753
18618	-7937.039	-8187.549	250.5105	0.8759895	1.688957	0.5349351	6.415166
18624	-7922.5	-8171.468	248.9681	0.8026326	1.688957	0.4905622	7.325445
18630	-7930.098	-8178.852	248.7541	0.824718	1.688957	0.6148059	7.325445
18636	-7928.977	-8177.657	248.6798	0.8215993	1.957376	0.5464149	7.330658
18642	-7921.83	-8169.579	247.7485	0.8560791	1.555296	0.5464149	7.950607
18648	-7933.42	-8182.196	248.7752	0.8726311	1.732763	0.5464149	7.32745
18654	-7914.058	-8163.167	249.1094	0.8039975	1.656517	0.6083994	7.162431
18660	-7931.318	-8179.647	248.3291	0.8190394	1.561226	0.5584427	7.648039
18666	-7925.629	-8174.512	248.8835	0.7676698	1.740528	0.4895952	7.372166
18672	-7936.553	-8185.421	248.8676	0.7676698	1.740528	0.4895952	7.380655
18678	-7944.873	-8193.578	248.7053	0.8273187	1.740528	0.5150003	7.413282
18684	-7930.072	-8179.459	249.3869	0.8075548	1.740528	0.5150003	7.0578
18690	-7926.315	-8175.831	249.5158	0.8559327	1.770455	0.5989422	6.882419
18696	-7925.789	-8176.878	251.0884	0.9978696	1.770455	0.5819754	5.96623
18702	-7920.155	-8169.467	249.3126	0.8363586	1.770455	0.4714844	7.110858
18708	-7914.747	-8164.147	249.3995	0.7588362	1.770455	0.5331325	7.051158
18714	-7930.942	-8178.845	247.9033	0.6979659	1.521738	0.4346939	8.065359
18720	-7923.172	-8171.557	248.3847	0.7848603	1.61699	0.4414627	7.719365
18726	-7932.98	-8181.109	248.1298	0.7101803	1.549413	0.5243493	7.845759
18732	-7929.579	-8179.835	250.2557	0.8339381	1.75394	0.5667921	6.526124
18738	-7930.845	-8179.337	248.4923	0.7909053	1.75394	0.5667921	7.498776
18744	-7942.083	-8190.89	248.8068	0.8389191	1.53048	0.5156274	7.429462
18750	-7926.392	-8176.683	250.2906	0.8929044	1.765132	0.4857971	6.541421
18756	-7915.993	-8166.071	250.0777	0.8378825	1.584737	0.5226956	6.719261
18762	-7933.569	-8181.536	247.9662	0.7313036	1.584737	0.5226956	7.909901
18768	-7925.362	-8172.806	247.4434	0.8235171	1.697283	0.5226956	8.098391
18774	-7920.872	-8168.56	247.6884	0.8031906	1.388823	0.5226956	8.096987
18780	-7917.407	-8167.723	250.3163	0.8864604	1.263735	0.5226956	6.697036
18786	-7937.633	-8187.156	249.5229	0.9300598	1.504478	0.4806607	7.037174
18792	-7931.556	-8181.237	249.6802	0.9094628	1.466618	0.5750862	6.897578
18798	-7937.939	-8187.148	249.2095	0.8215775	1.572942	0.5750862	7.156607
18804	-7923.203	-8170.956	247.7531	0.7733187	1.452503	0.5101916	8.063218
18810	-7932.604	-8182.008	249.4035	0.8035836	1.744125	0.5101916	7.053912
18816	-7948.123	-8197.341	249.218	0.8362265	1.679957	0.5653021	7.112453
18822	-7922.661	-8170.903	248.2423	0.8014128	1.798694	0.5091846	7.660017
18828	-7927.358	-8177.3	249.9422	0.884113	1.825637	0.5091846	6.692718
18804	-7996.888	-8245.191	248.3029	0.8553459	1.914474	0.4232596	7.640168
18810	-7957.793	-8205.659	247.8658	0.7994637	1.914474	0.4239453	7.902921
18816	-7963.895	-8210.075	246.1802	0.7959892	1.865132	0.4239453	8.817324
18822	-7928.34	-8177.154	248.8135	0.8399172	1.671472	0.508941	7.378379
18828	-7928.234	-8176.91	248.6755	0.8239501	1.649447	0.5256363	7.454509
18834	-7933.864	-8182.554	248.6901	0.8764091	1.92444	0.5256363	7.323894
18840	-7940.881	-8191.133	250.2527	0.9160938	1.480348	0.5256363	6.620628
18846	-7939.773	-8190.098	250.3251	0.8893229	1.480348	0.5256363	6.595929
18852	-7943.869	-8193.243	249.3737	0.8894085	1.659	0.4999102	7.063348
18858	-7932.383	-8180.769	248.3864	0.7386767	1.659	0.594424	7.595251
18864	-7943.971	-8194.161	250.1904	0.905506	1.659	0.4456433	6.664596
18870	-7952.231	-8200.684	248.4531	0.8969108	2.060982	0.5118671	7.40881
18876	-7937.535	-8187.488	249.9524	0.8075448	1.726316	0.5258328	6.748597
18882	-7930.641	-8179.839	249.1978	0.8549968	1.726316	0.5258328	7.129604
18888	-7925.707	-8175.022	249.3151	0.8727672	1.726316	0.4458578	7.129604
18894	-7928.926	-8177.492	248.5652	0.7839891	1.726316	0.5520473	7.485188
18900	-7931.502	-8181.225	249.7235	0.8613874	1.726316	0.6030739	6.779758
18906	-7928.044	-8177.736	249.6911	0.8652533	1.791741	0.5699353	6.798655
18912	-7931.801	-8182.13	250.329	0.8536037	1.791741	0.5142714	6.507123
18918	-7927.989	-8177.674	249.6845	0.873403	1.70111	0.4676198	6.918791
18924	-7928.887	-8177.768	248.8814	0.8458097	1.70111	0.5431071	7.29887
18930	-7921.964	-8171.219	249.2552	0.7510996	1.642118	0.5990336	7.125071
18936	-7930.299	-8178.76	248.4612	0.7819163	1.703327	0.5990336	7.512484
18942	-7936.115	-8184.151	248.0353	0.7777897	1.703327	0.468729	7.852791
18948	-7937.671	-8186.079	248.4079	0.7612136	1.519656	0.5858119	7.630791
18954	-7930.862	-8178.094	247.2324	0.8140993	1.779119	0.5858119	8.135522
18960	-7922.872	-8170.835	247.9627	0.8419917	1.779119	0.4714569	7.828294
18966	-7935.33	-8185.524	250.1939	0.9322302	1.77128	0.5570269	6.508323
18972	-7924.461	-8174.483	250.0214	0.8998206	1.650259	0.4916415	6.719198
18978	-7927.811	-8177.59	249.7787	0.9063807	1.746487	0.6021762	6.719198
18984	-7919.186	-8168.847	249.6615	0.7982299	1.514957	0.6242432	6.909844
18990	-7917.902	-8166.285	248.3829	0.8272639	1.610046	0.6242432	7.544725
18996	-7917.887	-8167.427	249.54	0.8984983	1.422977	0.486578	7.072431
19002	-7924.81	-8174.505	249.6945	0.8984983	1.444849	0.4601849	7.004708
19008	-7928.183	-8177.332	249.149	0.795023	1.990244	0.5161285	7.108169
19014	-7928.384	-8176.97	248.5865	0.8028386	1.290211	0.5997229	7.597032
19020	-7940.562	-8189.621	249.0595	0.7674833	1.605009	0.4433177	7.36997
19026	-7934.148	-8183.691	249.5429	0.8772386	1.733349	0.5576492	6.902601
19032	-7928.829	-8177.101	248.2719	0.7785321	1.722796	0.4798252	7.708915
19038	-7920.331	-8169.077	248.7458	0.7617425	1.722796	0.5313082	7.418925
19044	-7924.092	-8171.654	247.5624	0.7404686	1.722796	0.566372	8.033963
19050	-7934.793	-8182.578	247.785	0.8012856	1.543293	0.5584297	7.955099
19056	-7932.079	-8180.536	248.4562	0.8230135	1.39333	0.4316299	7.757946
19062	-7927.336	-8175.947	248.6109	0.8197496	1.429773	0.4316299	7.662019
19068	-7930.688	-8178.14	247.452	0.8001298	1.750719	0.399341	8.202844
19074	-7924.709	-8171.993	247.2838	0.7452361	1.750719	0.5268479	8.202844
19080	-7929.434	-8177.066	247.6318	0.7699268	1.750719	0.5268479	8.004231
19086	-7930.853	-8179.631	248.778	0.8743061	1.750719	0.6451908	7.241162
19092	-7924.205	-8172.728	248.5231	0.7824197	1.944341	0.5686143	7.421685
19098	-7921.47	-8170.968	249.4973	0.8733194	1.612051	0.5344834	6.992802
19104	-7937.667	-8186.055	248.3885	0.8323465	1.650113	0.5139844	7.613515
19110	-7939.637	-8189.011	249.3741	0.8801982	1.650113	0.4770803	7.091975
19116	-7937.344	-8185.832	248.4879	0.743751	1.650113	0.5791175	7.553542
19122	-7941.727	-8189.78	248.0532	0.8524213	1.650113	0.6127985	7.701626
19128	-7936.724	-8184.235	247.5111	0.7788875	1.508913	0.6127985	8.083486
19134	-7934.325	-8182.704	248.3783	0.7671316	1.508913	0.4742693	7.742544
19140	-7928.941	-8177.296	248.3548	0.7360483	1.508913	0.5068302	7.742544
19146	-7928.898	-8176.85	247.9516	0.7813519	1.968825	0.4929535	7.784542
19152	-7933.335	-8181.38	248.0455	1.034723	1.68885	0.3977696	7.784542
19158	-7938.474	-8188.326	249.8522	0.9941386	1.68885	0.5778314	6.671995
19164	-7923.422	-8173.56	250.1383	0.9562973	1.684516	0.5848256	6.533665
19170	-7930.477	-8181.494	251.0172	0.9626929	1.77365	0.5848256	6.020833
19176	-7934.707	-8185.751	251.0442	0.8919034	1.77365	0.6149054	6.020833
19182	-7957.648	-8206.312	248.6638	0.7992057	1.435058	0.5654428	7.523453
19188	-7948.803	-8196.586	247.7826	0.7523893	1.48694	0.5233319	8.033628
19194	-7936.522	-8185.337	248.8147	0.7360548	1.48694	0.5200722	7.493598
19200	-7932	-8180.986	248.9859	0.7432311	1.48694	0.5200722	7.397966
19206	-7934.812	-8183.757	248.945	0.7841759	1.48694	0.5200722	7.397966
19212	-7935.604	-8185.206	249.6022	0.8899823	1.747668	0.5200722	6.890476
19218	-7948.08	-8196.909	248.8282	0.828817	1.747668	0.5065405	7.35146
19224	-7946.866	-8197.115	250.2492	0.896923	1.989076	0.5495236	6.43102
19230	-7944.123	-8193.221	249.097	0.9076348	1.749257	0.6822021	7.025319
19236	-7931.525	-8181.834	250.3089	0.9711368	1.561288	0.7646812	6.348564
19242	-7920.947	-8171.574	250.6272	0.8604014	1.561288	0.6078353	6.348564
19248	-7914.12	-8163.199	249.0782	0.7580985	1.561288	0.5953487	7.249602
19254	-7931.117	-8178.98	247.8629	0.6831563	1.561288	0.5953487	7.940241
19260	-7916.454	-8164.516	248.0619	0.8273849	1.561288	0.5349097	7.805955
19266	-7918.908	-8166.901	247.9935	0.7856525	1.561288	0.5180321	7.87914
19272	-7905.298	-8154.4	249.1021	0.8341466	1.683093	0.5506971	7.186746
19278	-7912.1	-8160.18	248.08	0.7533796	1.486686	0.4824832	7.910484
19284	-7919.961	-8168.585	248.6244	0.749447	1.531617	0.6799859	7.445872
19290	-7923.495	-8172.086	248.59	0.7628287	1.626224	0.5554337	7.516564
19296	-7920.504	-8169.806	249.302	0.8449427	1.653357	0.5554337	7.080348
19302	-7934.889	-8184.316	249.4269	0.8548332	1.545365	0.5177538	7.080348
19308	-7922.32	-8170.503	248.1829	0.773251	1.482196	0.5573592	7.782308
19314	-7939.086	-8187.976	248.8891	0.8551047	1.677607	0.5735995	7.273155
19320	-7917.917	-8168.46	250.5424	0.8735048	1.760139	0.5378546	6.371256
19326	-7912.335	-8162.529	250.194	0.8844274	1.760139	0.4952812	6.591394
19332	-7921.161	-8171.752	250.5909	0.8981094	1.760139	0.4952812	6.368931
19338	-7914.983	-8164.874	249.8903	0.8981094	1.57265	0.4666438	6.84297
19344	-7926.923	-8175.18	248.2564	0.847185	1.57265	0.5562864	7.66935
19350	-7926.199	-8175.225	249.026	0.7761656	1.57265	0.5330401	7.314456
19356	-7932.682	-8181.812	249.1296	0.913299	1.57265	0.519225	7.197
19362	-7929.391	-8178.779	249.3885	0.8732535	1.5324	0.5376186	7.079083
19368	-7920.975	-8170.262	249.2873	0.8214747	1.754312	0.565975	7.056091
19374	-7934.415	-8183.852	249.4363	0.8101475	1.754312	0.676021	6.897726
19380	-7933.862	-8181.945	248.0833	0.8563497	1.622946	0.676021	7.646686
19386	-7926.486	-8174.543	248.0564	0.7664417	1.834477	0.5326797	7.745834
19392	-7935.233	-8184.681	249.4489	0.8589171	1.834477	0.5082127	6.970309
19398	-7930.394	-8178.889	248.4947	0.9008245	1.70418	0.4952706	7.516931
19404	-7928.88	-8176.721	247.841	0.7315131	1.723838	0.522167	7.926501
19410	-7933.917	-8182.479	248.5626	0.8402849	1.453028	0.5098406	7.595204
19416	-7946.274	-8193.709	247.4359	0.7637226	1.635058	0.5999976	8.093865
19422	-7944.317	-8193.918	249.6005	0.7839822	1.572003	0.607747	6.940983
19428	-7938.461	-8186.474	248.0136	0.7505969	1.463097	0.5620268	7.888578
19434	-7935.878	-8185.346	249.4673	0.8342141	1.623534	0.5620268	7.002704
19440	-7939.718	-8188.8	249.0822	0.8644229	1.623534	0.6298492	7.14034
19446	-7937.448	-8186.886	249.4384	0.8644229	1.623534	0.5046804	7.050836
19452	-7937.404	-8185.88	248.4752	0.7790749	1.623534	0.5321203	7.58982
19458	-7938.613	-8188.544	249.9306	0.9427397	1.788218	0.4920254	6.695443
19464	-7934.756	-8184.001	249.2456	0.8052573	1.473609	0.4920254	7.255306
19470	-7928.856	-8178.551	249.6957	0.904756	1.589228	0.4920254	6.91469
19476	-7923.659	-8171.5	247.8401	0.7759483	1.589228	0.6046458	7.885111
19482	-7922.212	-8170.936	248.7248	0.9319108	1.852543	0.4286257	7.388264
19488	-7923.305	-8172.21	248.9051	0.9336681	1.455227	0.4967335	7.37232
19494	-7919.256	-8168.986	249.7306	0.9116598	1.490986	0.5465152	6.882929
19500	-7936.409	-8185.945	249.5365	0.9022747	1.839691	0.5739837	6.842411
19506	-7928.541	-8179.606	251.0647	0.9749126	1.839691	0.5276248	6.013242
19512	-7933.031	-8184.146	251.1154	1.031225	1.674998	0.5276248	6.013242
19518	-7926.484	-8177.341	250.8576	0.9762053	1.601314	0.5932127	6.156611
19524	-7927.638	-8178.89	251.2521	0.8932504	1.493727	0.5932127	6.028912
19530	-7925.373	-8174.887	249.5146	0.8439568	1.599252	0.6813265	6.889795
19536	-7931.077	-8180.587	249.5099	0.8358959	1.599252	0.690998	6.889795
19542	-7928.905	-8178.553	249.6482	0.784099	1.599252	0.6273813	6.889795
19548	-7930.108	-8180.167	250.0589	0.834649	1.599252	0.474121	6.769181
19554	-7923.284	-8173.216	249.9317	0.8814924	1.599252	0.5225462	6.769181
19560	-7934.264	-8182.826	248.5624	0.8386044	1.584416	0.6545018	7.429554
19566	-7921.706	-8170.415	248.7096	0.8435701	1.625086	0.5316313	7.429554
19572	-7924.246	-8173.904	249.6576	0.8557213	1.625086	0.5114671	6.930942
19578	-7926.389	-8175.957	249.5676	0.8746129	1.625086	0.5575331	6.930053
19584	-7929.106	-8178.71	249.6039	0.8230692	1.729165	0.5575331	6.900481
19590	-7942.622	-8191.631	249.0096	0.9859699	1.776124	0.6022439	7.080456
19596	-7928.919	-8178.975	250.0561	0.8901425	1.776124	0.5720714	6.591639
19602	-7937.161	-8187.521	250.3606	0.8820559	1.776124	0.5717486	6.431388
19608	-7921.97	-8171.772	249.802	0.8004637	1.841343	0.5660665	6.75998
19614	-7931.238	-8180.99	249.7519	0.8567182	1.865194	0.5660665	6.748652
19620	-7936.559	-8184.234	247.6749	0.7926195	1.865194	0.4930199	7.959759
19626	-7945.563	-8192.512	246.9486	0.8468715	1.494671	0.4601399	8.480489
19632	-7921.161	-8168.324	247.1627	0.8484306	1.549856	0.5632479	8.25514
19638	-7917.387	-8166.471	249.0838	0.8000155	1.549856	0.5632479	7.254191
19644	-7918.021	-8165.915	247.8937	0.7782788	1.549856	0.5632479	7.902947
19650	-7934.46	-8183.886	249.4257	0.8682076	1.549856	0.5632479	7.03368
19656	-7929.752	-8178.599	248.847	0.7951028	1.549856	0.5506497	7.394279
19662	-7934.043	-8180.508	246.4643	0.7728477	1.570863	0.5506497	8.668756
19668	-7932.442	-8182.046	249.604	0.8505304	1.570863	0.5506497	6.949553
19674	-7940.966	-8191.547	250.5806	0.8900113	1.570863	0.6142822	6.349077
19680	-7938.551	-8188.401	249.8498	0.8710638	1.570863	0.5510151	6.805662
19686	-7921.406	-8171.225	249.8183	0.9403529	1.54935	0.4932941	6.843491
19692	-7921.855	-8170.956	249.1016	0.7183863	1.638298	0.5351531	7.278553
19698	-7921.157	-8170.183	249.0259	0.7280173	1.719168	0.5351531	7.284799
19704	-7931.918	-8181.658	249.7402	0.8040049	1.719168	0.5351531	6.859595
19710	-7929.025	-8178.091	249.066	0.832713	1.719168	0.5351531	7.207039
19716	-7926.954	-8176.905	249.9501	0.9404024	1.893921	0.5876103	6.569279
19722	-7932.035	-8182.173	250.1382	0.8604717	1.846204	0.5876103	6.526711
19728	-7926.077	-8174.583	248.5054	0.8312438	2.016805	0.4623986	7.474327
19734	-7941	-8190.061	249.0613	0.8268597	1.697195	0.4829063	7.26638
19740	-7935.961	-8184.238	248.277	0.8268597	1.697195	0.4829063	7.68664
19746	-7939.311	-8188.819	249.5081	0.904443	1.697195	0.4829063	6.984383
19752	-7940.149	-8190.491	250.3414	0.9530006	1.847113	0.5497496	6.397087
19758	-7937.102	-8187.453	250.3505	0.9539983	1.934292	0.5097674	6.397087
19764	-7922.82	-8170.996	248.1762	0.7321582	1.708834	0.5423759	7.735357
19770	-7937.781	-8186.34	248.5592	0.8507535	1.604759	0.5423759	7.504815
19776	-7917.646	-8166.246	248.5996	0.8752213	1.604759	0.5736581	7.444379
19782	-7921.512	-8170.303	248.7913	0.8329731	1.610778	0.5736581	7.361986
19788	-7934.479	-8183.24	248.7612	0.8630595	1.610778	0.5736581	7.361986
19794	-7944.682	-8194.252	249.5697	0.8436939	1.503975	0.5025705	7.038927
19800	-7919.775	-8168.425	248.6501	0.7745391	1.503975	0.5351614	7.541553
19806	-7928.072	-8175.816	247.7443	0.7063144	1.503975	0.5157668	8.07843
19812	-7923.899	-8172.368	248.4687	0.8078013	1.88349	0.5157668	7.501306
19818	-7920.016	-8169.608	249.592	0.8611268	1.91435	0.486027	6.885257
19824	-7915.366	-8164.558	249.1922	0.8539272	1.91435	0.486027	7.104446
19830	-7927.518	-8176.809	249.2908	0.916056	1.99161	0.5592882	6.929746
19836	-7930.338	-8180.154	249.8166	0.9299362	1.590565	0.4684447	6.857046
19842	-7926.708	-8174.884	248.1756	0.8659207	1.590565	0.6113781	7.652047
19848	-7924.676	-8173.784	249.108	0.7976142	1.590565	0.4837177	7.295454
19854	-7945.48	-8193.529	248.0487	0.8431723	1.92749	0.4364875	7.765379
19860	-7942.275	-8190.858	248.5835	0.808258	1.722741	0.4849757	7.521621
19866	-7942.746	-8192.967	250.2203	0.8500196	1.722741	0.5409532	6.569186
19872	-7926.899	-8174.657	247.7585	0.8448791	1.509547	0.5514474	7.964749
19878	-7930.347	-8178.2	247.8525	0.7413341	1.509547	0.5289424	7.988645
19884	-7936.726	-8184.648	247.9217	0.7668557	1.509547	0.4949447	7.967599
19890	-7937.007	-8185.768	248.761	0.7488794	1.509547	0.5812535	7.455907
19896	-7936.498	-8184.526	248.028	0.7620188	1.509547	0.5130792	7.897541
19902	-7929.084	-8176.789	247.705	0.7783462	1.887491	0.5130792	7.92638
19908	-7927.2	-8175.57	248.3694	0.7913943	1.690768	0.4957696	7.646963
19914	-7930.293	-8180.048	249.7552	0.8960819	1.852193	0.4090134	6.87326
19920	-7917.337	-8167.12	249.783	0.8931238	1.608309	0.4847781	6.87326
19926	-7919.634	-8168.314	248.68	0.7627839	1.608309	0.4847781	7.535982
19932	-7932.911	-8181.836	248.925	0.8742933	1.676072	0.5510493	7.262525
19938	-7930.686	-8179.952	249.2665	0.8671596	1.676072	0.5510493	7.082847
19944	-7935.17	-8183.84	248.6698	0.869485	1.676072	0.5510493	7.402063
19950	-7931.59	-8181.261	249.6705	0.8950225	1.676072	0.5165467	6.879577
19956	-7921.452	-8170.928	249.4751	0.9003137	1.595652	0.4698563	7.053744
19962	-7922.264	-8171.688	249.4244	0.8722303	1.595652	0.51708	7.053744
19968	-7933.331	-8182.646	249.315	0.8917362	1.73168	0.5156195	7.053744
19974	-7939.884	-8189.304	249.42	0.8768306	1.894247	0.5156195	6.949759
19980	-7937.21	-8186.871	249.661	0.8594282	1.742418	0.5433658	6.857247
19986	-7930.045	-8179.442	249.3975	0.9152194	1.742418	0.4968215	7.009528
19992	-7922.839	-8172.607	249.7677	0.9167644	1.597099	0.5047115	6.855072
19998	-7920.626	-8170.918	250.2924	0.8483965	1.597099	0.5523979	6.567561
20004	-7940.872	-8190.303	249.4308	0.9308908	1.742418	0.5437499	6.942471
20010	-7933.124	-8183.372	250.2482	0.9408683	1.864176	0.5708237	6.431036
20016	-7934.949	-8183.375	248.4255	0.9289938	1.874966	0.5760367	7.41207
20022	-7917.023	-8165.512	248.4882	0.9540312	1.874966	0.5169711	7.414225
20028	-7923.216	-8170.586	247.3698	0.8453126	1.874966	0.4647778	8.116796
20034	-7916.665	-8165.702	249.0372	0.7840544	1.718579	0.4566094	7.319045
20040	-7926.879	-8174.786	247.9077	0.8364897	1.781845	0.4566094	7.873496
20046	-7935.657	-8184.303	248.6466	0.8693591	1.781845	0.6126513	7.32813
20052	-7932.282	-8180.992	248.7104	0.8476822	1.699474	0.562378	7.374253
20058	-7934.287	-8182.977	248.6901	0.8510333	1.699474	0.562378	7.383348
20064	-7929.909	-8178.089	248.1801	0.8376677	1.699474	0.562378	7.663644
20070	-7920.692	-8169.933	249.2406	0.8791818	1.699474	0.6424126	7.010033
20076	-7925.268	-8173.436	248.1688	0.7978123	1.699474	0.5574858	7.695039
20082	-7925.87	-8173.823	247.953	0.7976874	1.558869	0.5371505	7.878991
20088	-7938.27	-8186.823	248.5526	0.7402459	1.558869	0.5387138	7.587858
20094	-7941.585	-8188.94	247.3554	0.8150053	1.677296	0.5183519	8.160679
20100	-7953.44	-8201.688	248.2478	0.8601648	1.650308	0.4991989	7.686788
20106	-7950.123	-8198.939	248.8163	0.8378903	1.479239	0.4991989	7.459454
20112	-7949.391	-8197.639	248.2475	0.8524145	1.479239	0.427387	7.823065
20118	-7948.232	-8197.39	249.1579	0.8393597	1.806603	0.4567626	7.193756
20124	-7930.651	-8179.173	248.5222	0.8688066	1.819198	0.4569067	7.51459
20130	-7930.263	-8179.043	248.7799	0.8406581	1.848994	0.4569067	7.381535
20136	-7933.517	-8182.373	248.8559	0.797403	1.956989	0.445592	7.33941
20142	-7927.775	-8178.182	250.4062	0.8871348	1.597408	0.4897575	6.539389
20148	-7916.469	-8165.503	249.0332	0.8246438	1.775213	0.4897575	7.248977
20154	-7931.512	-8179.844	248.3318	0.7505248	2.147306	0.4680353	7.565549
20160	-7937.791	-8187.11	249.3192	0.825849	2.147306	0.4772113	6.986508
20166	-7931.515	-8181.15	249.6353	0.8108824	1.893448	0.4772113	6.903921
20172	-7927.12	-8177.209	250.0883	0.9323145	1.893448	0.4772113	6.593722
20178	-7926.94	-8177.28	250.34	1.007479	1.904592	0.4772113	6.412978
20184	-7942.545	-8193.111	250.5652	0.9206443	1.711237	0.4681878	6.412978
20190	-7933.287	-8184.014	250.7275	0.9846826	1.885867	0.4208836	6.275751
20196	-7934.1	-8184.797	250.6974	0.9635872	1.885867	0.4973235	6.230637
20202	-7941.11	-8190.056	248.9458	0.855619	1.892581	0.5509199	7.186819
20208	-7943.886	-8192.843	248.9567	0.8637266	1.892581	0.4307323	7.285061
20214	-7929.853	-8179.202	249.3488	0.8117963	1.496529	0.5486938	7.138247
20220	-7925.923	-8174.997	249.0738	0.78048	1.823369	0.5126807	7.214095
20226	-7940.996	-8188.103	247.1065	0.78048	1.823369	0.531561	8.249695
20232	-7926.959	-8175.787	248.8277	0.7906611	1.771692	0.5000416	7.369573
20238	-7926.943	-8177.31	250.3663	0.7921156	1.771692	0.512441	6.528798
20244	-7927.362	-8177.022	249.6596	0.9043878	1.771692	0.5060423	6.855684
20250	-7919.654	-8169.331	249.677	0.9689594	1.648122	0.5060423	6.855684
20256	-7929.953	-8179.57	249.6168	0.951524	1.648122	0.5549153	6.855684
20262	-7920.808	-8168.989	248.1805	0.7463867	1.62678	0.5549153	7.744719
20268	-7912.857	-8161.465	248.6078	0.8126754	1.62678	0.5549153	7.480564
20274	-7926.093	-8174.287	248.1939	0.8710682	1.803522	0.4343438	7.716008
20280	-7921.16	-8170.911	249.7511	0.9652731	1.873698	0.4934204	6.749946
20286	-7929.248	-8180.048	250.8004	0.9760134	1.873698	0.6072027	6.079526
20292	-7933.39	-8185.043	251.6526	1.004988	1.873698	0.5030045	5.685604
20298	-7934.437	-8185.525	251.0877	0.9603288	2.027828	0.5030045	5.968534
20304	-7941.611	-8190.844	249.2327	0.7862188	1.620351	0.5517116	7.164461
20310	-7940.506	-8189.028	248.5222	0.8239036	2.001453	0.4821879	7.455832
20316	-7931.863	-8182.037	250.1744	0.9153461	1.773045	0.4821879	6.592688
20322	-7925.781	-8175.037	249.2554	0.8750538	1.773045	0.4766301	7.115213
20328	-7924.785	-8173.871	249.0854	0.8136103	1.773045	0.4766301	7.239581
20334	-7942.665	-8191.874	249.2082	0.832385	1.575541	0.4717778	7.239581
20340	-7925.898	-8174.074	248.1763	0.8749247	1.437447	0.5356773	7.767423
20346	-7934.083	-8182.344	248.2613	0.7500905	1.601002	0.4870506	7.767423
20352	-7941.091	-8189.351	248.2606	0.7908616	1.700627	0.4572096	7.737156
20358	-7938.389	-8188.318	249.9295	0.876475	1.700627	0.4463258	6.805381
20364	-7937.092	-8185.567	248.4749	0.8505882	1.675379	0.4917161	7.567971
20370	-7925.808	-8174.279	248.471	0.8491511	1.742786	0.5204444	7.521627
20376	-7929.094	-8177.352	248.2579	0.8533157	1.742786	0.4814184	7.667971
20382	-7928.796	-8177.392	248.5957	0.8283058	1.526284	0.4814184	7.580244
20388	-7918.063	-8166.774	248.7117	0.876056	1.79717	0.5228035	7.357351
20394	-7926.434	-8175.385	248.9505	0.8737985	1.79717	0.5434193	7.212838
20400	-7927.574	-8176.577	249.0029	0.8385771	1.79717	0.5531769	7.195509
20406	-7932.704	-8182.683	249.9789	0.8898323	1.858108	0.4672511	6.696921
20406	-7929.716	-8177.117	247.4009	0.8400464	1.700546	0.589004	8.056794
20412	-7946.591	-8193.227	246.6364	0.7478882	1.520997	0.5575447	8.604012
20418	-7928.93	-8175.923	246.9931	0.7478882	1.520997	0.496024	8.466677
20424	-7933.348	-8182.306	248.9576	0.7478882	1.46516	0.496024	7.440411
20430	-7946.747	-8195.693	248.9456	0.8690609	1.46516	0.5127399	7.367164
20436	-7934.631	-8183.425	248.7945	0.8702946	1.815344	0.5127399	7.31852
20442	-7947.209	-8197.455	250.2463	0.8829793	1.455378	0.5127399	6.663316
20448	-7941.198	-8190.892	249.6946	0.9789344	1.455378	0.5127399	6.909305
20454	-7923.659	-8173.28	249.6213	0.855778	1.735572	0.5127399	6.909305
20460	-7930.963	-8179.173	248.21	0.802894	1.657571	0.510387	7.725132
20466	-7932.311	-8181.577	249.2661	0.8313729	1.657571	0.5416152	7.116902
20472	-7929.512	-8178.142	248.6308	0.8071577	1.673151	0.6340666	7.392085
20478	-7937.414	-8185.205	247.7914	0.8299378	1.673151	0.5481382	7.896634
20484	-7922.422	-8171.517	249.0949	0.8299378	1.673151	0.502198	7.238059
20490	-7913.297	-8162.387	249.0904	0.8441885	1.673151	0.4962905	7.238059
20496	-7920.243	-8168.413	248.1706	0.7603953	1.930112	0.5130503	7.673377
20502	-7935.439	-8182.888	247.449	0.7846501	1.91474	0.6011435	7.978609
20508	-7926.452	-8174.251	247.7989	0.7564848	1.633831	0.5097945	7.978609
20514	-7925.174	-8173.614	248.4404	0.7774466	1.557428	0.5726987	7.600647
20520	-7923.941	-8172.769	248.828	0.8892645	1.557428	0.5721639	7.333465
20526	-7932.558	-8180.859	248.3009	0.8138911	1.517045	0.4647902	7.764503
20532	-7943.225	-8189.654	246.4286	0.8263732	1.722691	0.406308	8.735368
20538	-7935.533	-8181.721	246.1883	0.8222246	1.722691	0.5488998	8.735368
20544	-7915.272	-8163.845	248.5732	0.8170397	1.789969	0.5488998	7.443658
20550	-7918.418	-8168.15	249.7318	0.9295683	1.789969	0.4522983	6.846201
20556	-7929.017	-8178.062	249.045	0.8592509	1.632924	0.4522983	7.309555
20562	-7937.466	-8186.906	249.4396	0.8979404	1.806203	0.4522983	7.015132
20568	-7931.22	-8181.068	249.8485	0.8341951	1.798858	0.5440087	6.749428
20574	-7927.455	-8176.955	249.4993	0.8915694	1.80951	0.5440087	6.903239
20580	-7942.33	-8192.723	250.3927	0.8842805	1.87373	0.5778045	6.374466
20586	-7941.493	-8190.882	249.3896	0.8980546	2.033779	0.5778045	6.857855
20592	-7937.611	-8187.487	249.8758	0.9251342	1.525943	0.4923384	6.830671
20598	-7940.337	-8190.685	250.3487	0.9127832	1.525943	0.5163076	6.560502
20604	-7941.722	-8189.696	247.9744	0.7975486	1.569525	0.5198953	7.878266
20610	-7934.286	-8181.864	247.5786	0.7197425	1.569525	0.5198953	8.130868
20616	-7935.648	-8182.635	246.9862	0.8130272	1.569525	0.5198953	8.396494
20622	-7930.474	-8179.318	248.8445	0.7742005	1.62617	0.5198953	7.404068
20628	-7929.718	-8178.72	249.0013	0.8831553	1.62617	0.541631	7.242962
20634	-7934.897	-8183.297	248.3993	0.8616367	1.951266	0.541631	7.465535
20640	-7916.063	-8165.173	249.1101	0.8361365	1.951266	0.6443374	7.016483
20646	-7920.783	-8170.134	249.351	0.8421291	1.564311	0.5813359	7.067776
20652	-7924.69	-8173.414	248.7243	0.8449947	1.687543	0.5813359	7.357211
20658	-7920.658	-8168.444	247.7866	0.797631	1.687543	0.5159952	7.938398
20664	-7927.193	-8175.713	248.5199	0.8153731	1.687543	0.4349466	7.611313
20670	-7924.067	-8172.297	248.2295	0.777607	1.687543	0.5172219	7.71148
20676	-7921.706	-8169.957	248.2504	0.7810012	1.687543	0.5172219	7.698482
20682	-7930.611	-8178.725	248.1134	0.8520906	1.788207	0.5172219	7.698482
20688	-7926.141	-8175.47	249.3287	0.8151688	1.969925	0.5172219	7.006177
20694	-7925.494	-8174.991	249.4966	0.8844061	1.657114	0.5172219	6.985346
20700	-7924.334	-8173.891	249.5575	0.8235155	1.657114	0.5172219	6.985346
20706	-7931.774	-8181.603	249.8291	0.9329922	1.657114	0.5172219	6.779891
20712	-7925.6	-8174.446	248.846	0.8135963	1.825325	0.4708146	7.35557
20718	-7922.454	-8171.984	249.5304	0.8884478	1.809499	0.5345971	6.896123
20724	-7921.779	-8172.101	250.322	0.9565603	1.809499	0.5345971	6.431397
20730	-7929.649	-8178.885	249.2363	0.9156528	1.551202	0.4825439	7.179161
20736	-7931.384	-8180.117	248.7328	0.8357194	1.879384	0.4825439	7.375572
20742	-7937.603	-8187.251	249.6476	0.8518974	1.443692	0.5605575	6.967269
20748	-7931.75	-8181.596	249.8454	1.030865	1.603445	0.4815778	6.770039
20754	-7935.115	-8183.542	248.4274	0.8032456	1.717238	0.5193479	7.579492
20760	-7949.134	-8198.639	249.505	0.8415834	1.593486	0.6262043	6.93908
20766	-7941.43	-8191.395	249.9654	0.9110198	1.715662	0.5271619	6.688325
20772	-7929.86	-8179.723	249.8634	0.8135131	1.922509	0.5715489	6.688325
20778	-7929.276	-8179.968	250.6923	0.9021135	1.922509	0.5352512	6.221297
20784	-7936.756	-8184.704	247.9481	0.8516497	1.753407	0.5203628	7.796347
20790	-7932.941	-8181.722	248.7803	0.7311589	1.558076	0.5203628	7.486746
20796	-7923.963	-8172.55	248.5873	0.7380438	1.558076	0.5044378	7.60023
20802	-7926.34	-8173.925	247.5847	0.677768	1.79869	0.5246682	8.063831
20808	-7921.944	-8171.759	249.8158	0.794247	1.816445	0.4853954	6.833911
20814	-7928.785	-8179.303	250.5171	0.8967979	1.816445	0.52701	6.362092
20820	-7932.851	-8182.433	249.5816	0.7982423	1.60157	0.4642368	7.05438
20826	-7924.965	-8174.352	249.3871	0.8714122	1.60157	0.5376611	7.05438
20832	-7924.012	-8172.752	248.7404	0.8756052	1.60157	0.5383102	7.39897
20838	-7919.581	-8169.288	249.7072	0.7725299	1.60157	0.6022632	6.88271
20844	-7917.893	-8166.536	248.6423	0.8344451	1.60157	0.4452888	7.557076
20850	-7929.179	-8178.198	249.0185	0.7444639	1.732355	0.5024009	7.303638
20856	-7924.044	-8172.751	248.7067	0.8107755	1.732355	0.4416335	7.491351
20862	-7915.661	-8164.147	248.4858	0.74741	1.732355	0.6200279	7.491351
20868	-7915.833	-8164.394	248.561	0.7684416	1.732355	0.6200279	7.439736
20874	-7914.563	-8163.768	249.2047	0.7567219	1.636624	0.6200279	7.134972
20880	-7920.995	-8170.11	249.1146	0.8468917	1.636624	0.6200279	7.134972
20886	-7926.554	-8175.626	249.0723	0.8400761	1.854151	0.5926504	7.106162
20892	-7933.234	-8182.512	249.2781	0.8887119	1.826275	0.4857972	7.068994
20898	-7944.387	-8194.447	250.0602	0.933124	1.715931	0.4728428	6.673596
20904	-7943.267	-8192.36	249.0929	0.8394255	1.942869	0.4728428	7.168422
20910	-7930.128	-8180.81	250.6818	0.8980898	1.942869	0.5095411	6.244984
20916	-7932.307	-8182.874	250.5668	0.9339384	1.917225	0.5706961	6.244304
20922	-7942.536	-8192.599	250.0636	1.003136	1.799955	0.5706961	6.519282
20928	-7932.405	-8182.156	249.7513	0.9246947	1.799955	0.5706961	6.730613
20934	-7922.482	-8170.972	248.4899	0.7329339	1.526934	0.5763802	7.606738
20940	-7935.464	-8183.535	248.0702	0.7884856	1.526934	0.5604779	7.814287
20946	-7932.116	-8181.132	249.0161	0.7851968	1.718052	0.5794352	7.223301
20952	-7937.54	-8186.717	249.1765	0.8633884	1.417118	0.4359939	7.336546
20958	-7933.716	-8182.875	249.1598	0.8513251	1.417118	0.4359939	7.351992
20964	-7944.794	-8193.823	249.0295	0.7674894	1.417118	0.5587034	7.357285
20970	-7940.95	-8190.008	249.0585	0.7987646	1.727139	0.6355147	7.146539
20976	-7932.198	-8182.476	250.2782	0.7922216	1.727139	0.6355147	6.49195
20982	-7934.248	-8184.647	250.3983	0.8972883	1.727139	0.4881609	6.49195
20988	-7926.811	-8177.038	250.227	0.8997841	1.613923	0.6500358	6.49195
20994	-7930.353	-8179.399	249.0455	0.7976893	1.643312	0.6541843	7.170489
21000	-7929.325	-8177.244	247.9189	0.7959276	1.771146	0.4951974	7.857604
21006	-7927.053	-8175.132	248.079	0.7599942	1.586594	0.4951974	7.857604
21012	-7928.17	-8177.445	249.275	0.9245205	1.602388	0.5446082	7.079953
21018	-7932.489	-8180.81	248.3211	0.8115641	1.683137	0.5446082	7.62268
21024	-7938.436	-8186.6	248.1636	0.8471018	1.683137	0.6270055	7.62268
21030	-7935.519	-8185.555	250.0354	0.9270082	1.832207	0.5907727	6.548556
21036	-7943.331	-8192.155	248.8236	0.9064883	1.832207	0.5907727	7.213053
21042	-7954.893	-8204.418	249.5249	0.9064883	1.832207	0.4622848	6.946271
21048	-7936.02	-8185.589	249.5682	0.8989147	1.832207	0.4901873	6.90132
21054	-7952.008	-8200.428	248.4199	0.9229115	2.003031	0.4901873	7.449851
21060	-7941.451	-8190.074	248.6227	0.8596781	1.993002	0.4603248	7.405616
21066	-7937.616	-8186.561	248.9449	0.8291141	2.110694	0.4463469	7.226069
21072	-7933.795	-8182.874	249.0785	0.8865751	2.110694	0.4463469	7.123397
21078	-7940.391	-8189.385	248.9947	0.8770634	2.110694	0.5006593	7.123397
21084	-7938.499	-8186.07	247.5713	0.7723785	1.473159	0.6016906	8.077472
21090	-7935.431	-8183.8	248.3694	0.8821566	1.525464	0.5299517	7.630218
21096	-7939.657	-8188.994	249.3365	0.889374	1.851881	0.5056887	7.010787
21102	-7925.462	-8175.326	249.8645	0.9443948	1.790397	0.5056887	6.717315
21108	-7923.578	-8171.29	247.7114	0.8204822	1.677256	0.5056887	7.97898
21114	-7931.719	-8180.051	248.3317	0.8515171	1.816414	0.6916887	7.436707
21120	-7927.362	-8175.384	248.0219	0.7765777	1.780359	0.6111994	7.714031
21126	-7924.851	-8173.037	248.1861	0.7878895	1.780359	0.6393697	7.598917
21132	-7937.448	-8185.656	248.2077	0.8478361	1.636548	0.6494239	7.598917
21138	-7929.291	-8177.761	248.4706	0.7819327	1.636548	0.5169705	7.598917
21144	-7946.612	-8196.832	250.2198	0.8888586	1.636548	0.5169705	6.600426
21150	-7949.963	-8199.035	249.0725	0.8814152	1.636548	0.5757293	7.173738
21156	-7934.295	-8183.541	249.2464	0.8800935	1.622536	0.4739635	7.173738
21162	-7921.714	-8170.983	249.2694	0.7982078	1.716369	0.5778115	7.08205
21168	-7921.774	-8171.042	249.2675	0.8643673	1.716369	0.5778115	7.047442
21174	-7921.616	-8171.175	249.559	0.9252755	1.716369	0.515702	6.909639
21180	-7913.504	-8164.424	250.9202	0.9756069	1.659919	0.48809	6.190609
21186	-7920.482	-8171.274	250.7922	0.9305799	1.901518	0.498654	6.190609
21192	-7920.299	-8169.283	248.9832	0.9305799	1.901518	0.498654	7.168413
21198	-7911.678	-8160.367	248.689	0.8221218	1.688678	0.5301422	7.430162
21204	-7920.433	-8168.316	247.8831	0.8221218	1.688678	0.5964489	7.807444
21210	-7936.036	-8184.196	248.1603	0.7386849	1.708849	0.4660438	7.807444
21216	-7927.387	-8175.248	247.8611	0.84303	1.888349	0.4660438	7.850352
21222	-7926.074	-8175.492	249.4188	0.8193454	2.018173	0.5766022	6.89041
21228	-7928.324	-8177.578	249.2533	0.8193454	1.784506	0.560434	7.069545
21234	-7924.423	-8173.929	249.5059	0.8193454	1.444464	0.5499325	7.069545
21240	-7926.262	-8175.728	249.4654	0.8193454	1.444464	0.5765496	7.069545
21246	-7917.443	-8165.748	248.3049	0.8690701	1.444464	0.5765496	7.665393
21252	-7928.268	-8179.084	250.8158	0.888397	1.64746	0.6233367	6.186208
21258	-7942.537	-8192.249	249.7122	0.8642218	1.64746	0.6233367	6.797181
21264	-7948.508	-8196.797	248.2896	0.8161704	1.624934	0.6344588	7.587431
21270	-7939.39	-8186.209	246.8185	0.8578605	1.563564	0.5816105	8.413316
21276	-7922.992	-8171.304	248.3119	0.7898786	1.532571	0.5435374	7.696139
21282	-7913.754	-8161.636	247.8819	0.8198445	1.532571	0.5435374	7.909849
21288	-7913.858	-8160.959	247.1012	0.7581042	1.602479	0.5435374	8.332276
21294	-7906.902	-8154.559	247.6573	0.7749164	1.675325	0.5435374	8.000575
21300	-7910.755	-8159.393	248.6385	0.7259436	1.766286	0.5435374	7.470115
21306	-7923.809	-8170.698	246.8887	0.7908785	1.608996	0.52764	8.438764
21312	-7931.442	-8181.794	250.3513	0.9347363	1.652563	0.52764	6.489196
21318	-7947.458	-8197.659	250.2002	0.8840973	1.894341	0.5569244	6.489196
21324	-7939.514	-8189.047	249.533	0.9028754	1.894341	0.5569244	6.839711
21330	-7944.997	-8194.577	249.5796	0.9023469	1.621757	0.6471619	6.839711
21336	-7935.674	-8185.533	249.8589	0.9023469	1.621757	0.4659603	6.839711
21342	-7924.635	-8174.289	249.6542	0.9023469	1.939816	0.4659603	6.839711
21348	-7925.832	-8176.549	250.7172	0.8892952	1.814005	0.5125348	6.270991
21354	-7925.412	-8176.189	250.7773	0.9070157	1.569979	0.5199975	6.310935
21360	-7936.921	-8187.456	250.535	0.9692277	1.569979	0.5199975	6.408658
21366	-7933.667	-8183.596	249.929	0.8876577	1.785286	0.5199975	6.702313
21372	-7923.98	-8171.414	247.4343	0.8124782	1.898715	0.4937014	8.065897
21378	-7926.86	-8174.411	247.5505	0.6962255	1.898715	0.4937014	8.065897
21384	-7919.82	-8168.305	248.4849	0.8709789	1.853575	0.4937014	7.488086
21390	-7914.949	-8165.707	250.7579	0.9199517	1.853575	0.5010333	6.22895
21396	-7919.204	-8169.062	249.8584	0.8708249	1.853575	0.5010333	6.742911
21402	-7922.354	-8172.027	249.6727	0.9351608	1.853575	0.5783983	6.742911
21408	-7916.07	-8165.874	249.8032	0.8987558	1.853575	0.5177286	6.742911
21414	-7922.188	-8171.868	249.68	0.8537581	2.106064	0.566444	6.711917
21420	-7928.226	-8177.615	249.3886	0.94021	1.969118	0.566444	6.86529
21426	-7941.917	-8191.345	249.4283	0.8782033	1.572113	0.566444	7.015806
21432	-7928.491	-8177.879	249.3875	0.9606259	1.572113	0.5394025	7.015806
21438	-7931.551	-8179.422	247.8715	0.8404973	1.733559	0.5394025	7.834002
21444	-7919.398	-8167.614	248.2159	0.764403	1.733559	0.5394025	7.690636
21450	-7916.728	-8163.556	246.8282	0.7556913	1.756389	0.5391482	8.427344
21456	-7918.845	-8167.239	248.3942	0.7848406	1.756389	0.5391482	7.576516
21462	-7928.21	-8175.672	247.4619	0.8483752	1.635351	0.5706164	8.057929
21468	-7928.514	-8177.757	249.2431	0.9061694	1.668653	0.6124086	7.02804
21474	-7940.274	-8188.871	248.5966	0.8278879	1.555015	0.5139198	7.54004
21480	-7953.32	-8202.308	248.987	0.8423269	1.52243	0.6341415	7.238563
21486	-7938.032	-8187.454	249.4227	0.8948825	1.636388	0.7063698	6.880349
21492	-7939.304	-8186.261	246.9575	0.6921305	1.555015	0.5460678	8.459488
21498	-7929.711	-8176.603	246.8922	0.7545232	1.635359	0.5460678	8.431126
21504	-7927.439	-8174.714	247.2754	0.7247851	1.396878	0.5460678	8.335666
21510	-7925.91	-8175.495	249.5854	0.900504	1.519488	0.4938767	7.001581
21516	-7930.216	-8181.253	251.0361	0.900504	1.729651	0.6250566	6.028333
21522	-7925.523	-8175.784	250.261	0.8788592	1.729651	0.6250566	6.46139
21528	-7933.902	-8183.564	249.6617	0.7870782	1.694797	0.6250566	6.847504
21534	-7935.751	-8185.422	249.6709	0.8109495	1.694797	0.6250566	6.82965
21540	-7930.002	-8177.702	247.6997	0.78275	1.694797	0.645427	7.887122
21546	-7929.817	-8178.631	248.8141	0.7544177	1.513964	0.6008458	7.40732
21552	-7945.892	-8194.121	248.2292	0.8068661	1.620707	0.6008458	7.651865
21558	-7947.6	-8196.086	248.4862	0.8355512	1.526739	0.4628709	7.651865
21564	-7931.864	-8181.693	249.8286	0.8293072	1.633356	0.5468298	6.819562
21570	-7943.263	-8191.647	248.3835	0.7727636	1.703588	0.4628709	7.674758
21576	-7952.687	-8201.547	248.8606	0.7616236	1.703588	0.4628709	7.425231
21582	-7931.852	-8181.057	249.2048	0.840522	1.703588	0.4628709	7.198178
21588	-7923.853	-8173.316	249.4632	0.8423763	1.733121	0.4628709	7.047739
21594	-7941.24	-8191.875	250.6355	0.8726852	1.733121	0.5001859	6.363701
21600	-7935.65	-8185.07	249.4197	0.7586283	1.733121	0.5627894	7.028725
21606	-7927.671	-8177.705	250.0342	0.9016262	1.733121	0.5627894	6.620027
21612	-7943.372	-8192.256	248.8843	0.8182852	1.481288	0.4908064	7.440211
21618	-7915.468	-8164.454	248.986	0.8482894	1.989252	0.4995815	7.182035
21624	-7919.705	-8168.748	249.0434	0.8521103	1.770686	0.5762233	7.156778
21630	-7919.793	-8169.511	249.7182	0.8258373	1.297286	0.5762233	6.992645
21636	-7918.926	-8167.829	248.903	0.8498474	1.304905	0.5762233	7.414387
21642	-7923.546	-8171.675	248.1293	0.6955657	1.3133	0.5762233	7.907112
21648	-7925.721	-8174.707	248.9863	0.7654673	1.3133	0.5762233	7.411325
21654	-7922.225	-8170.823	248.5974	0.7667349	1.668175	0.5762233	7.478275
21660	-7919.605	-8168.465	248.8594	0.8521072	1.668175	0.6087147	7.266422
21666	-7915.542	-8164.935	249.3935	0.8459644	1.668175	0.6148354	6.977761
21672	-7907.043	-8155.563	248.5199	0.8499952	1.633997	0.558764	7.501847
21678	-7925.775	-8176.3	250.5259	0.8545835	1.703487	0.4738489	6.467624
21684	-7918.266	-8168.459	250.1927	0.901732	1.703487	0.5681187	6.540415
21690	-7912.572	-8162.613	250.0409	0.901563	1.635873	0.5402499	6.670497
21696	-7927.174	-8176.065	248.8909	0.8076707	1.60308	0.5402499	7.352501
21702	-7914.227	-8163.761	249.5346	0.8249019	1.479372	0.4549131	7.121399
21708	-7920.108	-8168.677	248.5691	0.8623787	1.588144	0.4546289	7.577441
21714	-7939.19	-8188.476	249.2859	0.8965356	1.571958	0.5238508	7.118258
21720	-7931.471	-8180.97	249.4992	0.8426577	1.97965	0.5748656	6.84804
21726	-7921.957	-8169.802	247.8447	0.8229795	1.459696	0.4403863	8.048818
21732	-7912.147	-8162.011	249.8641	0.8952231	1.459696	0.6165327	6.776162
21738	-7920.311	-8170.235	249.9233	0.8305828	1.459696	0.5478295	6.834186
21744	-7931.117	-8179.708	248.5911	0.82511	1.801301	0.5393336	7.433886
21750	-7936.394	-8183.754	247.3597	0.7660784	1.650817	0.5478295	8.169181
21756	-7933.844	-8181.414	247.5701	0.763068	1.650817	0.4847196	8.113088
21762	-7932.589	-8182.354	249.765	0.870027	1.854493	0.5149719	6.781175
21768	-7925.006	-8173.768	248.7613	0.8132359	1.558779	0.6291369	7.365073
21774	-7923.836	-8174.086	250.2499	0.899042	1.549377	0.6291369	6.520333
21780	-7921.449	-8169.602	248.1536	0.7649538	1.549377	0.4967298	7.827891
21786	-7924.719	-8172.614	247.8942	0.8307005	1.549377	0.4967298	7.931252
21792	-7927.131	-8175.332	248.201	0.8013069	1.694702	0.4967298	7.729457
21798	-7931.88	-8178.401	246.5208	0.7596418	1.562916	0.5478613	8.651089
21804	-7922.738	-8171.463	248.7245	0.7243686	1.553252	0.5478613	7.498862
21810	-7926.77	-8175.156	248.3855	0.6919602	1.553252	0.6221849	7.638711
21816	-7932.233	-8180.753	248.5199	0.7892745	1.579907	0.4882234	7.615047
21822	-7928.953	-8176.877	247.9239	0.7530138	1.602788	0.4882234	7.944295
21828	-7945.07	-8194.573	249.5033	0.7765227	1.670761	0.480187	7.067881
21834	-7935.68	-8184.726	249.0458	0.8040065	1.627024	0.480187	7.315013
21840	-7936.101	-8184.99	248.8884	0.7868338	1.627024	0.480187	7.408634
21846	-7934.151	-8183.159	249.0074	0.8186346	1.627024	0.6218093	7.209941
21852	-7933.208	-8181.331	248.1235	0.8071559	1.849031	0.5698107	7.652659
21858	-7935.671	-8184.459	248.7879	0.7813764	1.707014	0.6119382	7.326278
21864	-7930.691	-8181.139	250.4481	0.8804113	1.707014	0.4726164	6.495646
21870	-7923.61	-8172.209	248.5993	0.8128708	1.877435	0.500382	7.44404
21876	-7919.604	-8168.715	249.1113	0.8622089	1.619235	0.4763254	7.254988
21882	-7907.209	-8156.794	249.5851	0.80641	1.619235	0.5385692	6.975392
21888	-7923.541	-8171.911	248.3705	0.8720431	1.92981	0.501599	7.516766
21894	-7921.978	-8171.49	249.5124	0.7739962	1.471373	0.5889615	7.047898
21900	-7928.84	-8178.749	249.9085	0.7954807	1.38795	0.5889615	6.857167
21906	-7930.795	-8180.326	249.5312	0.8666607	1.38795	0.5899392	7.021319
21912	-7919.031	-8169.107	250.0756	0.8861291	1.38795	0.4566787	6.8328
21918	-7924.327	-8174.694	250.3675	0.8519262	1.506227	0.4566787	6.645437
21924	-7937.838	-8186.99	249.1516	0.8454356	1.506227	0.4877278	7.275136
21930	-7931.649	-8180.588	248.9391	0.9239259	1.548592	0.5519664	7.275136
21936	-7922.221	-8171.538	249.3169	0.8610968	1.85544	0.5519664	6.995723
21942	-7927.578	-8176.676	249.0979	0.7898052	1.761979	0.566302	7.172057
21948	-7920.987	-8170.11	249.1229	0.7918908	1.720467	0.566302	7.172057
21954	-7929.201	-8178.72	249.5197	0.8233238	1.675028	0.566302	6.957955
21960	-7925.415	-8174.902	249.4864	0.8213006	1.590574	0.6303896	6.957955
21966	-7928.615	-8177.915	249.2996	0.9355914	1.795264	0.5856655	6.957955
21972	-7941.164	-8189.733	248.5685	0.9014209	1.795264	0.6594014	7.313242
21978	-7916.914	-8167.049	250.1353	0.8645376	1.588276	0.5553883	6.644697
21984	-7922.212	-8171.458	249.246	0.8822026	1.588276	0.5553883	7.114667
21990	-7930.295	-8179.798	249.5037	0.8765454	1.732109	0.5796818	6.906612
21996	-7943.037	-8192.617	249.5805	0.8950465	1.732109	0.5796818	6.855222
22002	-7933.766	-8184.053	250.2867	0.9037682	1.707148	0.5196592	6.527971
22008	-7924.27	-8174.779	250.5098	0.9558867	1.707148	0.5196592	6.378809
22014	-7925.016	-8173.018	248.0017	0.8093279	1.707148	0.5048986	7.820003
22020	-7926.127	-8174.889	248.7626	0.8422186	1.59088	0.4755128	7.464147
22026	-7944.741	-8193.41	248.6692	0.7567267	1.59088	0.4240463	7.608995
22032	-7951.822	-8200.634	248.812	0.7933369	1.320222	0.4240463	7.622025
22038	-7937.091	-8186.784	249.6927	0.9259125	1.320222	0.568253	6.948829
22044	-7927.609	-8177.124	249.5151	0.8619019	1.320222	0.568253	7.078932
22002	-10828.64	-11078.26	249.6219	0.8020265	2.444355	0.5448348	6.692252
22008	-11845	-12087.79	242.7919	0.9268269	4.345337	0.997471	9.571849
22404	-13933.28	-13937.59	4.308328	5.263851	126.5336	457.93	119.4814
22806	-41716.42	-41784.63	68.21041	0.4522287	19232.29	32.65147	85.54701
