Iteration	Posterior	Likelihood	Prior	rate_log_sd	rate_loss	rate_neo	tree_length
0	-7933.96	-8183.635	249.675	0.8000116	1.719064	0.5228287	6.90751
6	-7946.247	-8196.315	250.0683	0.9097274	1.809983	0.4339751	6.686145
12	-7929.098	-8177.626	248.5275	0.8504819	1.604228	0.4626163	7.592532
18	-7910.793	-8159.307	248.5145	0.8566995	1.545561	0.5213828	7.565747
24	-7906.322	-8154.58	248.2578	0.8106499	1.462975	0.6234024	7.677962
30	-7923.775	-8170.716	246.9411	0.7180694	1.513874	0.5955008	8.430588
36	-7924.523	-8172.009	247.4858	0.8294434	1.587404	0.6706916	7.99725
42	-7915.706	-8165.387	249.6811	0.8331667	1.614527	0.5616748	6.891735
48	-7912.884	-8160.887	248.0024	0.773668	1.702004	0.5616748	7.792562
54	-7922.432	-8171.594	249.1615	0.8417694	1.961422	0.5616748	7.047071
60	-7910.975	-8160.839	249.8643	0.8417694	1.628159	0.5616748	6.783188
66	-7931.426	-8180.263	248.8379	0.7819257	1.628159	0.5209507	7.401803
72	-7911.872	-8161.642	249.7692	0.8399495	1.603762	0.5258572	6.874726
78	-7915.958	-8164.032	248.074	0.7536885	1.596047	0.5497687	7.813351
84	-7922.393	-8170.109	247.7157	0.7735657	1.769807	0.61993	7.876236
90	-7925.013	-8173.97	248.9574	0.7623307	1.727717	0.5864755	7.258093
96	-7913.578	-8162.251	248.6728	0.775943	1.727717	0.6062081	7.38804
102	-7936.128	-8185.595	249.467	0.9327422	1.551823	0.5321017	7.001999
108	-7933.28	-8182.199	248.9189	0.8904765	1.73405	0.5543546	7.233677
114	-7914.59	-8163.344	248.754	0.8811877	1.688623	0.4739456	7.413399
120	-7924.329	-8174.393	250.0641	0.8975996	1.768878	0.4243559	6.718724
126	-7924.471	-8172.368	247.8969	0.8514731	2.255566	0.5467972	7.643717
132	-7923.199	-8172.684	249.4858	0.839247	2.255566	0.5190184	6.820352
138	-7935.733	-8183.348	247.6151	0.7512174	2.255566	0.4581133	7.926055
144	-7936.724	-8185.278	248.5537	0.8897656	1.787206	0.4630559	7.491639
150	-7934.286	-8181.85	247.5635	0.7101993	1.59096	0.5377522	8.120825
156	-7930.737	-8179.004	248.2666	0.8426666	1.59096	0.5377522	7.674776
162	-7923.939	-8171.943	248.004	0.7938868	1.804132	0.5606594	7.746193
168	-7923.61	-8173.236	249.6266	0.8375396	1.804132	0.478597	6.923038
174	-7930.346	-8180.374	250.0287	0.9067306	1.850063	0.4934969	6.639452
180	-7916.544	-8165.867	249.3233	0.8661062	1.850063	0.5466971	6.995764
186	-7913.434	-8163.46	250.026	0.9747984	1.767659	0.4641548	6.659414
192	-7923.324	-8173.851	250.5275	0.8848784	1.767659	0.497433	6.405924
198	-7922.419	-8171.949	249.5302	0.871098	1.509737	0.4790128	7.064415
204	-7934.634	-8184.289	249.6554	0.8739754	1.780471	0.5064013	6.870961
210	-7936.711	-8185.804	249.0926	0.8339669	1.638302	0.6388729	7.138861
216	-7933.175	-8182.452	249.2762	0.8019908	1.789665	0.4962537	7.119779
222	-7922.542	-8171.208	248.6668	0.8712155	1.789665	0.4962537	7.409821
228	-7928.553	-8177.193	248.6406	0.933221	1.841777	0.52964	7.34385
234	-7921.329	-8170.099	248.7694	0.8108656	1.841777	0.52964	7.340381
240	-7937.016	-8185.172	248.1561	0.9356684	1.693389	0.4810861	7.696131
246	-7931.719	-8180.806	249.0866	0.8765969	1.998549	0.4810861	7.12649
252	-7922.994	-8171.968	248.9736	0.8116778	1.918917	0.472181	7.255796
258	-7926.191	-8174.861	248.6696	0.7955278	1.546911	0.4831391	7.548687
264	-7931.358	-8180.157	248.7984	0.8950436	1.607909	0.504215	7.384409
270	-7928.587	-8178.184	249.5973	0.8335078	1.762959	0.504215	6.932118
276	-7945.679	-8195.271	249.5925	0.8523107	1.762959	0.5347644	6.898063
282	-7927.242	-8178.391	251.1487	0.893183	1.772392	0.4845013	6.073885
288	-7938.37	-8188.737	250.3671	0.8879349	1.772392	0.583835	6.416173
294	-7938.145	-8188.115	249.9706	0.8605002	1.579781	0.583835	6.715919
300	-7930.595	-8179.103	248.5082	0.8474192	1.568328	0.583835	7.513856
306	-7937.255	-8185.803	248.5475	0.8757398	1.606073	0.6461066	7.41568
312	-7937.367	-8184.878	247.5108	0.8082939	1.757051	0.6461066	7.951891
318	-7930.212	-8179.708	249.4963	0.8476009	1.749528	0.573424	6.925109
324	-7923.802	-8171.511	247.7094	0.7601358	1.749528	0.573424	7.930008
330	-7936.54	-8185.371	248.8305	0.803767	1.938637	0.5507882	7.261705
336	-7923.785	-8172.859	249.0735	0.9906089	1.938637	0.6517078	6.951658
342	-7932.868	-8181.8	248.9322	0.9698056	1.964229	0.4037594	7.245154
348	-7932.115	-8182.7	250.5848	0.9268963	1.63305	0.5776919	6.332241
354	-7941.647	-8193.384	251.7375	0.9953257	1.876448	0.5971398	5.563403
360	-7939.468	-8187.133	247.665	0.7865426	1.969895	0.5259331	7.90577
366	-7938.729	-8187.614	248.8849	0.8290939	1.969895	0.5517369	7.208083
372	-7920.854	-8170.008	249.1545	0.885329	1.446182	0.5336216	7.235969
378	-7920.263	-8169.057	248.7943	0.876245	1.750833	0.6389851	7.235969
384	-7925.778	-8173.758	247.9797	0.864035	1.750833	0.4937469	7.797051
390	-7928.55	-8177.794	249.244	0.9121817	1.814995	0.5338929	7.03635
396	-7926.244	-8176.172	249.9286	0.9563813	1.884818	0.3872256	6.758992
402	-7945.908	-8195.361	249.4529	0.9169004	1.962514	0.4632956	6.935562
408	-7941.998	-8191.686	249.6876	0.9237911	1.772851	0.4898338	6.844209
414	-7951.148	-8200.398	249.2498	0.9209513	1.994229	0.5815349	6.930295
420	-7950.19	-8198.701	248.5111	0.8244162	1.505395	0.5463525	7.579347
426	-7945.644	-8194.591	248.947	0.8429272	1.725434	0.5612647	7.241489
432	-7931.155	-8180.224	249.0694	0.8726181	1.576841	0.4959316	7.270083
438	-7934.645	-8183.377	248.732	0.8001233	1.50721	0.4959316	7.516746
444	-7940.862	-8189.659	248.7972	0.8392172	1.93213	0.4959316	7.309878
450	-7930.909	-8180.326	249.4166	0.8605437	1.57415	0.4959316	7.090984
456	-7930.256	-8178.777	248.5204	0.7838393	1.775316	0.6595639	7.408872
462	-7939.44	-8187.538	248.0986	0.8878741	1.775316	0.6595639	7.579081
468	-7929.995	-8179.207	249.2117	0.8929725	1.620105	0.5469578	7.12236
474	-7948.871	-8196.2	247.3299	0.8187646	1.587023	0.6159973	8.1265
480	-7938.462	-8188.097	249.6352	0.8868781	1.538932	0.5573801	6.919884
486	-7940.377	-8190.128	249.7511	0.8715248	1.538932	0.5573801	6.865646
492	-7933.64	-8183.251	249.6111	0.8640569	1.754672	0.5573801	6.865646
498	-7943.274	-8193.324	250.0497	0.9356782	1.956852	0.4427828	6.624699
504	-7933.74	-8183.413	249.6732	0.9483593	1.985274	0.4772053	6.779555
510	-7944.742	-8195.227	250.4854	0.972919	1.831307	0.493523	6.362532
516	-7928.945	-8178.266	249.321	0.8648825	1.80824	0.4731765	7.076423
522	-7938.789	-8187.044	248.2551	0.8603897	1.80824	0.6102324	7.535639
528	-7932.474	-8180.819	248.345	0.8556076	1.678026	0.6102324	7.535639
534	-7942.429	-8191.066	248.6371	0.7693186	1.669243	0.530503	7.492995
540	-7941.295	-8189.944	248.649	0.7802396	1.669243	0.5162393	7.492995
546	-7939.387	-8188.923	249.5364	0.8252224	1.993553	0.5152043	6.883084
552	-7928.619	-8178.955	250.3353	0.8832395	1.572438	0.5974742	6.498294
558	-7939.386	-8189.634	250.2482	0.8832395	1.811953	0.5511815	6.496222
564	-7927.939	-8178.469	250.5306	0.9198899	1.560403	0.4598329	6.496222
570	-7931.165	-8179.554	248.3888	0.7735075	1.59179	0.5370086	7.646721
576	-7940.3	-8190.175	249.8742	0.8544204	1.798875	0.447056	6.811895
582	-7923.382	-8172.967	249.5851	0.9044582	1.582445	0.4676136	6.9994
588	-7923.595	-8171.831	248.2359	0.8305363	1.582445	0.4953657	7.737531
594	-7929.273	-8176.322	247.0487	0.7491104	1.72132	0.5281467	8.335009
600	-7921.665	-8169.342	247.6771	0.7273593	1.72132	0.4699774	8.063313
606	-7928.916	-8176.799	247.883	0.7273593	1.882376	0.4699774	7.898735
612	-7935.249	-8182.687	247.4379	0.7927668	2.037913	0.4699774	8.051853
618	-7939.513	-8187.524	248.0112	0.8535046	2.037913	0.4275942	7.753709
624	-7936.253	-8185.291	249.0377	0.905382	2.040185	0.5461349	7.067466
630	-7932.605	-8181.898	249.2933	0.8972725	1.956672	0.4285266	7.067466
636	-7920.25	-8169.561	249.3114	0.8453249	1.844996	0.4303285	7.12058
642	-7928.279	-8178.748	250.4687	0.8753526	1.851471	0.5065955	6.405938
648	-7939.317	-8189.769	250.4527	0.9529795	1.851471	0.5386703	6.344636
654	-7924.304	-8174.095	249.7907	0.8730726	1.728089	0.5386703	6.788929
660	-7921.776	-8171.761	249.9854	0.9151963	1.728089	0.5386703	6.660976
666	-7925.307	-8176.222	250.9152	0.9151161	2.082911	0.5634276	6.017912
672	-7927.916	-8180.022	252.1065	0.9382079	1.814112	0.5695425	5.43579
678	-7937.251	-8187.374	250.1231	0.967868	1.659863	0.5695425	6.556969
684	-7930.076	-8179.003	248.9266	0.8704248	1.620622	0.4940806	7.333121
690	-7926.551	-8174.489	247.9379	0.8479273	1.620622	0.4940806	7.874342
696	-7921.14	-8169.574	248.4341	0.8536128	1.753948	0.5104647	7.543737
702	-7921.122	-8172.117	250.9942	0.9406741	1.611221	0.6271737	6.071247
708	-7927.121	-8178.722	251.6006	0.9255971	1.558482	0.4801248	5.892766
714	-7936.018	-8187.524	251.5062	1.026011	1.558482	0.6154017	5.774393
720	-7928.565	-8178.395	249.8298	0.8862685	1.704015	0.5910543	6.726315
726	-7925.693	-8175.43	249.7372	0.7848121	1.990358	0.4787221	6.830287
732	-7924.569	-8172.722	248.1531	0.843102	1.650836	0.4787221	7.764701
738	-7921.131	-8170.746	249.6152	0.8563681	2.155689	0.4787221	6.806576
744	-7929.994	-8178.492	248.4983	0.8540277	1.80334	0.4787221	7.520488
750	-7921.053	-8169.593	248.54	0.8327854	1.911491	0.4787221	7.473465
756	-7927.757	-8177.012	249.2552	0.8191927	1.619252	0.5787816	7.112943
762	-7934.827	-8184.623	249.7964	0.8432494	1.905509	0.5903465	6.69891
768	-7942.263	-8191.854	249.5911	0.7931363	1.441527	0.6104691	6.990458
774	-7932.953	-8184.55	251.5975	0.9571929	1.661058	0.6053113	5.731
780	-7944.266	-8195.053	250.7864	0.904945	2.003788	0.5959012	6.092159
786	-7936.294	-8186.399	250.1057	0.8508122	1.932992	0.5421602	6.558027
792	-7941.087	-8190.004	248.9167	0.7850068	1.932992	0.6322022	7.162996
798	-7928.632	-8176.952	248.3195	0.825674	1.636796	0.6444497	7.554513
804	-7932.342	-8181.763	249.4204	0.8541371	1.643218	0.5627278	7.009392
810	-7941.471	-8191.203	249.7314	0.849405	1.759473	0.4978558	6.858115
816	-7938.791	-8186.296	247.5041	0.7870037	1.355721	0.4978558	8.239235
822	-7930.169	-8178.656	248.4868	0.7143587	1.568162	0.5075117	7.660142
828	-7921.961	-8169.965	248.0038	0.7593318	1.568162	0.5075117	7.894236
834	-7915.858	-8165.011	249.1525	0.8079798	1.568162	0.5804699	7.192054
840	-7918.036	-8166.966	248.9307	0.8144222	1.51641	0.5804699	7.327676
846	-7924.086	-8172.063	247.9768	0.7236267	1.476917	0.5804699	7.902283
852	-7923.447	-8171.903	248.4556	0.785445	1.807767	0.5568847	7.510915
858	-7939.286	-8187.764	248.478	0.8423669	1.681418	0.6041374	7.474948
864	-7937.92	-8186.54	248.62	0.7967502	2.000575	0.5654581	7.34668
870	-7926.725	-8176.953	250.2284	0.837233	1.578654	0.5654581	6.604423
876	-7935.267	-8185.583	250.3158	0.8601842	1.578654	0.5696803	6.541265
882	-7933.303	-8182.137	248.8342	0.8464562	1.864004	0.5723838	7.243609
888	-7934.73	-8183.554	248.8238	0.8245105	1.649238	0.5680079	7.339437
894	-7937.963	-8186.456	248.4933	0.8504668	1.649238	0.4789863	7.579141
900	-7936.577	-8185.581	249.0037	0.8528999	1.649238	0.4759194	7.307072
906	-7942.342	-8189.768	247.4254	0.798779	1.767	0.4759194	8.138033
912	-7941.527	-8190.741	249.2137	0.8333172	1.959042	0.4460262	7.126849
918	-7929.554	-8177.826	248.2722	0.7615506	1.51495	0.7058332	7.616357
924	-7927.586	-8175.587	248.0013	0.7911247	1.51495	0.534987	7.875448
930	-7931.123	-8181.118	249.9956	0.8791787	1.75262	0.5197345	6.682539
936	-7928.29	-8179.071	250.7815	0.9135525	1.75262	0.5228519	6.235233
942	-7943.714	-8192.149	248.4353	0.8563233	1.651385	0.6135831	7.493956
948	-7949.253	-8198.03	248.7768	0.8725867	1.735357	0.5555997	7.318132
954	-7932.611	-8180.147	247.5352	0.7866176	1.698722	0.50746	8.081772
960	-7947.236	-8194.123	246.8867	0.7264395	1.813928	0.4777591	8.445509
966	-7933.117	-8181.331	248.2142	0.8147539	1.627969	0.5525864	7.691616
972	-7926.127	-8173.225	247.0977	0.7698241	1.627969	0.5015546	8.354318
978	-7935.705	-8184.357	248.6519	0.8465197	1.747343	0.5560395	7.394523
984	-7925.058	-8174.167	249.1087	0.7694764	1.526137	0.5560395	7.272319
990	-7939.921	-8190.515	250.5941	0.9074504	1.526137	0.5939505	6.365614
996	-7930.567	-8180.82	250.2535	0.9206373	1.74265	0.5576644	6.491882
1002	-7932.016	-8181.812	249.7958	0.8591729	1.74265	0.4509274	6.867443
1008	-7947.118	-8196.816	249.6982	0.915424	1.74265	0.4746669	6.867443
1014	-7942.794	-8191.023	248.2293	0.7809304	1.968958	0.4253326	7.699757
1020	-7924.215	-8175.04	250.825	0.9829519	1.968958	0.4253326	6.191926
1026	-7928.93	-8179.053	250.1235	0.8419093	1.968958	0.4253326	6.648808
1032	-7934.464	-8183.189	248.7251	0.8030844	2.003698	0.4877124	7.352488
1038	-7939.036	-8187.83	248.794	0.8532305	1.867919	0.4658686	7.352488
1044	-7931.529	-8181.218	249.6884	0.9909198	1.630878	0.4319017	6.913232
1050	-7938.614	-8186.864	248.25	0.8598175	1.364697	0.4838268	7.811386
1056	-7932.539	-8181.751	249.2125	0.8092773	1.862336	0.5293804	7.096546
1062	-7922.33	-8171.69	249.3596	0.7661851	1.503674	0.6024057	7.110877
1068	-7926.198	-8174.608	248.41	0.8822793	1.696411	0.4751544	7.593185
1074	-7933.863	-8182.957	249.0937	0.9258642	1.543393	0.4366811	7.296458
1080	-7940.929	-8189.449	248.5202	0.8284278	1.853035	0.5453267	7.447593
1086	-7928.322	-8177.45	249.1283	0.8332366	1.853035	0.5205898	7.139568
1092	-7919.786	-8168.733	248.9469	0.8552457	1.919869	0.5210116	7.202803
1098	-7926.192	-8175.226	249.0339	0.8314462	1.471537	0.6098591	7.257842
1104	-7920.375	-8168.437	248.0617	0.7705521	1.649041	0.5132634	7.822267
1110	-7921.946	-8170.788	248.8414	0.9345984	1.733523	0.6206121	7.199271
1116	-7923.574	-8173.619	250.0456	0.8744122	1.956352	0.5885668	6.532083
1122	-7914.108	-8163.835	249.7273	0.8552578	1.707987	0.4930342	6.879718
1128	-7928.347	-8178.267	249.9203	0.8137975	1.736286	0.4930342	6.787928
1134	-7923.92	-8172.082	248.1619	0.7429586	1.962285	0.4728089	7.712989
1140	-7926.098	-8175.457	249.3594	0.8432696	1.418236	0.5354501	7.158361
1146	-7927.601	-8175.758	248.1572	0.7875243	1.479773	0.5586054	7.78833
1152	-7926.803	-8174.994	248.1904	0.7996322	1.479773	0.5718963	7.753336
1158	-7928.688	-8177.598	248.9097	0.7633585	1.715418	0.4908585	7.368122
1164	-7935.406	-8184.156	248.7494	0.7409241	1.715418	0.67314	7.320193
1170	-7932.786	-8181.411	248.6255	0.7409241	1.586586	0.4656415	7.602546
1176	-7928.753	-8178.709	249.9568	0.9290797	1.586586	0.4877698	6.7656
1182	-7917.759	-8166.766	249.0069	0.8118406	1.905271	0.4828027	7.232552
1188	-7923.245	-8172.173	248.9277	0.890039	1.78916	0.49708	7.259153
1194	-7924.307	-8172.955	248.6476	0.8232384	1.701735	0.6048204	7.386493
1200	-7929.85	-8177.655	247.8053	0.8416336	1.636645	0.5243005	7.916271
1206	-7936.319	-8185.499	249.1799	0.781375	1.636645	0.5243005	7.212523
1212	-7927.034	-8176.324	249.2894	0.8569008	1.71907	0.5070595	7.098235
1218	-7929.841	-8180.154	250.313	0.8846653	1.809004	0.6156657	6.409486
1224	-7927.609	-8177.819	250.2097	0.9226862	1.675558	0.6156657	6.492166
1230	-7923.617	-8172.487	248.8703	0.7662958	1.531353	0.5380042	7.414912
1236	-7928.14	-8176.25	248.1106	0.7478943	1.673192	0.5582334	7.761626
1242	-7935.962	-8184.149	248.187	0.7926345	1.653229	0.4911833	7.76144
1248	-7942.632	-8191.172	248.5407	0.8218886	1.757351	0.4911833	7.519535
1254	-7928.33	-8176.906	248.5762	0.7716037	1.78015	0.4911833	7.519535
1260	-7926.636	-8175.374	248.7385	0.9160593	1.78015	0.4611221	7.382725
1266	-7933.14	-8183.2	250.0591	0.9163056	1.943797	0.6010148	6.496311
1272	-7936.369	-8185.411	249.0417	0.880794	1.790036	0.4746303	7.222956
1278	-7937.316	-8186.674	249.3581	0.8947743	1.790036	0.5826616	6.952619
1284	-7924.105	-8172.39	248.2848	0.8462791	1.617581	0.4947795	7.690356
1290	-7921.147	-8171.053	249.9058	0.9301873	1.688049	0.5753438	6.679883
1296	-7915.327	-8164.098	248.7705	0.779752	1.756572	0.5558624	7.363634
1302	-7918.519	-8167.333	248.8148	0.7765356	1.756572	0.5295581	7.363634
1308	-7920.615	-8169.417	248.802	0.8060098	1.756572	0.5533857	7.334739
1314	-7912.875	-8161.305	248.4306	0.7803007	1.567616	0.5970246	7.581188
1320	-7920.85	-8168.875	248.0252	0.8232571	2.023829	0.6297232	7.593728
1326	-7919.125	-8168.666	249.5407	0.8992662	1.748568	0.4600174	6.972611
1332	-7935.161	-8183.828	248.667	0.813195	1.696401	0.6973737	7.315208
1338	-7934.189	-8181.688	247.499	0.7864171	1.751245	0.6165624	7.993997
1344	-7939.628	-8189.253	249.6241	0.8469194	1.62478	0.6165624	6.867608
1350	-7922.904	-8171.794	248.8897	0.8619078	1.867225	0.5703682	7.206048
1356	-7933.366	-8181.242	247.8761	0.7341283	1.867225	0.4583906	7.91461
1362	-7936.531	-8185.545	249.014	0.816965	1.696959	0.4665973	7.312186
1368	-7941.79	-8189.427	247.6372	0.81409	1.696959	0.4409197	8.07431
1374	-7932.187	-8179.384	247.1971	0.7198038	1.914832	0.5980407	8.149825
1380	-7932.917	-8180.41	247.4935	0.7656625	1.625449	0.5980407	8.067173
1386	-7928.945	-8179.428	250.4824	0.9477503	1.625449	0.5749163	6.381571
1392	-7930.984	-8179.597	248.613	0.8427327	2.016594	0.4899152	7.385319
1398	-7927.849	-8176.483	248.6335	0.8205332	2.016594	0.4909611	7.385319
1404	-7922.055	-8170.014	247.9584	0.7748765	1.7793	0.5714731	7.780451
1410	-7940.406	-8188.045	247.6393	0.7780434	1.643548	0.6051721	7.970658
1416	-7941.472	-8191.109	249.6366	0.8970048	1.907401	0.5072828	6.825076
1422	-7942.466	-8192.857	250.3907	0.9133016	1.788146	0.5588003	6.404576
1428	-7938.438	-8187.807	249.3698	0.8364473	1.961689	0.5588003	6.940039
1434	-7933.76	-8182.651	248.8913	0.8474202	1.961689	0.5588003	7.191617
1440	-7940.231	-8190.923	250.6924	0.9534161	1.862872	0.5166701	6.229358
1446	-7940.606	-8191.4	250.7936	0.9190111	1.609963	0.580648	6.229358
1452	-7947.161	-8197.056	249.8954	0.7836489	1.609963	0.5666332	6.800498
1458	-7934.176	-8182.558	248.3823	0.8548977	1.629892	0.5874326	7.551382
1464	-7941.678	-8190.584	248.9063	0.8093121	1.787137	0.4550041	7.353319
1470	-7936.987	-8186.118	249.1308	0.8093121	1.787137	0.4550041	7.232822
1476	-7939.724	-8189.165	249.4406	0.8272335	1.787137	0.5605588	6.963456
1482	-7946.986	-8193.76	246.7742	0.7447167	1.91724	0.4823282	8.457436
1488	-7950.143	-8198.305	248.1623	0.824102	1.82934	0.5799355	7.621331
1494	-7950.408	-8199.77	249.3621	0.8636566	1.491838	0.5799355	7.079535
1500	-7948.641	-8196.829	248.1887	0.8026872	1.817404	0.5062923	7.684228
1506	-7937.337	-8187.356	250.0187	0.8408135	1.814933	0.4911807	6.694514
1512	-7937.248	-8185.864	248.6157	0.7974291	1.814933	0.5744098	7.402044
1518	-7958.577	-8207.083	248.5065	0.7689014	1.551329	0.6155907	7.538532
1524	-7942.487	-8191.637	249.1491	0.8693072	1.551329	0.5046379	7.231046
1530	-7931.764	-8180.742	248.9785	0.8294412	1.706843	0.5703113	7.231046
1536	-7930.398	-8179.504	249.106	0.9027067	1.706843	0.4603426	7.219039
1542	-7933.323	-8183.126	249.8023	0.9085644	1.706843	0.5277051	6.780429
1548	-7937.119	-8186.617	249.4987	0.8661875	1.706843	0.5187112	6.974756
1554	-7928.544	-8177.002	248.4578	0.8673048	1.776108	0.5187112	7.508874
1560	-7934.485	-8183.365	248.8802	0.8145766	1.800879	0.5469812	7.278144
1566	-7927.634	-8175.901	248.2679	0.8354464	1.857249	0.5423087	7.580101
1572	-7916.121	-8163.71	247.589	0.7918002	1.857249	0.5827592	7.933368
1578	-7922.139	-8169.742	247.6033	0.7793712	1.729045	0.4740473	8.068471
1584	-7928.321	-8175.507	247.1858	0.7086439	1.729045	0.5329701	8.276832
1590	-7916.907	-8166.23	249.323	0.8697875	1.628151	0.5537792	7.066351
1596	-7931.154	-8178.785	247.6306	0.8191689	1.786188	0.5329216	7.961201
1602	-7932.006	-8180.503	248.4973	0.89827	1.385814	0.5666382	7.578909
1608	-7921.099	-8171.013	249.9147	0.8159119	1.445692	0.5666382	6.836908
1614	-7916.776	-8166.021	249.2453	0.8463956	1.579799	0.596846	7.104119
1620	-7931.341	-8181.885	250.5442	1.007224	1.409572	0.4055604	6.555752
1626	-7926.333	-8175.559	249.2256	0.9805564	1.531859	0.5189051	7.125194
1632	-7920.439	-8169.505	249.0653	0.8383438	1.690727	0.5189051	7.228449
1638	-7912.047	-8160.115	248.0681	0.7746311	1.647589	0.554662	7.782251
1644	-7910.498	-8160.151	249.6525	0.9212505	1.647589	0.554662	6.853208
1650	-7914.625	-8164.714	250.0889	0.8723877	1.623911	0.4812994	6.716712
1656	-7910.683	-8161.722	251.039	0.913407	1.483286	0.4812994	6.234133
1662	-7907.517	-8156.254	248.7373	0.8478638	1.483286	0.4812994	7.510924
1668	-7911.661	-8159.906	248.2446	0.7964946	1.703336	0.4812994	7.719467
1674	-7919.266	-8168.597	249.3313	0.8586653	1.738457	0.4812994	7.09097
1680	-7927.735	-8177.077	249.342	0.8388453	1.738457	0.4357847	7.138907
1686	-7929.787	-8177.878	248.0909	0.7760908	1.554665	0.519685	7.833363
1692	-7931.999	-8180.883	248.8842	0.8963177	1.532861	0.4975586	7.372131
1698	-7933.813	-8181.499	247.6857	0.8023199	1.553938	0.6112981	7.961693
1704	-7933.007	-8182.552	249.5444	0.836906	1.561317	0.6680315	6.901559
1710	-7923.211	-8172.889	249.6781	0.8664987	1.556122	0.5568105	6.901559
1716	-7929.411	-8178.122	248.7109	0.8081527	1.950726	0.4600721	7.399647
1722	-7921.48	-8170.21	248.7299	0.8828986	1.689195	0.4883142	7.4121
1728	-7920.232	-8169.148	248.9158	0.8033917	1.644419	0.6359061	7.250283
1734	-7918.982	-8167.999	249.0168	0.8016225	1.598201	0.5889539	7.250283
1740	-7923.29	-8173.1	249.8101	0.7867328	1.598201	0.6114659	6.813656
1746	-7922.377	-8172.215	249.8376	0.8660648	1.598201	0.5285481	6.823549
1752	-7923.184	-8173.418	250.2341	0.8469439	1.326229	0.5020735	6.753094
1758	-7922.749	-8172.562	249.8126	0.8288676	1.595996	0.4714645	6.908811
1764	-7922.636	-8171.139	248.5035	0.9174397	1.582975	0.4714645	7.569334
1770	-7929.95	-8179.91	249.9604	0.92905	1.582975	0.4714645	6.780011
1776	-7923.722	-8172.864	249.1425	0.8211244	1.582975	0.4789002	7.271568
1782	-7927.292	-8175.528	248.2363	0.8019854	1.733053	0.5609893	7.641961
1788	-7921.492	-8169.325	247.8332	0.7788658	1.67521	0.5554509	7.894793
1794	-7925.512	-8174.767	249.255	0.8001269	1.454415	0.4834201	7.268489
1800	-7928.684	-8177.197	248.5136	0.8232739	1.572719	0.4868779	7.604138
1806	-7932.264	-8180.08	247.8156	0.8233338	1.572719	0.547885	7.924493
1812	-7934.434	-8183.211	248.777	0.7802759	1.414756	0.6145778	7.442535
1818	-7931.488	-8180.461	248.9729	0.7836158	1.427437	0.4802549	7.442535
1824	-7923.674	-8170.129	246.4552	0.7685377	1.720025	0.4740957	8.687855
1830	-7925.257	-8173.029	247.7715	0.7938848	1.48285	0.5812464	7.971428
1836	-7922.191	-8170.268	248.0775	0.8326116	1.690425	0.5153886	7.763913
1842	-7924.643	-8170.88	246.2366	0.7424858	1.442851	0.5750914	8.835559
1848	-7930.04	-8177.107	247.0672	0.7691585	1.442851	0.5750914	8.38053
1854	-7918.457	-8166.719	248.2622	0.8523748	1.751088	0.5836786	7.576544
1860	-7927.345	-8175.832	248.4871	0.8309834	1.737114	0.4626466	7.576544
1866	-7945.274	-8193.351	248.0767	0.7298795	1.869201	0.5510097	7.727661
1872	-7918.935	-8167.364	248.4285	0.8705738	1.613662	0.4366859	7.655977
1878	-7917.86	-8165.641	247.7811	0.8420525	1.613662	0.4668821	7.988405
1884	-7923.096	-8173.199	250.1031	0.8758894	1.745285	0.5086328	6.638498
1890	-7915.751	-8166.104	250.3535	0.905184	1.666262	0.5787282	6.456332
1896	-7926.455	-8176.899	250.4443	0.9551645	1.666262	0.5105435	6.437593
1902	-7926.963	-8177.012	250.0486	0.7895502	1.771063	0.5389755	6.679332
1908	-7930.616	-8180.374	249.7576	0.8089734	1.766244	0.4769789	6.882405
1914	-7922.696	-8172.444	249.7481	0.8337225	1.523132	0.5361138	6.911631
1920	-7924.91	-8172.626	247.7163	0.7956972	1.609645	0.6841488	7.874374
1926	-7918.941	-8167.291	248.35	0.8044625	1.549852	0.6893785	7.549749
1932	-7910.728	-8158.879	248.1505	0.7995522	1.549852	0.5561927	7.760172
1938	-7924.654	-8171.593	246.9394	0.7784113	1.419129	0.6323509	8.409074
1944	-7934.957	-8182.028	247.0704	0.6872896	1.488098	0.5691729	8.409074
1950	-7917.619	-8166.031	248.4127	0.7449069	1.479753	0.5691729	7.665969
1956	-7919.789	-8167.772	247.9834	0.6991952	1.585652	0.5935367	7.85955
1962	-7928.962	-8179.353	250.391	0.9155727	1.592723	0.6165446	6.427951
1968	-7920.267	-8169.064	248.7964	0.7646473	1.68526	0.6165446	7.334994
1974	-7947.82	-8197.128	249.308	0.776311	1.68526	0.5415085	7.114062
1980	-7937.154	-8186.471	249.3166	0.8641734	1.495938	0.5651531	7.114062
1986	-7934.277	-8183.481	249.2041	0.8612824	1.739458	0.5306617	7.114062
1992	-7937.213	-8186.586	249.3728	0.7286103	1.503018	0.6155448	7.114062
1998	-7924.751	-8174.028	249.2775	0.7679461	1.566015	0.557241	7.166069
2004	-7925.783	-8175.754	249.9712	0.9170179	1.566015	0.557241	6.711955
2010	-7930.561	-8180.242	249.6816	0.7691731	1.906535	0.557241	6.827387
2016	-7943.096	-8190.771	247.6746	0.6808782	1.669208	0.557241	8.03239
2022	-7934.209	-8183.761	249.5521	0.8720385	1.767548	0.5016698	6.936364
2028	-7937.933	-8186.465	248.5315	0.8273881	1.656632	0.6767412	7.409243
2034	-7929.071	-8176.933	247.8614	0.7872666	1.693918	0.5006454	7.915155
2040	-7928.004	-8178.549	250.5447	0.8293655	1.97192	0.5600386	6.304078
2046	-7918.328	-8167.727	249.3987	0.8029044	1.811148	0.6065586	6.954162
2052	-7928.772	-8178.846	250.074	1.009085	1.743004	0.6065586	6.50168
2058	-7934.27	-8185.041	250.7706	0.9456405	1.743004	0.5258932	6.22448
2064	-7922.829	-8172.591	249.7622	0.9032633	1.743004	0.4959772	6.819947
2070	-7914.196	-8164.368	250.1717	0.8884639	1.665696	0.4959772	6.634512
2076	-7923.523	-8171.497	247.9739	0.8326319	1.641025	0.4959772	7.854114
2082	-7922.338	-8172.542	250.2035	0.8497072	1.641025	0.436477	6.703232
2088	-7923.596	-8173.225	249.6291	1.019869	1.756475	0.5584762	6.770309
2094	-7932.649	-8183.787	251.1377	0.9119725	1.756475	0.479139	6.080215
2100	-7917.047	-8167.493	250.4461	0.895755	1.654208	0.4786695	6.50202
2106	-7928.304	-8177.891	249.5876	0.7811703	1.673737	0.5481522	6.959557
2112	-7927.381	-8178.327	250.9464	0.9262472	1.673737	0.538031	6.15397
2118	-7926.048	-8176.463	250.4142	0.8398262	1.441234	0.5756639	6.54852
2124	-7921.768	-8172.346	250.5782	0.9199395	1.441234	0.6224166	6.379337
2130	-7917.172	-8167.013	249.8409	0.9069759	1.441234	0.5448169	6.847448
2136	-7926.449	-8175.303	248.8539	0.838478	1.441234	0.5062137	7.448064
2142	-7923.291	-8171.562	248.2708	0.8627461	1.53674	0.4398998	7.770448
2148	-7931.248	-8180.782	249.5339	0.890465	1.683459	0.5658354	6.911438
2154	-7921.046	-8170.648	249.6022	0.830344	1.536799	0.4940451	7.023399
2160	-7920.031	-8169.543	249.5113	0.8499942	1.638191	0.4940451	7.023399
2166	-7927.342	-8177.372	250.0299	0.9764841	1.861248	0.5168164	6.576599
2172	-7929.028	-8178.559	249.5305	0.9030018	1.660328	0.5740138	6.908312
2178	-7920.813	-8169.412	248.5989	0.7460262	1.660328	0.5588835	7.505483
2184	-7915.058	-8163.26	248.2021	0.7964364	1.660328	0.5588835	7.690894
2190	-7921.751	-8171.193	249.4416	0.9152204	1.911413	0.4957776	6.929306
2196	-7918.559	-8167.436	248.8772	0.8184014	1.911413	0.5004893	7.280745
2202	-7900.912	-8150.288	249.3764	0.9057862	1.628029	0.4924509	7.071142
2208	-7914.956	-8164.784	249.8286	0.8856587	1.628029	0.4883507	6.8421
2214	-7916.221	-8166.074	249.8537	0.8687683	1.584939	0.6285075	6.737764
2220	-7922.408	-8172.625	250.2165	0.948947	1.606209	0.6871907	6.446846
2226	-7932.659	-8182.898	250.2395	0.890711	1.578937	0.6335015	6.515752
2232	-7939.601	-8189.387	249.7859	0.8511649	1.578937	0.6407997	6.776927
2238	-7926.667	-8174.085	247.4177	0.7477711	1.681551	0.5768737	8.113388
2244	-7930.135	-8179.775	249.6399	0.9458307	1.814248	0.4323448	6.898018
2250	-7925.38	-8175.548	250.168	0.8441895	1.746729	0.5584058	6.577477
2256	-7928.061	-8175.379	247.318	0.787918	1.746729	0.5491651	8.144601
2262	-7938.125	-8186.788	248.6629	0.8861891	1.593203	0.5581212	7.42149
2268	-7942.252	-8191.963	249.7111	0.8946687	1.603212	0.4854426	6.91253
2274	-7920.489	-8168.817	248.3281	0.7841613	1.730767	0.5491651	7.612884
2280	-7923.452	-8171.381	247.9292	0.801448	1.786079	0.5020755	7.837914
2286	-7932.707	-8180.771	248.0641	0.8160017	1.661284	0.6763289	7.664287
2292	-7923.571	-8172.303	248.7321	0.8249565	1.661284	0.6763547	7.301544
2298	-7912.727	-8162.15	249.423	0.910316	1.63077	0.6254084	6.932875
2304	-7928.899	-8179.296	250.3961	0.910316	1.63077	0.526152	6.487513
2310	-7927.217	-8175.811	248.5939	0.9198619	1.63077	0.439203	7.532312
2316	-7916.274	-8165.232	248.9587	0.833655	1.542726	0.474293	7.383019
2322	-7915.094	-8163.368	248.2739	0.833435	1.542726	0.4846291	7.74037
2328	-7926.319	-8174.914	248.5949	0.8216836	1.783737	0.4270028	7.541848
2334	-7914.581	-8162.957	248.3765	0.807103	1.486131	0.4270028	7.776021
2340	-7914.198	-8160.566	246.367	0.7692356	1.532984	0.5351946	8.749435
2346	-7914.524	-8162.422	247.8976	0.7723618	1.532984	0.5351946	7.933641
2352	-7922.163	-8169.939	247.7757	0.8723984	1.657355	0.5351946	7.898851
2358	-7918.328	-8167.852	249.5246	0.805402	1.882239	0.5351946	6.918994
2364	-7918.344	-8167.318	248.9733	0.9067444	2.024368	0.5351946	7.115505
2370	-7915.671	-8165.357	249.686	0.8846063	1.724406	0.4924403	6.880847
2376	-7919.58	-8168.451	248.871	0.838381	1.724406	0.6176201	7.240527
2382	-7926.43	-8174.561	248.1311	0.8345145	1.656488	0.564746	7.705121
2388	-7931.963	-8180.077	248.1139	0.7599841	1.547286	0.5206223	7.83167
2394	-7934.363	-8183.396	249.0324	0.8549769	1.547286	0.5634739	7.253053
2400	-7955.248	-8204.576	249.3287	0.7812305	1.786424	0.6086665	7.010383
2406	-7933.476	-8182.072	248.5954	0.7707031	1.661321	0.6086665	7.454206
2412	-7929.775	-8177.868	248.0922	0.7831018	1.625015	0.5203479	7.801972
2418	-7935.436	-8182.855	247.4182	0.7831018	1.772851	0.5881792	8.053339
2424	-7929.233	-8178.869	249.6356	0.7828579	1.555345	0.5151908	7.005142
2430	-7929.207	-8176.801	247.5942	0.7318514	1.426282	0.6063022	8.102144
2436	-7919.507	-8167.358	247.8507	0.7421502	1.573313	0.5689437	7.931651
2442	-7930.509	-8179.628	249.1194	0.8126788	1.573313	0.522146	7.253775
2448	-7932.796	-8182.579	249.7829	0.8113134	1.512068	0.5229578	6.92052
2454	-7923.565	-8172.176	248.6113	0.8202952	1.67463	0.5026147	7.501712
2460	-7929.363	-8178.093	248.7301	0.8614968	1.573145	0.5877074	7.382428
2466	-7930.957	-8180.669	249.7117	0.9252495	1.573145	0.4379457	6.951835
2472	-7920.745	-8170.484	249.7387	0.8574347	1.577269	0.4592021	6.951835
2478	-7923.707	-8173.947	250.2407	0.8864035	1.481272	0.5956077	6.58503
2484	-7918.811	-8168.86	250.0488	0.9078171	1.481272	0.5683484	6.699109
2490	-7922.822	-8171.612	248.7901	0.8163946	1.410739	0.5455303	7.472943
2496	-7924.504	-8173.526	249.022	0.8552971	1.464958	0.5040864	7.341236
2502	-7926.082	-8173.674	247.5922	0.7583141	1.464958	0.5337365	8.131835
2508	-7927.698	-8176.177	248.4781	0.788555	1.444092	0.5505327	7.637116
2514	-7931.136	-8179.522	248.3859	0.8829145	1.413154	0.5645114	7.637116
2520	-7932.648	-8180.365	247.7173	0.7661816	1.673135	0.5628632	7.958126
2526	-7933.326	-8182.741	249.415	0.9833124	1.7948	0.4616843	6.977431
2532	-7937.158	-8185.352	248.1939	0.9113543	1.829751	0.5126509	7.613585
2538	-7936.618	-8185.762	249.1441	0.8560281	1.829751	0.5273265	7.120872
2544	-7947.839	-8196.042	248.2035	0.7191399	1.437411	0.5568644	7.818535
2550	-7929.457	-8177.684	248.2273	0.7665641	1.838845	0.6058221	7.593804
2556	-7934.916	-8183.334	248.4179	0.7762826	1.774902	0.4949281	7.600262
2562	-7933.37	-8181.346	247.9763	0.9094175	1.774902	0.7059777	7.600262
2568	-7918.009	-8167.847	249.8384	0.9340171	1.774902	0.6161715	6.651172
2574	-7916.784	-8166.394	249.6094	0.8748515	1.596585	0.500224	6.96716
2580	-7928.298	-8177.672	249.3737	0.8998047	1.621878	0.5557781	7.023573
2586	-7939.371	-8187.075	247.7035	0.7323141	1.900329	0.5600732	7.908065
2592	-7942.985	-8192.711	249.7264	0.8732269	1.525467	0.5045098	6.928522
2598	-7929.928	-8178.742	248.8136	0.7983954	1.599132	0.5136245	7.423154
2604	-7924.874	-8173.491	248.6169	0.9106787	1.780536	0.4910926	7.423154
2610	-7930.09	-8179.027	248.9368	0.8752865	1.799667	0.522063	7.236692
2616	-7942.324	-8192.209	249.8846	0.9077997	1.745324	0.5554891	6.699239
2622	-7940.917	-8189.352	248.4342	0.9077997	1.590703	0.5376325	7.550445
2628	-7928.118	-8176.487	248.3684	0.8328935	1.590703	0.5376325	7.625729
2634	-7921.232	-8170.863	249.6309	0.8537989	1.594366	0.5270221	6.944371
2640	-7919.784	-8169.478	249.6942	0.8141208	1.594366	0.5664506	6.898638
2646	-7922.467	-8171.855	249.3872	0.8670106	1.594366	0.5869342	7.018983
2652	-7935.235	-8182.237	247.0021	0.8084168	1.501449	0.5749246	8.371175
2658	-7934.091	-8181.915	247.8235	0.8714072	1.553663	0.5749246	7.879838
2664	-7917.275	-8166.683	249.4084	0.8766737	1.553663	0.5898415	7.015606
2670	-7931.454	-8180.6	249.1456	0.8270823	1.553663	0.5506245	7.215372
2676	-7929.822	-8177.816	247.994	0.8384662	1.791395	0.5506245	7.740329
2682	-7926.76	-8176.012	249.252	0.8991192	1.715522	0.5506245	7.059626
2688	-7929.261	-8177.922	248.6609	0.8400982	1.715522	0.4936137	7.457901
2694	-7931.203	-8179.166	247.9622	0.7355414	1.85197	0.5244638	7.813813
2700	-7925.305	-8171.553	246.2479	0.7807818	1.601644	0.4930865	8.816856
2706	-7925.552	-8172.215	246.6622	0.7422398	1.715602	0.5663876	8.514581
2712	-7922.067	-8170.407	248.3404	0.8410878	1.621035	0.5185745	7.641273
2718	-7920.112	-8168.987	248.875	0.8972793	1.621035	0.5533828	7.295274
2724	-7926.747	-8177.013	250.2664	0.859758	1.621035	0.5062965	6.60614
2730	-7928.572	-8178.781	250.2091	0.8994112	1.727137	0.474147	6.60614
2736	-7919.495	-8168.959	249.4639	0.8675177	1.445094	0.474147	7.132303
2742	-7930.663	-8178.067	247.4034	0.7231692	1.548703	0.4983637	8.248963
2748	-7927.503	-8174.298	246.7957	0.6675382	1.476416	0.6257618	8.526286
2754	-7929.026	-8177.285	248.259	0.7446162	1.476416	0.6375521	7.696627
2760	-7919.664	-8167.333	247.6695	0.7600155	1.606341	0.585287	7.993378
2766	-7927.121	-8175.731	248.6099	0.8064719	1.65689	0.5950166	7.439499
2772	-7926.264	-8174.598	248.3342	0.8238084	1.565392	0.5950166	7.611952
2778	-7942.476	-8192.492	250.0163	0.8226841	1.599086	0.6061344	6.686699
2784	-7933.676	-8183.81	250.1337	0.9084186	1.468554	0.637075	6.604085
2790	-7938.137	-8187.27	249.1326	0.8686576	1.434761	0.5540559	7.244262
2796	-7922.938	-8171.253	248.315	0.7924034	1.528783	0.5540559	7.685888
2802	-7920.727	-8168.22	247.4929	0.7578755	1.590624	0.5093752	8.157344
2808	-7930.494	-8179.14	248.6456	0.7744859	1.649341	0.5038461	7.515975
2814	-7926.133	-8175.869	249.736	0.7891877	1.483693	0.6342275	6.879332
2820	-7920.303	-8168.48	248.1765	0.7952627	1.368532	0.5465764	7.829219
2826	-7930.275	-8178.636	248.3616	0.8384722	1.488425	0.6529951	7.575387
2832	-7928.161	-8175.744	247.5828	0.7962846	1.488425	0.5022186	8.134421
2838	-7930.327	-8179.772	249.4448	0.8934134	1.3961	0.5292915	7.099914
2844	-7917.824	-8166.335	248.511	0.9452517	1.478933	0.5292915	7.539514
2850	-7919.538	-8168.333	248.7957	0.8158163	1.414745	0.5469696	7.467408
2856	-7931.408	-8179.747	248.3391	0.9416826	1.67324	0.6460616	7.467408
2862	-7915.84	-8164.923	249.0825	0.8342428	1.761555	0.5543691	7.166372
2868	-7921.694	-8170.257	248.5631	0.8728404	1.635817	0.5751364	7.452499
2874	-7920.382	-8170.046	249.6639	0.8011185	1.635817	0.5751364	6.899389
2880	-7932.568	-8181.716	249.1475	0.791339	1.899066	0.4555134	7.19541
2886	-7942.811	-8189.408	246.5973	0.7703651	1.899066	0.4902865	8.53655
2892	-7925.882	-8175.341	249.4581	0.9146154	1.780977	0.5468032	6.92048
2898	-7939.026	-8188.052	249.0258	0.8434451	1.526532	0.5525873	7.279815
2904	-7935.774	-8185.312	249.538	0.7939486	1.526532	0.5661383	7.019912
2910	-7915.813	-8166.508	250.6947	0.8729289	1.546214	0.5317908	6.373262
2916	-7926.004	-8176.878	250.8741	0.9040337	1.720876	0.6798257	6.076964
2922	-7913.798	-8163.32	249.5224	0.8770458	1.659782	0.6798257	6.846362
2928	-7926.927	-8176.583	249.6566	0.8796068	1.659782	0.5823849	6.846362
2934	-7931.908	-8181.645	249.7367	0.9403803	1.462121	0.5823849	6.846362
2940	-7925.119	-8174.693	249.5735	0.7877739	1.462121	0.5358979	7.054783
2946	-7918.238	-8168.139	249.9012	0.8568749	1.462121	0.5985874	6.789822
2952	-7925.541	-8175.94	250.3991	0.9374464	1.540032	0.6489817	6.407323
2958	-7930.445	-8181.179	250.7342	0.8595183	1.58182	0.6501906	6.250666
2964	-7922.542	-8173.511	250.9693	0.944396	1.58182	0.5863958	6.126002
2970	-7917.137	-8168.068	250.9315	0.944396	1.857298	0.4558314	6.16191
2976	-7914.667	-8164.527	249.8602	0.907318	1.857298	0.5458079	6.68222
2982	-7913.529	-8163.564	250.0341	0.8764118	1.809374	0.5458079	6.621179
2988	-7920.947	-8170.239	249.2913	0.8764118	1.809374	0.5379731	7.0286
2994	-7936.873	-8186.427	249.5538	0.8077896	1.523283	0.5379731	7.0286
3000	-7936.555	-8186.19	249.6347	0.8399802	1.521491	0.555488	6.953743
3006	-7933.433	-8182.641	249.208	0.7769834	1.583768	0.4723399	7.265816
3012	-7923.884	-8172.772	248.8873	0.8501376	1.583768	0.4536306	7.416111
3018	-7922.847	-8170.691	247.8438	0.8476063	1.438121	0.4685218	8.018357
3024	-7927.961	-8177.453	249.4924	0.808643	1.599382	0.4605691	7.10106
3030	-7926.622	-8175.817	249.1951	0.8402796	1.788882	0.5448001	7.10106
3036	-7940.491	-8189.266	248.7754	0.7942836	1.821233	0.578104	7.312931
3042	-7929.135	-8177.949	248.8131	0.9048798	1.8072	0.4837168	7.318561
3048	-7933.933	-8183.108	249.1747	0.8430217	1.8072	0.5018234	7.141305
3054	-7931.125	-8180.187	249.0618	0.8543918	1.972711	0.5018234	7.141305
3060	-7932.667	-8181.318	248.6505	0.8009426	1.903621	0.4954184	7.41882
3066	-7937.547	-8185.829	248.2823	0.7896266	1.903621	0.4856231	7.630865
3072	-7934.225	-8182.465	248.2408	0.8295848	1.730699	0.4856231	7.690252
3078	-7941.124	-8188.35	247.2263	0.8321929	1.591212	0.4856231	8.280501
3084	-7919.143	-8167.271	248.1283	0.8358856	1.826885	0.5280139	7.676801
3090	-7936.833	-8186.095	249.2615	0.848053	1.626441	0.5290101	7.132566
3096	-7936.629	-8185.548	248.9198	0.9078191	1.864976	0.6126544	7.132566
3102	-7944.514	-8191.681	247.1669	0.9336777	1.822049	0.5429843	8.126809
3108	-7947.522	-8195.379	247.8571	0.8930208	1.59406	0.4724974	7.92276
3114	-7931.239	-8180.707	249.4683	0.9778878	1.746376	0.6106611	6.841581
3120	-7916.668	-8166.303	249.6353	0.8200167	1.746376	0.6106611	6.836653
3126	-7915.968	-8166.197	250.2295	0.9095266	1.87766	0.5947702	6.434391
3132	-7923.345	-8171.42	248.0752	0.886647	1.732932	0.4951256	7.738934
3138	-7927.817	-8177.663	249.8456	0.9483754	1.691456	0.4419665	6.819404
3144	-7919.852	-8170.462	250.6097	0.9042372	1.691456	0.548342	6.333713
3150	-7934.97	-8183.418	248.4475	0.7385365	1.460576	0.4653839	7.748184
3156	-7929.817	-8178.484	248.6664	0.785742	1.76361	0.5453865	7.422491
3162	-7941.65	-8192.372	250.7223	0.9228837	1.509612	0.5388675	6.33949
3168	-7953.803	-8201.855	248.0515	0.7919067	1.630043	0.5372927	7.802749
3174	-7931.404	-8180.051	248.6471	0.8660115	1.85453	0.5372927	7.365663
3180	-7938.171	-8187.611	249.4409	0.8641028	1.55748	0.5421959	7.042242
3186	-7939.926	-8189.365	249.4394	0.8109131	1.624109	0.5421959	7.04655
3192	-7922.762	-8172.514	249.7517	0.8966476	1.45258	0.5421959	6.898736
3198	-7922.782	-8172.61	249.829	0.8893531	1.417001	0.5151655	6.898736
3204	-7918.539	-8167.998	249.4592	0.8716268	1.508895	0.5151655	7.070353
3210	-7915.239	-8164.534	249.2945	0.8281117	1.587263	0.5910315	7.089263
3216	-7921.328	-8171.411	250.0829	0.8233276	1.587263	0.665927	6.609722
3222	-7929.33	-8178.398	249.0681	0.8690099	1.806719	0.6186289	7.088764
3228	-7931.891	-8181.041	249.1499	0.7563989	1.725678	0.5122535	7.220364
3234	-7919.108	-8168.134	249.0256	0.8266504	1.835997	0.5019379	7.220364
3240	-7927.258	-8177.748	250.4899	0.8394466	1.626611	0.4726782	6.524602
3246	-7927.503	-8176.844	249.3412	0.7840335	1.865383	0.5700356	7.006
3252	-7934.097	-8183.973	249.8758	0.8849417	1.998917	0.5311472	6.652085
3258	-7929.054	-8178.705	249.6505	0.8897844	1.734823	0.4456541	6.937125
3264	-7935.989	-8187.386	251.3976	0.9162374	1.686607	0.5374887	5.909201
3270	-7943.52	-8191.987	248.4671	0.8050218	1.686607	0.6507595	7.463759
3276	-7932.691	-8180.329	247.6378	0.7976652	1.59781	0.446822	8.113159
3282	-7929.4	-8177.867	248.4668	0.7976652	1.770606	0.5097556	7.551053
3288	-7924.427	-8173.71	249.2838	0.8930422	1.472585	0.6624759	7.050499
3294	-7926.262	-8175.147	248.8853	0.7906738	1.5477	0.458552	7.45815
3300	-7927.094	-8177.408	250.3132	0.9935803	1.5477	0.458552	6.58011
3306	-7935.229	-8183.897	248.668	0.8561626	1.963092	0.458552	7.394409
3312	-7941.104	-8189.071	247.9661	0.7542526	1.851591	0.458552	7.860819
3318	-7945.581	-8193.249	247.6682	0.7774026	1.79134	0.5862281	7.918231
3324	-7930.985	-8180.216	249.2309	0.7927163	1.79134	0.5862281	7.072751
3330	-7926.812	-8174.564	247.7524	0.7558441	1.589801	0.562999	7.975388
3336	-7932.304	-8180.191	247.8872	0.7560888	1.589801	0.5264738	7.933674
3342	-7928.189	-8177.281	249.0921	0.8534848	1.699771	0.5264738	7.196153
3348	-7928.583	-8177.739	249.1566	0.8236193	1.751973	0.4844538	7.196153
3354	-7939.754	-8188.22	248.4658	0.7924404	1.620707	0.4844538	7.630431
3360	-7941.97	-8190.034	248.064	0.8671212	1.669805	0.5437885	7.735941
3366	-7946.951	-8194.224	247.274	0.7884422	1.364435	0.5574236	8.306756
3372	-7939.6	-8188.023	248.4238	0.74798	1.568573	0.5242782	7.66121
3378	-7933	-8181.797	248.7969	0.7451097	1.678797	0.522936	7.423332
3384	-7921.66	-8170.723	249.0629	0.7748773	1.589324	0.522936	7.297672
3390	-7934.05	-8183.35	249.3007	0.8927145	1.659941	0.6691859	6.965039
3396	-7931.78	-8180.376	248.5951	0.8043634	1.431609	0.7393704	7.430872
3402	-7938.7	-8187.05	248.3499	0.8042314	1.702057	0.7393704	7.459292
3408	-7935.577	-8185.908	250.3306	0.9225037	1.562196	0.6793823	6.421719
3414	-7915.418	-8164.91	249.4923	0.8771431	1.924672	0.5707945	6.854192
3420	-7926.462	-8176.565	250.1037	0.9426445	1.924672	0.5121495	6.538031
3426	-7916.529	-8165.489	248.9595	0.8404971	1.924672	0.4680496	7.249826
3432	-7915.28	-8163.465	248.1847	0.8305653	1.654114	0.4550925	7.775241
3438	-7930.431	-8180.913	250.4823	0.9597863	2.139311	0.5619955	6.213239
3444	-7925.097	-8174.974	249.8769	0.8332557	1.854992	0.5313857	6.726238
3450	-7934.96	-8183.721	248.7612	0.8794494	1.854992	0.628282	7.224458
3456	-7931.927	-8179.724	247.7965	0.8187365	1.743627	0.628282	7.811719
3462	-7921.083	-8169.233	248.1503	0.810889	1.615286	0.5021969	7.775469
3468	-7927.706	-8176.016	248.3097	0.8339765	1.635153	0.6189717	7.575009
3474	-7931.017	-8180.326	249.3088	0.7890668	1.635153	0.5813711	7.092328
3480	-7925.259	-8174.667	249.4075	0.7982168	1.483972	0.5813711	7.092328
3486	-7935.024	-8185.825	250.8006	0.8594291	1.598583	0.4985333	6.332203
3492	-7927.973	-8175.852	247.8795	0.7761958	2.129839	0.5200494	7.752575
3498	-7914.514	-8163.577	249.0631	0.8670609	1.89959	0.5082185	7.151775
3504	-7906.198	-8154.952	248.7538	0.8358632	1.78898	0.4438624	7.430847
3510	-7903.891	-8152.846	248.955	0.8221314	1.801642	0.5792424	7.20733
3516	-7913.864	-8163.372	249.5086	0.8507531	1.567372	0.5277176	7.021505
3522	-7916.357	-8166.281	249.9246	0.8507531	1.628107	0.522138	6.779157
3528	-7906.238	-8155.914	249.676	0.8477927	1.858434	0.4964057	6.856313
3534	-7912.237	-8162.234	249.9977	0.8741864	1.833714	0.6281	6.568001
3540	-7917.718	-8167.774	250.0555	0.8801497	1.833714	0.506817	6.632958
3546	-7920.437	-8170.719	250.2826	0.9043613	1.4998	0.4846895	6.639419
3552	-7927.999	-8176.938	248.9391	0.9695391	1.712664	0.4846895	7.248237
3558	-7918.072	-8168.193	250.1216	0.9222079	1.631222	0.5024667	6.650261
3564	-7922.719	-8172.092	249.3729	0.9353096	1.631222	0.5024667	7.047022
3570	-7925.537	-8174.818	249.2805	0.8474161	1.631222	0.5024667	7.144007
3576	-7935.001	-8183.763	248.762	0.8034597	1.765744	0.5024667	7.397833
3582	-7932.701	-8181.411	248.7092	0.8562954	1.765744	0.5024667	7.397833
3588	-7930.932	-8179.904	248.9718	0.9174905	1.765744	0.4345776	7.287155
3594	-7936.133	-8186.176	250.0423	0.9857216	1.691211	0.3784167	6.75822
3600	-7922.186	-8172.176	249.9901	0.8946415	1.384736	0.4615211	6.871143
3606	-7925.458	-8175.376	249.9177	0.8285556	1.406988	0.4615211	6.936468
3612	-7919.62	-8168.266	248.6465	0.9291247	1.623749	0.533488	7.416449
3618	-7924.083	-8172.987	248.9044	0.859187	1.563631	0.5465264	7.327269
3624	-7912.287	-8161.421	249.1341	0.8629553	1.563631	0.5346678	7.211836
3630	-7912.336	-8159.398	247.0628	0.7954382	1.563631	0.5176139	8.369289
3636	-7916.951	-8165.94	248.9891	0.9527995	1.563631	0.5791327	7.204858
3642	-7919.58	-8171.237	251.6568	0.9246846	1.563631	0.5308291	5.815062
3648	-7920.078	-8167.402	247.3243	0.7957823	1.563631	0.4832995	8.260149
3654	-7924.407	-8173.21	248.8029	0.8727316	1.724056	0.4832995	7.370501
3660	-7921.803	-8170.777	248.975	0.8214514	1.724056	0.4832995	7.305705
3666	-7916.095	-8164.912	248.817	0.8862075	1.87005	0.4832995	7.305705
3672	-7916.324	-8164.122	247.7982	0.7434217	1.87005	0.561026	7.860736
3678	-7934.698	-8181.97	247.2722	0.7232943	1.820848	0.6131273	8.127341
3684	-7926.666	-8174.081	247.4152	0.7856513	1.671357	0.5410737	8.127341
3690	-7920.217	-8168.686	248.4683	0.8287558	1.729354	0.5612614	7.504488
3696	-7920.338	-8170.45	250.1123	0.8221604	1.768393	0.5355457	6.63115
3702	-7930.775	-8180.939	250.1641	0.8714098	1.768393	0.5524405	6.56224
3708	-7926.297	-8175.15	248.853	0.7930962	1.683193	0.5096889	7.377438
3714	-7919.344	-8167.76	248.4166	0.767049	1.564232	0.512613	7.666543
3720	-7912.079	-8160.525	248.446	0.7896594	1.564232	0.512613	7.638751
3726	-7921.063	-8168.664	247.601	0.7341993	1.743867	0.512613	8.054282
3732	-7933.616	-8181.188	247.5724	0.8079313	1.743867	0.485377	8.054282
3738	-7928.063	-8175.488	247.4253	0.8283663	1.641431	0.5406883	8.110373
3744	-7932.54	-8179.906	247.3658	0.9119249	1.751705	0.4807912	8.110373
3750	-7935.912	-8183.465	247.5535	0.8633129	1.547546	0.4809384	8.110373
3756	-7936.195	-8184.079	247.8837	0.7922093	1.615352	0.5603199	7.878582
3762	-7932.839	-8180.322	247.4831	0.7288726	1.615352	0.5206383	8.159099
3768	-7940.871	-8188.85	247.9797	0.8257093	1.615352	0.5410335	7.825355
3774	-7929.057	-8176.001	246.9445	0.7217367	1.631519	0.4648222	8.493125
3780	-7930.492	-8178.98	248.4877	0.7626368	1.6532	0.5694032	7.550191
3786	-7921.999	-8171.615	249.6161	0.7874671	1.654726	0.5659199	6.933071
3792	-7930.365	-8180.059	249.6941	0.7965851	1.530392	0.5659199	6.933071
3798	-7914.646	-8164.895	250.2491	0.8857249	1.609604	0.5708021	6.55092
3804	-7926.371	-8174.762	248.3904	0.7498667	1.793861	0.5368099	7.586317
3810	-7922.808	-8170.359	247.5509	0.7982154	1.816911	0.4781438	8.052426
3816	-7924.113	-8172.759	248.6468	0.7671314	1.816911	0.6032659	7.378128
3822	-7925.024	-8172.709	247.6854	0.8187912	1.785583	0.6585366	7.834197
3828	-7932.588	-8181.258	248.6693	0.7736137	1.659553	0.5112827	7.493483
3834	-7936.046	-8184.472	248.4263	0.8703731	1.659553	0.6068016	7.493483
3840	-7940.728	-8188.049	247.3206	0.8018404	1.65841	0.557132	8.160562
3846	-7932.98	-8181.852	248.8721	0.8942605	1.65841	0.4938787	7.335849
3852	-7934.945	-8182.732	247.7873	0.7727181	1.789675	0.4856462	7.942387
3858	-7944.157	-8194.47	250.3131	0.9244488	1.79391	0.5347126	6.458862
3864	-7934.436	-8182.664	248.2279	0.8496974	1.79391	0.5301587	7.625482
3870	-7936.113	-8185.402	249.2886	0.8666689	2.021676	0.5301587	6.972526
3876	-7925.247	-8174.939	249.6924	0.9097633	1.737777	0.4544646	6.894281
3882	-7930.647	-8180.506	249.8588	0.8480612	1.575862	0.5708591	6.794942
3888	-7945.979	-8196.126	250.1471	0.8492203	1.573302	0.6624208	6.568891
3894	-7929.138	-8179.244	250.1062	0.843964	1.513897	0.6624208	6.616914
3900	-7918.193	-8165.572	247.3789	0.8209875	1.585543	0.5973499	8.114092
3906	-7908.754	-8157.88	249.1261	0.8470661	1.903136	0.5139135	7.122519
3912	-7904.363	-8153.753	249.3902	0.8516105	1.565827	0.4855694	7.122519
3918	-7916.4	-8164.723	248.3231	0.7926506	1.643564	0.4868223	7.696109
3924	-7923.391	-8172.722	249.3313	0.837286	1.699572	0.564105	7.044789
3930	-7924.038	-8172.968	248.9306	0.7864857	1.560519	0.564105	7.338908
3936	-7935.258	-8184.072	248.8139	0.748061	1.560519	0.564105	7.422079
3942	-7944.06	-8192.062	248.0025	0.8642556	1.505328	0.4662776	7.900172
3948	-7938.967	-8189.852	250.8852	0.9361177	1.685338	0.5689842	6.151716
3954	-7937.946	-8187.263	249.3162	0.7777476	1.599989	0.5129266	7.164734
3960	-7931.411	-8182.308	250.8969	0.9211353	1.529818	0.5942741	6.191959
3966	-7926.175	-8175.775	249.6002	0.8384921	1.638107	0.5942741	6.897491
3972	-7923.417	-8172.948	249.5311	0.898832	1.565796	0.5942741	6.929387
3978	-7936.723	-8186.307	249.584	0.9393167	1.592743	0.5942741	6.868791
3984	-7926.142	-8174.445	248.3029	0.8233289	1.771793	0.5187584	7.616793
3990	-7934.824	-8183.954	249.1302	0.7975846	1.71671	0.5364616	7.191153
3996	-7933.697	-8181.612	247.9152	0.7402776	1.598711	0.5177935	7.931295
4002	-7950.172	-8197.927	247.7546	0.8119639	1.751145	0.5942571	7.861163
4008	-7937.021	-8185.259	248.2382	0.7599247	1.751145	0.4818492	7.725126
4014	-7928.776	-8177.222	248.4459	0.7701896	1.751145	0.4823075	7.608105
4020	-7933.367	-8182.76	249.3931	0.8386011	1.86751	0.5377058	6.974727
4026	-7935.248	-8184.083	248.8355	0.9008801	1.974183	0.5612992	7.186821
4032	-7921.356	-8171.109	249.7524	0.8768227	1.53698	0.5701262	6.852417
4038	-7932.405	-8180.349	247.9439	0.773468	1.712015	0.504241	7.868876
4044	-7922.616	-8170.995	248.3792	0.8137893	1.447322	0.504241	7.714678
4050	-7923.438	-8171.759	248.3209	0.7666334	1.543456	0.5256356	7.714678
4056	-7936.083	-8184.995	248.9121	0.7970363	1.652229	0.5130315	7.351909
4062	-7932.496	-8181.632	249.1362	0.8640899	1.577872	0.5130315	7.223306
4068	-7917.289	-8166.242	248.9531	0.771579	1.721691	0.6307678	7.223306
4074	-7921.732	-8170.473	248.7411	0.7472902	1.721691	0.6307678	7.350171
4080	-7926.731	-8176.285	249.5539	0.8278516	1.531255	0.6275867	6.942945
4086	-7936.342	-8184.564	248.2218	0.8423928	1.531255	0.4597604	7.790722
4092	-7916.263	-8163.924	247.6609	0.7822366	1.917482	0.5162221	7.93536
4098	-7935.389	-8184.186	248.7972	0.8861601	1.716595	0.5038293	7.350638
4104	-7926.387	-8175.506	249.119	0.8583456	1.716595	0.4615803	7.231262
4110	-7919.105	-8167.53	248.4256	0.8126117	1.716595	0.4615803	7.627497
4116	-7911.595	-8158.792	247.1975	0.7331942	1.533137	0.5676186	8.300845
4122	-7913.403	-8161.119	247.716	0.7022435	1.581961	0.5676186	8.022621
4128	-7910.034	-8158.721	248.6869	0.7761164	1.805855	0.5624811	7.388014
4134	-7911.102	-8160.886	249.7835	0.8579133	1.712255	0.4930917	6.846407
4140	-7921.707	-8171.256	249.5489	0.8126335	1.712255	0.5924113	6.913615
4146	-7925.226	-8174.691	249.465	0.8358643	1.604781	0.4752505	7.085424
4152	-7921.453	-8171.1	249.6469	0.815558	1.88598	0.5255903	6.854566
4158	-7925.65	-8175.258	249.6076	0.8828927	1.690576	0.5649211	6.87399
4164	-7930.281	-8180.78	250.4988	0.9059134	1.690576	0.5585951	6.384774
4170	-7936.762	-8187.778	251.0161	0.9648629	1.603657	0.4837593	6.169295
4176	-7929.233	-8179.31	250.0766	0.8601773	1.603657	0.5385795	6.687055
4182	-7927.471	-8177.274	249.8034	0.937171	1.603657	0.568277	6.768334
4188	-7926.156	-8175.553	249.3968	0.9082127	1.742302	0.5439669	6.972868
4194	-7926.412	-8175.748	249.3365	0.8284727	1.742302	0.6392145	6.972868
4200	-7920.153	-8169.738	249.5847	0.8672263	1.543063	0.5372611	6.972868
4206	-7915.067	-8163.252	248.1848	0.8191215	1.543063	0.4698456	7.809006
4212	-7917.841	-8166.611	248.7701	0.8438721	1.86697	0.4698456	7.366953
4218	-7910.117	-8159.684	249.5673	0.8788887	1.559079	0.5270785	6.978487
4224	-7911.799	-8161.565	249.7661	0.8344374	1.785632	0.4900994	6.845381
4230	-7913.368	-8163.585	250.2164	0.8956421	1.567166	0.4900994	6.648695
4236	-7915.307	-8166.741	251.434	0.9497153	1.614323	0.6385574	5.816341
4242	-7930.053	-8180.118	250.0655	0.9178027	2.244405	0.5071762	6.478095
4248	-7938.219	-8187.587	249.3675	0.8001939	1.473828	0.4716673	7.211027
4254	-7940.113	-8189.124	249.0114	0.8036745	1.372238	0.5364902	7.384795
4260	-7921.119	-8169.246	248.1276	0.7915157	1.636678	0.5379574	7.759285
4266	-7937.645	-8185.781	248.1361	0.863992	1.732681	0.5343085	7.68465
4272	-7943.031	-8192.025	248.9939	0.950898	1.732681	0.6366454	7.096699
4278	-7939.595	-8188.369	248.7733	0.9108422	1.861752	0.5852529	7.232174
4284	-7945.653	-8196.087	250.4337	0.8600281	1.667501	0.6073811	6.414076
4290	-7937.229	-8185.986	248.7562	0.8351699	1.667501	0.4691568	7.448894
4296	-7930.361	-8179.189	248.8279	0.8171806	1.50188	0.5167143	7.440055
4302	-7928.085	-8178.375	250.2906	0.8918335	1.711175	0.5683761	6.489768
4308	-7931.358	-8181.429	250.0707	0.8615237	1.711175	0.5515437	6.639092
4314	-7940.839	-8190.841	250.0017	0.8765203	1.904672	0.5081156	6.639092
4320	-7931.947	-8181.74	249.7928	0.8856238	1.569827	0.6463318	6.753958
4326	-7925.25	-8174.387	249.137	0.7693689	1.650625	0.6264582	7.154523
4332	-7928.058	-8177.281	249.2233	0.7843329	1.53976	0.5240068	7.22444
4338	-7944.013	-8192.178	248.1651	0.7843329	1.53976	0.5307807	7.785551
4344	-7937.751	-8185.914	248.1627	0.8237834	1.647148	0.5447231	7.713827
4350	-7932.177	-8180.522	248.3451	0.8593375	1.898406	0.503622	7.545567
4356	-7913.791	-8162.864	249.0735	0.7574359	1.633778	0.5244051	7.283506
4362	-7916.505	-8166.09	249.585	0.9220634	1.752258	0.568357	6.840256
4368	-7927.233	-8176.185	248.9527	0.8264264	1.572225	0.5162841	7.341355
4374	-7939.401	-8186.649	247.2483	0.8870371	1.747671	0.4933103	8.176393
4380	-7942.635	-8190.704	248.0689	0.7809101	1.460541	0.6095388	7.806371
4386	-7946.573	-8195.348	248.7752	0.761248	1.514022	0.5912396	7.432022
4392	-7937.918	-8188.234	250.3162	0.8474753	1.626905	0.4970692	6.591878
4398	-7934.251	-8181.979	247.7288	0.7967137	1.658386	0.4970692	7.996799
4404	-7933.532	-8180.912	247.38	0.7474586	1.658386	0.5749466	8.1435
4410	-7938.347	-8187.049	248.7027	0.7469874	1.658386	0.5342671	7.470568
4416	-7917.298	-8165.363	248.0648	0.8061941	1.658386	0.5480732	7.768665
4422	-7921.598	-8170.792	249.1933	0.8135762	1.617912	0.5896653	7.141085
4428	-7916.941	-8166.159	249.2187	0.7881684	1.617912	0.5896653	7.141085
4434	-7919.002	-8169.805	250.8028	0.8912314	1.797476	0.5279333	6.215671
4440	-7924.374	-8173.696	249.3221	0.8972492	1.711023	0.5418846	7.031798
4446	-7924.261	-8173.932	249.6713	0.8451906	1.748973	0.5372459	6.862226
4452	-7921.026	-8169.492	248.466	0.848081	1.747711	0.5372459	7.508864
4458	-7916.993	-8166.563	249.5704	0.8658171	1.644175	0.5374779	6.943004
4464	-7929.887	-8177.669	247.7819	0.9041265	2.024219	0.5265606	7.762941
4470	-7932.367	-8180.517	248.15	0.7607854	2.024219	0.5898539	7.590886
4476	-7931.832	-8181.797	249.9654	0.9097776	1.897737	0.6085309	6.559813
4482	-7938.147	-8188.911	250.7645	0.9878806	1.503578	0.6085309	6.226834
4488	-7933.566	-8182.695	249.129	0.8208758	1.503578	0.6085309	7.20075
4494	-7931.008	-8179.958	248.9504	0.8208758	1.503578	0.5549903	7.339339
4500	-7926.899	-8175.999	249.1008	0.8719532	1.523624	0.4973551	7.272754
4506	-7923.056	-8172.389	249.3327	0.8559208	1.523624	0.5578482	7.104938
4512	-7932.265	-8182.086	249.8206	0.8422906	1.633548	0.5671558	6.800025
4518	-7928.111	-8177.374	249.2634	0.8156192	1.714178	0.5195468	7.125258
4524	-7928.547	-8176.966	248.4191	0.778934	1.798154	0.5835018	7.515739
4530	-7916.393	-8164.874	248.4804	0.7760083	1.791555	0.4854064	7.569777
4536	-7919.313	-8168.601	249.2872	0.840173	1.581345	0.4854064	7.178269
4542	-7914.3	-8163.619	249.3183	0.8694145	1.768027	0.4831957	7.080097
4548	-7913.711	-8162.657	248.9463	0.8136758	1.580422	0.5295065	7.337131
4554	-7915.568	-8164.394	248.8257	0.8554375	1.722232	0.5326121	7.324942
4560	-7936.994	-8185.874	248.8806	0.738705	1.722232	0.5727343	7.324942
4566	-7937.696	-8186.823	249.1265	0.81117	1.525323	0.5264649	7.265521
4572	-7931.036	-8180.279	249.2431	0.790817	1.396905	0.5264649	7.265521
4578	-7933.032	-8182.068	249.0358	0.7007543	1.644739	0.5264649	7.328364
4584	-7931.729	-8180.103	248.374	0.8097474	1.644739	0.5264649	7.624591
4590	-7932.303	-8181.591	249.2885	0.7934844	1.624906	0.4660507	7.204162
4596	-7931.634	-8181.868	250.2339	0.9310834	1.622463	0.4660507	6.621324
4602	-7924.195	-8174.425	250.2304	0.8355224	1.794232	0.5286238	6.556976
4608	-7940.141	-8189.634	249.4932	0.837784	1.652741	0.5575229	6.979784
4614	-7943.639	-8193.777	250.1384	0.9329084	1.766493	0.5313566	6.561367
4620	-7911.675	-8162.66	250.9847	0.9255607	1.695201	0.5498645	6.115652
4626	-7906.169	-8155.29	249.1216	0.8238111	1.695201	0.5498645	7.178159
4632	-7916.29	-8167.07	250.7801	0.9423466	1.82674	0.5806521	6.146011
4638	-7923.362	-8174.68	251.3182	0.9383984	1.997275	0.5069922	5.860787
4644	-7924.647	-8176.558	251.9113	1.070107	2.163904	0.413756	5.501075
4650	-7919.861	-8170.651	250.79	0.9017003	1.724733	0.4714003	6.293452
4656	-7936.834	-8186.431	249.5977	1.000687	1.933719	0.4125166	6.871278
4662	-7935.186	-8186.866	251.6803	1.01034	1.661781	0.4125166	5.829797
4668	-7922.962	-8172.819	249.857	0.9613669	1.661781	0.5151033	6.749634
4674	-7930.703	-8180.429	249.7257	0.8590261	1.904414	0.5647015	6.749634
4680	-7922.186	-8172.633	250.4469	0.9032987	1.591398	0.5037433	6.498284
4686	-7914.227	-8164.679	250.4515	0.8766769	1.444421	0.528798	6.546191
4692	-7926.574	-8175.236	248.6618	0.8060123	1.413794	0.528798	7.560081
4698	-7920.518	-8169.582	249.0638	0.8134589	1.403409	0.528798	7.344902
4704	-7920.362	-8170.109	249.7478	0.7933157	1.348118	0.528798	7.011467
4710	-7918.509	-8166.182	247.673	0.6940601	1.696979	0.4867158	8.076662
4716	-7922.499	-8169.425	246.9263	0.7807873	1.825637	0.5059117	8.366593
4722	-7915.532	-8162.803	247.2713	0.7771384	1.825637	0.5384703	8.157155
4728	-7928.412	-8176.523	248.1113	0.7271552	1.825637	0.6017652	7.684562
4734	-7934.781	-8184.646	249.865	0.839789	1.825637	0.5690285	6.707638
4740	-7938.35	-8187.589	249.2391	0.8702226	1.610826	0.6269871	7.059738
4746	-7942.212	-8190.29	248.0776	0.7977099	1.850977	0.5950947	7.661517
4752	-7933.686	-8181.598	247.9118	0.7920834	1.788321	0.512847	7.842011
4758	-7925.679	-8173.238	247.5585	0.7941191	1.530679	0.582506	8.065222
4764	-7949.662	-8197.878	248.2162	0.7278154	1.628555	0.6611789	7.652952
4770	-7931.74	-8180.879	249.1395	0.7930485	1.466819	0.6611789	7.185163
4776	-7940.126	-8189.543	249.4168	0.8713298	1.962459	0.5137524	6.933889
4782	-7923.056	-8173.357	250.3004	0.8746295	1.642602	0.4819467	6.593606
4788	-7939.884	-8189.93	250.0458	0.9212306	1.642527	0.5591307	6.638981
4794	-7929.065	-8178.086	249.0204	0.8354534	1.767384	0.5851869	7.17208
4800	-7933.175	-8182.322	249.1473	0.8544265	1.552719	0.5851869	7.17208
4806	-7929.569	-8176.488	246.9194	0.7710454	1.586301	0.5619375	8.413053
4812	-7925.974	-8174.381	248.4074	0.8097544	1.463596	0.538736	7.665599
4818	-7930.376	-8181.112	250.7365	0.9207235	1.743468	0.5189121	6.262509
4824	-7935.15	-8184.897	249.7472	0.8632576	1.960981	0.4147363	6.853686
4830	-7934.658	-8183.458	248.8004	0.8069353	1.6109	0.4524662	7.476794
4836	-7928.47	-8178.026	249.5567	0.8983239	1.6109	0.492722	6.98426
4842	-7932.835	-8181.931	249.0967	0.8491858	1.6109	0.492722	7.258053
4848	-7931.366	-8179.889	248.5225	0.7512139	1.6109	0.5501304	7.569018
4854	-7935.034	-8185.895	250.8609	0.8757794	1.560247	0.5501304	6.260435
4860	-7927.097	-8175.934	248.8373	0.8624838	1.514982	0.4734052	7.444252
4866	-7926.395	-8175.588	249.1925	0.7841735	1.514982	0.567452	7.214433
4872	-7924.621	-8172.685	248.064	0.8345674	1.740873	0.3885892	7.872726
4878	-7923.833	-8171.057	247.2235	0.7351026	1.740873	0.4935462	8.272614
4884	-7926.829	-8174.649	247.8205	0.7472041	1.342728	0.5450004	8.057052
4890	-7924.971	-8174.935	249.9639	0.8862491	2.003908	0.5417854	6.593139
4896	-7932.87	-8180.946	248.0762	0.8542689	2.003908	0.4975619	7.663788
4902	-7918.144	-8167.674	249.5295	0.8115496	1.951861	0.4685878	6.949535
4908	-7928.645	-8180.515	251.8708	1.023011	1.506603	0.5975322	5.610905
4914	-7935.614	-8186.647	251.0325	0.9660726	1.506603	0.5975322	6.100329
4920	-7923.192	-8173.97	250.7779	0.9641119	1.687224	0.4866005	6.265576
4926	-7932.559	-8184.121	251.5622	1.016064	1.687224	0.5926807	5.718466
4932	-7924.883	-8174.052	249.1689	0.9468012	1.687224	0.5343223	7.102498
4938	-7926.36	-8175.762	249.4023	0.8704844	2.015194	0.4683881	6.966358
4944	-7930.095	-8180.355	250.2603	0.9462409	2.048519	0.5355053	6.391366
4950	-7923.425	-8174.445	251.0208	0.9963207	1.789236	0.5072233	6.060879
4956	-7938.336	-8188.738	250.4018	0.8867588	1.789236	0.5072233	6.456815
4962	-7938.86	-8189.068	250.2081	0.9161667	1.789236	0.6147682	6.456815
4968	-7941.888	-8190.589	248.7008	0.8398356	1.789236	0.501033	7.404299
4974	-7937.042	-8187.18	250.1379	0.8425347	1.789236	0.4983034	6.631547
4980	-7924.346	-8173.971	249.6257	0.905762	1.789236	0.4985111	6.873838
4986	-7923.009	-8174.326	251.3161	0.9664589	1.757721	0.5311245	5.906121
4992	-7925.781	-8176.952	251.171	0.9724846	1.757721	0.4785929	6.029116
4998	-7930.681	-8180.604	249.9235	0.9542543	1.593905	0.5475324	6.715089
5004	-7948.911	-8197.484	248.5724	0.8437927	1.568193	0.540637	7.516662
5010	-7936.287	-8184.826	248.5386	0.7991598	1.863635	0.4131069	7.570935
5016	-7935.151	-8184.891	249.74	0.7948564	1.331165	0.5166849	7.032576
5022	-7919.99	-8169.555	249.5647	0.865412	1.633897	0.5422605	6.946042
5028	-7917.415	-8168.032	250.6168	0.8751077	1.641353	0.5514229	6.361501
5034	-7920.758	-8170.476	249.7179	0.9508512	2.063041	0.5798504	6.641283
5040	-7916.274	-8165.015	248.7412	0.8425761	1.929291	0.5727009	7.273904
5046	-7918.577	-8167.783	249.2058	0.8216518	1.699833	0.6300045	7.068913
5052	-7940.389	-8187.448	247.059	0.8140425	1.699833	0.5471085	8.286742
5058	-7926.668	-8175.145	248.4772	0.8088589	1.525272	0.5471085	7.597452
5064	-7931.594	-8181.299	249.7049	0.8357621	1.525272	0.5716816	6.903464
5070	-7923.649	-8172.355	248.7061	0.8618486	1.617308	0.5716816	7.391384
5076	-7922.485	-8172.87	250.3857	0.8603227	1.885629	0.5924847	6.375504
5082	-7928.61	-8178.86	250.2498	0.8989332	1.885629	0.5491022	6.463673
5088	-7928.481	-8178.989	250.5077	0.8989332	1.670156	0.5497806	6.398545
5094	-7925.511	-8173.803	248.2915	0.7567151	1.50225	0.5497806	7.731431
5100	-7923.49	-8171.522	248.0327	0.7769219	1.856037	0.5497806	7.731431
5106	-7916.24	-8165.942	249.7028	0.8573343	1.524529	0.4714039	6.98013
5112	-7919.581	-8169.084	249.5029	0.8573343	1.524529	0.5977976	6.98013
5118	-7915.579	-8165.423	249.8441	0.8199247	1.569852	0.5977976	6.79881
5124	-7923.818	-8173.153	249.3347	0.7417811	1.238329	0.5008606	7.334069
5130	-7921.153	-8170.953	249.7998	0.8378265	1.637156	0.5757379	6.80534
5136	-7922.701	-8172.063	249.3611	0.8253163	1.704597	0.5413267	7.052338
5142	-7919.689	-8168.904	249.2152	0.8223022	1.493817	0.5134581	7.235498
5148	-7927.64	-8176.604	248.9642	0.8317509	1.856758	0.492239	7.252314
5154	-7926.34	-8175.736	249.396	0.9568327	1.434531	0.6208429	7.002264
5160	-7921.645	-8171.392	249.7472	0.8203737	1.492891	0.5822176	6.893217
5166	-7922.353	-8171.681	249.3281	0.7681434	1.434914	0.5822176	7.170288
5172	-7917.573	-8167.971	250.3974	0.8635253	1.434914	0.5823249	6.541992
5178	-7924.207	-8172.998	248.791	0.8312796	1.434914	0.5803065	7.426223
5184	-7922.631	-8172.225	249.594	0.774592	1.434914	0.6429729	6.976902
5190	-7926.834	-8175.968	249.1341	0.8284604	1.434914	0.5447898	7.272652
5196	-7929.594	-8177.796	248.2017	0.7384386	1.469863	0.5577684	7.795421
5202	-7922.045	-8171.418	249.3733	0.7481063	1.484719	0.6177053	7.108944
5208	-7920.924	-8169.234	248.3106	0.7626588	1.851342	0.5781806	7.568865
5214	-7919.524	-8168.142	248.6175	0.794061	1.384278	0.5692449	7.568865
5220	-7938.949	-8187.886	248.9369	0.7853163	2.132527	0.4467525	7.246941
5226	-7930.271	-8179.009	248.7381	0.7703145	2.131571	0.5271212	7.289269
5232	-7922.703	-8172.327	249.6249	0.9245014	1.948184	0.5229101	6.78961
5238	-7938.22	-8188.794	250.5739	0.9698509	2.107715	0.4869777	6.232857
5244	-7945.945	-8196.719	250.7739	1.021365	1.729669	0.4346517	6.27074
5250	-7938.339	-8188.977	250.6374	0.9706914	2.027817	0.4135102	6.293771
5256	-7942.531	-8192.159	249.6274	0.8742855	2.027817	0.475975	6.831939
5262	-7929.078	-8178.136	249.0575	0.8845878	1.991243	0.475975	7.144831
5268	-7931.282	-8181.056	249.7737	0.9478703	1.552939	0.410991	6.940874
5274	-7937.949	-8186.737	248.7887	0.875811	1.669211	0.4333376	7.443188
5280	-7941.286	-8189.582	248.2962	0.9181898	1.828101	0.4333376	7.628744
5286	-7932.339	-8183.596	251.2573	0.9558649	1.876822	0.4333376	5.993586
5292	-7941.814	-8191.83	250.0155	0.9176819	1.620981	0.5389678	6.682182
5298	-7944.982	-8193.366	248.3842	0.9176819	1.620981	0.4639626	7.625808
5304	-7932.39	-8180.686	248.2954	0.8265066	1.629984	0.5714527	7.625808
5310	-7940.907	-8189.462	248.5543	0.7934594	1.629984	0.5779874	7.49964
5316	-7938.627	-8186.974	248.3475	0.8367621	1.615039	0.4794709	7.676633
5322	-7925.955	-8175.057	249.1016	0.8658027	1.715255	0.5147683	7.189034
5328	-7928.423	-8177.597	249.1741	0.92863	1.829763	0.567778	7.031889
5334	-7930.998	-8179.688	248.6897	0.8186261	1.829763	0.5234686	7.388298
5340	-7945.117	-8193.844	248.7274	0.8705077	1.946207	0.6401459	7.208562
5346	-7929.724	-8178.722	248.9973	0.8592315	1.745097	0.5494401	7.208562
5352	-7944.928	-8194.067	249.1393	0.8370092	1.657452	0.4991351	7.218836
5358	-7948.045	-8197.352	249.3068	0.8305173	1.916131	0.5412453	7.00652
5364	-7930.615	-8180.93	250.3142	0.8431138	1.515053	0.6040213	6.548607
5370	-7935.13	-8184.693	249.5633	0.786303	1.515053	0.5140923	7.05878
5376	-7934.314	-8182.337	248.0232	0.8379253	1.515053	0.5135918	7.856998
5382	-7922.891	-8171.352	248.461	0.7685225	1.585828	0.5251295	7.623082
5388	-7921.084	-8169.2	248.1161	0.7322047	1.585828	0.569738	7.7899
5394	-7923.905	-8173.433	249.528	0.8470161	1.49849	0.5578724	7.014491
5400	-7923.08	-8172.163	249.0827	0.8525932	1.456229	0.5578724	7.267793
5406	-7918.785	-8168.214	249.4287	0.8993672	1.578184	0.5387141	7.024882
5412	-7923.147	-8172.004	248.8569	0.8959233	1.795948	0.5576547	7.239867
5418	-7925.005	-8174.09	249.0853	0.8671595	1.503646	0.5576547	7.239867
5424	-7937.294	-8187.165	249.8714	0.8617751	1.505769	0.5775845	6.80254
5430	-7938.181	-8187.439	249.2578	0.8691306	1.579472	0.5333839	7.137092
5436	-7937.855	-8186.343	248.4877	0.8552172	1.675227	0.5093758	7.543024
5442	-7935.926	-8183.763	247.8379	0.7564592	1.676413	0.5959861	7.871407
5448	-7927.657	-8175.261	247.6036	0.7559147	1.455075	0.6215002	8.061071
5454	-7929.976	-8177.193	247.2165	0.7708835	1.586878	0.6900283	8.15847
5460	-7936.418	-8184.482	248.0638	0.757218	1.586878	0.6900283	7.713635
5466	-7935.047	-8183.901	248.8538	0.8197229	1.519217	0.6900283	7.282832
5472	-7933.332	-8181.156	247.8239	0.7274941	1.695231	0.6232894	7.866663
5478	-7925.847	-8175.18	249.3333	0.8764047	1.538023	0.5720112	7.07646
5484	-7924.834	-8172.575	247.7412	0.7505428	1.538023	0.582419	7.988284
5490	-7926.243	-8175.64	249.3976	0.9019718	1.606018	0.4891073	7.073053
5496	-7920.636	-8168.815	248.1783	0.8116667	1.677681	0.4725375	7.764007
5502	-7924.198	-8173.414	249.2159	0.9034826	1.653394	0.4954941	7.146629
5508	-7926.184	-8175.252	249.0681	0.8340467	1.610942	0.6076173	7.185925
5514	-7928.178	-8177.943	249.7651	0.9147425	1.689194	0.5840505	6.756824
5520	-7929.815	-8179.113	249.2975	0.7937959	1.689194	0.5110589	7.135009
5526	-7922.032	-8170.75	248.7173	0.8283206	1.689194	0.6171263	7.341411
5532	-7918.933	-8166.319	247.3856	0.8266706	1.544801	0.5557387	8.156088
5538	-7938.493	-8186.125	247.6324	0.7938538	1.731428	0.4759607	8.042648
5544	-7938.498	-8188.1	249.6019	0.8127042	1.487591	0.4969435	7.049774
5550	-7932.798	-8182.579	249.7814	0.8754314	1.487591	0.4707292	6.943258
5556	-7953.088	-8204.044	250.9555	0.9584933	1.835716	0.6380553	5.993554
5562	-7945.771	-8194.655	248.8841	0.8004108	1.835716	0.6296066	7.206362
5568	-7930.32	-8179.209	248.8893	0.8277909	1.825462	0.5278559	7.273957
5574	-7930.776	-8179.554	248.7775	0.8404978	1.825462	0.5927514	7.273957
5580	-7922.525	-8172.081	249.5558	0.8404978	1.680296	0.6211449	6.884016
5586	-7926.005	-8174.638	248.6328	0.8273313	1.417164	0.6138496	7.49412
5592	-7935.057	-8183.035	247.9774	0.7956685	1.403528	0.4984462	7.961898
5598	-7936.214	-8185.318	249.104	0.7855551	1.526637	0.4918236	7.321172
5604	-7939.71	-8189.306	249.5961	0.7764921	1.587105	0.5515613	6.986746
5610	-7933.299	-8182.143	248.844	0.7601656	1.587105	0.5806339	7.376034
5616	-7930.879	-8179.697	248.8178	0.8586473	1.587105	0.5452708	7.366144
5622	-7926.866	-8175.31	248.4449	0.7958833	1.616174	0.5893724	7.553
5628	-7927.425	-8175.841	248.4159	0.7734363	1.594375	0.5742498	7.600662
5634	-7939.147	-8187.943	248.796	0.7407391	1.479534	0.5253364	7.4995
5640	-7940.57	-8188.356	247.7855	0.7539164	1.615091	0.5173406	7.987503
5646	-7939.102	-8187.763	248.6605	0.6913399	1.796904	0.5173406	7.4886
5652	-7931.434	-8179.001	247.5672	0.8014003	1.634449	0.5526986	8.041747
5658	-7931.435	-8180.452	249.017	0.836382	1.634449	0.5865168	7.219948
5664	-7933.01	-8181.27	248.26	0.8049865	1.765296	0.4286097	7.734746
5670	-7932.627	-8180.643	248.016	0.8055206	1.818512	0.5903929	7.704899
5676	-7933.077	-8182.919	249.842	0.8822306	1.818512	0.6611796	6.628307
5682	-7940.549	-8189.659	249.1101	0.8183169	1.895134	0.6439944	7.044637
5688	-7947.759	-8196.996	249.2364	0.8355535	1.895134	0.6099677	6.993136
5694	-7935.272	-8185.096	249.8242	0.9050386	1.558529	0.6085191	6.759591
5700	-7935.406	-8185.651	250.2449	0.8429825	1.558529	0.5717623	6.594954
5706	-7921.232	-8170.125	248.8935	0.8331009	1.525019	0.5717623	7.34128
5712	-7921.814	-8171.023	249.2092	0.8072957	1.579417	0.573987	7.162901
5718	-7925.984	-8175.027	249.0426	0.8721456	1.579417	0.550162	7.237078
5724	-7940.039	-8188.69	248.6508	0.8420419	1.681924	0.4335487	7.530343
5730	-7921.521	-8171.069	249.5475	0.768035	1.628295	0.5267602	7.022972
5736	-7914.778	-8163.945	249.1677	0.8674063	2.077082	0.5267602	7.022972
5742	-7921.273	-8169.336	248.0627	0.7841902	1.743742	0.5267602	7.769079
5748	-7912.484	-8162.448	249.9635	0.8724229	1.710237	0.5524781	6.690702
5754	-7914.454	-8162.37	247.9164	0.8038735	1.710237	0.5091306	7.863657
5760	-7920.525	-8170.555	250.0301	0.7866744	1.710237	0.5091306	6.73819
5766	-7939.89	-8187.515	247.6259	0.8634934	1.710237	0.601782	7.910864
5772	-7936.318	-8185.758	249.4398	0.9269029	1.616061	0.5635854	6.96915
5778	-7931.254	-8179.75	248.4967	0.8256322	1.825539	0.5006389	7.509311
5784	-7923.141	-8171.437	248.2953	0.7718601	1.808025	0.5435499	7.614986
5790	-7918.655	-8166.119	247.4637	0.7643083	1.808025	0.5517788	8.056334
5796	-7918.692	-8167.752	249.0593	0.8306761	1.808025	0.5517788	7.166899
5802	-7911.221	-8160.59	249.3695	0.8306761	1.799821	0.5558058	6.999474
5808	-7922.692	-8171.439	248.7466	0.9013203	1.76929	0.618263	7.257324
5814	-7925.001	-8174.354	249.3534	0.7587611	1.443955	0.4623964	7.261545
5820	-7918.132	-8166.067	247.9355	0.7747044	1.941588	0.4613675	7.834224
5826	-7925.806	-8174.319	248.5131	0.8766543	1.500836	0.4400527	7.647277
5832	-7922.699	-8171.741	249.0419	0.8424107	1.707591	0.5723786	7.18809
5838	-7928.954	-8178.451	249.4976	0.8463561	1.390519	0.5723786	7.063319
5844	-7937.311	-8183.673	246.3624	0.7034258	1.629794	0.5571966	8.732469
5850	-7925.651	-8174.773	249.1223	0.8301209	1.381893	0.5571966	7.289765
5856	-7925.984	-8173.702	247.7184	0.7968469	1.498041	0.5442759	8.022172
5862	-7913.356	-8162.8	249.4442	0.8549812	1.474485	0.5365347	7.082716
5868	-7916.613	-8166.402	249.7892	0.8525175	1.467656	0.6217698	6.832362
5874	-7924.419	-8174.807	250.3884	0.842689	1.646687	0.6229344	6.443688
5880	-7923.973	-8173.422	249.4491	0.8761127	1.527174	0.6229344	6.978509
5886	-7928.682	-8178.27	249.5879	0.7383339	1.527174	0.4439595	7.130965
5892	-7916.961	-8165.906	248.9448	0.7855259	1.635691	0.5146881	7.34519
5898	-7922.315	-8172.498	250.1834	0.7848483	1.476148	0.5458793	6.713483
5904	-7935.901	-8185.251	249.3502	0.962304	1.760458	0.441022	7.055269
5910	-7931.293	-8180.035	248.7421	0.809537	1.6431	0.5587908	7.401086
5916	-7922.5	-8171.145	248.6448	0.8091894	1.596363	0.6055194	7.43352
5922	-7922.32	-8171.98	249.6608	0.8166987	1.596363	0.5150642	6.957829
5928	-7929.065	-8178.774	249.7088	0.8179401	1.596363	0.6067599	6.855832
5934	-7930.026	-8179.524	249.4977	0.8507297	1.644586	0.5137565	7.010524
5940	-7943.745	-8192.864	249.119	0.8425939	1.790807	0.7158111	7.010524
5946	-7930.553	-8180.186	249.6331	0.8587801	1.834583	0.7158111	6.709564
5952	-7925.463	-8175.51	250.0466	0.8587801	1.437183	0.5835459	6.732349
5958	-7930.333	-8179.087	248.754	0.819121	1.5386	0.4868337	7.490729
5964	-7933.684	-8183.079	249.3943	0.926398	1.780204	0.6024791	6.903817
5970	-7927.541	-8177.362	249.8207	0.8797114	1.705616	0.6581359	6.682992
5976	-7932.003	-8182.592	250.5882	0.913032	1.649121	0.5345531	6.367839
5982	-7924.453	-8174.331	249.8774	0.892454	1.812955	0.5345531	6.705542
5988	-7925.714	-8175.473	249.7592	0.8506376	1.812955	0.6429887	6.705542
5994	-7925.439	-8174.553	249.1145	0.8343052	1.689951	0.4882813	7.231545
6000	-7925.384	-8175.023	249.6384	0.8707056	1.705578	0.5285809	6.888998
6006	-7924.524	-8173.812	249.2882	0.8292765	1.6552	0.4864954	7.155136
6012	-7916.148	-8164.558	248.4101	0.8326541	1.83759	0.491771	7.555757
6018	-7923.674	-8172.113	248.4388	0.8647562	1.83759	0.4563243	7.555757
6024	-7923.165	-8171.77	248.6052	0.7914164	1.889784	0.459575	7.485546
6030	-7924.991	-8172.822	247.831	0.7605237	1.77244	0.4755246	7.940667
6036	-7929.624	-8177.97	248.3457	0.7930213	1.843303	0.5695776	7.543388
6042	-7918.603	-8168.092	249.4888	0.8711691	1.709297	0.5300639	6.966751
6048	-7924.889	-8175.627	250.7384	0.9442341	1.677679	0.5300639	6.262692
6054	-7937.285	-8187.882	250.5972	0.8861049	1.34746	0.521499	6.509265
6060	-7927.44	-8175.152	247.7117	0.6985751	1.556534	0.521499	8.074762
6066	-7913.039	-8162.07	249.0317	0.7784432	1.54552	0.6761652	7.209125
6072	-7914.097	-8163.157	249.0601	0.8123651	1.5346	0.636219	7.209125
6078	-7931.305	-8180.456	249.1516	0.8279348	1.5346	0.596885	7.181733
6084	-7931.598	-8181.012	249.4138	0.8647635	1.5346	0.5287389	7.076739
6090	-7925.389	-8173.921	248.5321	0.7783829	1.5346	0.5287389	7.596209
6096	-7936.539	-8185.176	248.6372	0.8343814	1.443965	0.5001602	7.570601
6102	-7934.589	-8184.278	249.6891	0.8410189	1.443965	0.5001602	7.002309
6108	-7927.201	-8175.589	248.3871	0.8410189	1.608048	0.4833989	7.652195
6114	-7927.443	-8176.869	249.4264	0.8490258	1.401735	0.6120389	7.064205
6120	-7925.59	-8174.674	249.0842	0.8100007	1.574548	0.5471553	7.252467
6126	-7915.987	-8164.769	248.7822	0.7854612	1.574548	0.5741848	7.405537
6132	-7940.159	-8188.889	248.7298	0.79522	1.574548	0.5741848	7.428419
6138	-7953.992	-8201.937	247.9458	0.7567814	1.844498	0.5741848	7.772631
6144	-7934.087	-8182.905	248.8175	0.8673018	1.844498	0.5741848	7.246442
6150	-7932.898	-8181.032	248.1338	0.7930807	1.844498	0.5741848	7.652683
6156	-7938.74	-8186.778	248.0382	0.7523845	1.565776	0.5741848	7.824724
6162	-7920.224	-8168.084	247.8599	0.8468349	1.774948	0.5366981	7.824724
6168	-7917.78	-8166.43	248.6494	0.8683361	2.051211	0.4980828	7.333996
6174	-7920.08	-8168.281	248.2013	0.8703953	1.796694	0.4980828	7.655534
6180	-7936.336	-8184.74	248.4035	0.8183699	1.819592	0.5487919	7.523864
6186	-7937.128	-8185.886	248.7583	0.7672532	1.672016	0.6689695	7.319853
6192	-7928.059	-8176.281	248.2221	0.7916353	1.666738	0.6689695	7.596044
6198	-7939.421	-8191.178	251.7567	0.9035478	1.759398	0.5835814	5.654788
6204	-7930.234	-8178.537	248.3031	0.8650927	1.759398	0.5835814	7.545012
6210	-7928.377	-8177.407	249.0295	0.7968896	1.759398	0.4776622	7.282359
6216	-7929.423	-8178.996	249.5732	0.8397615	1.668644	0.5375651	6.946483
6222	-7926.202	-8174.912	248.7099	0.8878584	1.668644	0.5375651	7.384648
6228	-7933.813	-8182.905	249.0913	0.8878584	1.668644	0.5449271	7.173698
6234	-7927.922	-8178.648	250.7261	0.8579372	1.588378	0.4998299	6.376179
6240	-7921.345	-8171.754	250.4098	0.8954309	1.588378	0.5817012	6.457816
6246	-7910.764	-8159.133	248.3691	0.8601403	1.578887	0.5817012	7.579203
6252	-7918.462	-8167.605	249.1434	0.8716681	1.554164	0.5172684	7.220695
6258	-7927.792	-8176.803	249.0108	0.8715409	1.630857	0.5133999	7.266496
6264	-7921.768	-8171.183	249.4145	0.7709266	1.450571	0.5030604	7.182475
6270	-7937.803	-8186.453	248.65	0.8376061	1.533396	0.5030604	7.524056
6276	-7922.946	-8170.536	247.5898	0.7958766	1.533396	0.4984249	8.116793
6282	-7932.402	-8179.931	247.5295	0.7506111	1.533396	0.5650021	8.116793
6288	-7925.395	-8175.591	250.1962	0.9208442	1.51526	0.4746924	6.680275
6294	-7936.223	-8185.863	249.6406	0.9208442	1.738219	0.4639759	6.907101
6300	-7936.327	-8185.584	249.2566	0.8587681	1.582066	0.6073313	7.082352
6306	-7937.594	-8186.946	249.3514	0.847024	1.85	0.4789129	7.050257
6312	-7947.895	-8198.636	250.7412	0.8971109	1.571936	0.5621734	6.299311
6318	-7933.223	-8180.981	247.758	0.7572867	1.654487	0.581733	7.93274
6324	-7935.367	-8184.148	248.7807	0.8207938	1.654487	0.581733	7.351634
6330	-7932.792	-8180.934	248.1426	0.7730213	1.654487	0.454593	7.828789
6336	-7934.234	-8182.394	248.1599	0.7548387	1.654487	0.4551239	7.828789
6342	-7913.407	-8163.177	249.7698	0.8516934	1.654487	0.5580743	6.82207
6348	-7921.232	-8169.594	248.3616	0.723935	1.537143	0.5363668	7.70909
6354	-7925.017	-8173.693	248.6763	0.7791575	1.464941	0.5579848	7.52154
6360	-7925.87	-8175.587	249.7176	0.7912732	1.464941	0.5258074	6.982814
6366	-7927.877	-8176.615	248.7379	0.8737676	1.562122	0.4831134	7.464397
6372	-7932.206	-8180.884	248.6775	0.8182501	1.412672	0.5188407	7.554107
6378	-7941.237	-8189.28	248.0429	0.7424148	1.412672	0.4949355	7.954723
6384	-7931.605	-8179.984	248.3791	0.8038928	1.466534	0.4728499	7.740497
6390	-7922.288	-8170.316	248.0282	0.7907916	1.466534	0.5726825	7.849337
6396	-7928.161	-8176.103	247.9415	0.8076165	1.672599	0.5234925	7.849337
6402	-7927.974	-8176.626	248.6526	0.9050527	1.757099	0.5234925	7.386718
6408	-7924.542	-8173.528	248.9857	0.8579636	1.556118	0.4716971	7.352748
6414	-7919.279	-8167.889	248.6101	0.8219343	1.848299	0.6098843	7.352748
6420	-7923.495	-8172.247	248.7522	0.7972862	1.571707	0.6717001	7.342261
6426	-7925.093	-8174.511	249.4179	0.7778229	1.571707	0.4836787	7.146755
6432	-7933.167	-8181.783	248.6156	0.8337696	1.720165	0.6197864	7.379966
6438	-7929.94	-8178.755	248.8145	0.801042	1.716118	0.6468533	7.271874
6444	-7914.954	-8163.788	248.8341	0.8637874	1.768719	0.5660346	7.271874
6450	-7921.097	-8170.305	249.2072	0.8172657	1.770426	0.5660346	7.095785
6456	-7913.859	-8161.328	247.4691	0.7461149	1.745433	0.495581	8.13261
6462	-7921.001	-8171.309	250.3078	0.9283561	1.952555	0.4909656	6.445053
6468	-7932.607	-8182.729	250.1224	1.03169	1.952555	0.4909656	6.489513
6474	-7920.9	-8171.465	250.565	1.022618	1.64439	0.4857903	6.365898
6480	-7910.086	-8159.085	248.9989	0.7986322	1.743572	0.5542378	7.236812
6486	-7917.683	-8166.964	249.2802	0.7986322	1.470494	0.5542378	7.187969
6492	-7930.047	-8178.499	248.4518	0.8296162	1.625741	0.5735874	7.540264
6498	-7928.851	-8177.302	248.4512	0.8309362	1.682159	0.5401562	7.546722
6504	-7942.538	-8191.821	249.2826	0.8383558	1.540192	0.507148	7.178049
6510	-7941.114	-8190.535	249.4209	0.8742209	1.682159	0.4848594	7.051263
6516	-7931.206	-8181.682	250.4757	0.8365656	1.550527	0.4385317	6.595402
6522	-7927.064	-8177.095	250.0313	0.9274014	1.821152	0.5406907	6.595402
6528	-7924.76	-8175.538	250.7772	0.9127446	1.488974	0.5434587	6.319495
6534	-7925.518	-8174.638	249.1198	0.7982915	1.807702	0.5434587	7.158798
6540	-7924.03	-8173.634	249.6043	0.8487661	1.658706	0.5434587	6.923506
6546	-7925.862	-8174.448	248.5862	0.8495086	1.630918	0.5653365	7.462365
6552	-7928.639	-8176.208	247.5695	0.7239702	1.662641	0.6883478	7.968626
6558	-7933.752	-8182.239	248.4874	0.7385349	1.722584	0.6883478	7.448606
6564	-7933.29	-8182.928	249.6375	0.8486099	1.439592	0.6385135	6.91501
6570	-7921.959	-8171.932	249.9734	0.8486099	1.533189	0.6385135	6.696364
6576	-7925.133	-8174.205	249.0723	0.7543278	1.730058	0.5448472	7.233771
6582	-7930.385	-8179.448	249.0631	0.8364787	1.955499	0.5554974	7.109809
6588	-7920.65	-8170.626	249.9758	0.9014671	1.658814	0.475538	6.75451
6594	-7921.283	-8172.266	250.9836	0.8724114	1.462552	0.475538	6.300253
6600	-7921.633	-8170.371	248.738	0.7885676	1.462552	0.5582413	7.484185
6606	-7937.786	-8187.379	249.5928	0.7768301	1.462552	0.7190298	6.910686
6612	-7925.666	-8176.455	250.7886	0.8835489	1.583936	0.594401	6.250189
6618	-7925.845	-8173.184	247.3387	0.770736	1.583936	0.6376407	8.132323
6624	-7931.351	-8179.3	247.9491	0.7680971	1.583936	0.6376407	7.808091
6630	-7927.853	-8177.369	249.5157	0.8102015	1.442396	0.6597581	6.984435
6636	-7919.673	-8169.326	249.6529	0.8352153	1.532512	0.6255413	6.886687
6642	-7933.082	-8182.941	249.8592	0.8944071	1.532512	0.6255413	6.743382
6648	-7933.379	-8182.457	249.0787	0.8436551	1.448205	0.5409761	7.292029
6654	-7931.136	-8180.956	249.8194	0.8976516	1.448205	0.5409761	6.864477
6660	-7943.065	-8192.183	249.1178	0.8832665	1.441208	0.6014246	7.203699
6666	-7944.001	-8193.369	249.3678	0.7232249	1.441208	0.6821966	7.09516
6672	-7924.186	-8172.51	248.3244	0.7792225	1.441208	0.5669646	7.712058
6678	-7935.316	-8183.262	247.9462	0.7316121	1.706547	0.5669646	7.839127
6684	-7936.865	-8184.952	248.0875	0.7883346	1.593475	0.5808143	7.763436
6690	-7931.696	-8179.707	248.0114	0.7810384	1.715999	0.5808143	7.763436
6696	-7941.496	-8188.582	247.0868	0.8399389	1.715999	0.5385811	8.25954
6702	-7930.687	-8179.568	248.8816	0.8223235	1.676337	0.5779539	7.291715
6708	-7940.015	-8189.086	249.0707	0.8303206	1.402967	0.5779539	7.291715
6714	-7934.604	-8183.116	248.5118	0.8509788	1.488051	0.5779539	7.545784
6720	-7932.76	-8182.365	249.6051	0.911135	1.914852	0.4503308	6.884392
6726	-7929.673	-8179.323	249.6496	0.8117759	1.928846	0.4738075	6.887309
6732	-7921.851	-8172.352	250.5014	0.8824838	1.623832	0.4695077	6.499051
6738	-7938.98	-8188.237	249.2576	0.8528047	1.623832	0.5411346	7.122798
6744	-7934.249	-8182.891	248.642	0.869973	1.623832	0.4596699	7.516312
6750	-7929.488	-8176.608	247.1197	0.8481355	1.819245	0.5076121	8.228559
6756	-7915.353	-8164.766	249.4131	0.8104473	1.513388	0.5736166	7.077298
6762	-7928.177	-8178.036	249.859	0.8356987	1.513388	0.5703387	6.826149
6768	-7918.717	-8168.26	249.5429	0.8356987	1.861766	0.5703387	6.870399
6774	-7911.554	-8159.88	248.3263	0.8150092	1.649742	0.5703387	7.609055
6780	-7916.693	-8165.446	248.753	0.8170927	1.649742	0.5703387	7.379329
6786	-7921.202	-8171.015	249.8137	0.838203	1.664241	0.6263868	6.747943
6792	-7931.719	-8180.643	248.9241	0.8465473	1.956796	0.6099994	7.135196
6798	-7934.435	-8184.248	249.8125	0.8547395	1.956796	0.5303183	6.716811
6804	-7936.926	-8186.032	249.1062	0.8680747	1.54776	0.5693366	7.201463
6810	-7939.086	-8188.697	249.6109	0.8666979	1.452504	0.5693366	6.968293
6816	-7927.493	-8176.63	249.1369	0.7750242	1.369745	0.5693366	7.306699
6822	-7927.478	-8176.145	248.6666	0.7057102	1.536635	0.5277591	7.563135
6828	-7938.308	-8187.145	248.837	0.8278463	1.536635	0.5309787	7.403677
6834	-7920.76	-8169.793	249.0324	0.85412	1.706043	0.5454279	7.209585
6840	-7919.522	-8170.507	250.9846	0.9261357	1.773907	0.5719881	6.068843
6846	-7917.866	-8167.871	250.0059	0.871691	1.879277	0.4882767	6.665667
6852	-7917.561	-8166.831	249.2703	0.840127	1.879277	0.5165269	7.054272
6858	-7931.416	-8180.973	249.5566	0.8724688	1.60985	0.5283065	6.96739
6864	-7937.003	-8186.905	249.9024	0.929051	1.899446	0.5867575	6.600056
6870	-7929.015	-8178.679	249.6647	0.8083266	1.823026	0.5093097	6.884174
6876	-7920.137	-8169.344	249.2078	0.8255696	2.046127	0.5724523	6.995365
6882	-7930.428	-8177.707	247.2794	0.8425312	1.888883	0.4859733	8.14252
6888	-7936.631	-8186.141	249.5096	0.8783542	2.155117	0.4863352	6.844906
6894	-7934.351	-8181.855	247.5042	0.7082017	2.155117	0.4863352	8.011392
6900	-7937.453	-8186.049	248.5959	0.7791327	2.465064	0.5206017	7.272228
6906	-7940.175	-8188.504	248.329	0.9089028	2.008542	0.5188688	7.479084
6912	-7931.685	-8180.951	249.2667	0.8207692	2.206155	0.4843578	6.993588
6918	-7940.111	-8189.075	248.9636	0.8061387	1.812202	0.4843578	7.288499
6924	-7920.115	-8169.137	249.0215	0.8820292	1.812202	0.4843578	7.216621
6930	-7920.269	-8168.39	248.1213	0.7911796	1.515937	0.5379686	7.808439
6936	-7924.869	-8173.606	248.7364	0.8347746	1.576133	0.530582	7.43911
6942	-7928.942	-8177.489	248.5463	0.8346703	1.732255	0.5663808	7.454347
6948	-7930.544	-8181.091	250.5466	0.9424125	1.732255	0.4304561	6.4402
6954	-7920.822	-8170.917	250.0953	0.9331866	1.522789	0.4756656	6.724276
6960	-7921.908	-8169.787	247.8789	0.8447087	1.74648	0.5474585	7.81662
6966	-7920.782	-8168.986	248.2042	0.7887022	1.619878	0.5108324	7.74923
6972	-7928.18	-8176.648	248.4684	0.8378231	1.739342	0.6243551	7.446482
6978	-7924.12	-8173.806	249.6852	0.8785167	1.739342	0.5103983	6.8633
6984	-7929.404	-8177.729	248.325	0.842778	1.57047	0.5826926	7.614515
6990	-7935.352	-8183.453	248.1003	0.8490126	1.563858	0.5065102	7.797328
6996	-7923.69	-8172.262	248.5721	0.8750048	1.777334	0.5065102	7.453733
7002	-7918.822	-8167.467	248.6452	0.7898838	1.777334	0.5292357	7.440528
7008	-7927.134	-8175.654	248.5199	0.8725327	1.777334	0.5292357	7.463347
7014	-7933.772	-8182.509	248.737	0.9322159	1.653302	0.5498563	7.341644
7020	-7938.387	-8187.206	248.8195	0.7849528	1.607931	0.6050775	7.34887
7026	-7928.872	-8176.864	247.9916	0.7421343	1.690748	0.5320497	7.843754
7032	-7935.612	-8185.061	249.449	0.7842714	1.690748	0.5320497	7.039904
7038	-7931.196	-8180.604	249.4078	0.9220377	1.709785	0.5240155	6.987993
7044	-7941.772	-8190.211	248.4395	0.8882642	1.709785	0.5517474	7.502791
7050	-7933.796	-8181.598	247.802	0.7611421	1.515378	0.5684284	7.970128
7056	-7936.303	-8185.274	248.9718	0.8801278	1.535834	0.5684284	7.2725
7062	-7927.511	-8176.777	249.2657	0.8631691	1.768437	0.4697809	7.123952
7068	-7943.605	-8192.891	249.2854	0.9389993	1.574528	0.4906445	7.123952
7074	-7927.136	-8176.921	249.7845	0.8376948	1.619114	0.5265187	6.861374
7080	-7933.081	-8182.533	249.4517	0.8880205	1.619287	0.4280953	7.104121
7086	-7922.111	-8172.245	250.1339	0.8822328	1.909176	0.5307614	6.543272
7092	-7927.72	-8177.737	250.0177	0.8023059	1.971333	0.5123822	6.645149
7098	-7938.116	-8187.274	249.1577	0.8870335	2.177479	0.5123822	6.99999
7104	-7940.367	-8189.201	248.8342	0.8018092	1.420217	0.5968414	7.411799
7110	-7944.74	-8191.099	246.3596	0.7391877	1.884332	0.5781728	8.610343
7116	-7928.068	-8177.672	249.6045	0.8496867	1.884332	0.5781728	6.815765
7122	-7928.505	-8178.019	249.5136	0.9008778	1.927919	0.4487183	6.936519
7128	-7930.869	-8180.922	250.0526	0.8830205	1.758396	0.4412383	6.719834
7134	-7924.765	-8172.459	247.6944	0.7623451	1.712965	0.5649836	7.956472
7140	-7922.987	-8171.294	248.307	0.7990446	1.598119	0.5649836	7.651328
7146	-7916.484	-8165.243	248.759	0.894406	1.478219	0.4973894	7.461926
7152	-7919.425	-8167.618	248.1931	0.7792739	1.859202	0.4973894	7.688212
7158	-7922.353	-8171.328	248.9753	0.7684009	1.859202	0.5163088	7.258275
7164	-7919.038	-8167.53	248.4919	0.7857578	1.61117	0.4931222	7.615808
7170	-7922.147	-8172.174	250.0273	0.8572154	1.463967	0.5411386	6.767577
7176	-7925.501	-8175.463	249.9621	0.8628847	1.463967	0.5105149	6.826082
7182	-7906.431	-8154.899	248.4678	0.8527338	1.463967	0.5105149	7.634258
7188	-7919.434	-8169.604	250.1694	0.9062904	1.674805	0.6506435	6.496643
7194	-7913.564	-8162.565	249.0009	0.7414144	1.505763	0.5335363	7.371997
7200	-7919.478	-8167.593	248.1146	0.7426477	1.505763	0.5484235	7.833225
7206	-7923.416	-8171.444	248.0283	0.7270187	1.579257	0.5825343	7.831825
7212	-7923.747	-8172.891	249.1448	0.8200992	1.477318	0.5618641	7.240196
7218	-7935.025	-8185.244	250.2199	0.9382984	1.477318	0.5030553	6.647355
7224	-7920.22	-8169.616	249.3964	0.9256106	1.776649	0.5030553	6.986991
7230	-7914.548	-8164.54	249.9923	0.9000448	1.776649	0.6329721	6.572835
7236	-7913.872	-8163.806	249.9342	0.8493086	1.776649	0.5454484	6.701462
7242	-7919.654	-8169.581	249.9267	0.8798934	1.739102	0.571807	6.680362
7248	-7920.774	-8167.942	247.1682	0.834841	1.617248	0.5002727	8.287335
7254	-7921.508	-8170.777	249.2694	0.8189316	1.617248	0.5207277	7.154487
7260	-7913.515	-8161.903	248.3881	0.7827368	1.768616	0.575706	7.54671
7266	-7922.556	-8170.897	248.3407	0.8364897	1.768616	0.5363365	7.57567
7272	-7915.632	-8164.046	248.414	0.8438575	1.562058	0.5172901	7.623669
7278	-7922.143	-8170.721	248.5776	0.7667473	1.672899	0.5172901	7.536219
7284	-7919.692	-8168.113	248.4207	0.7226425	1.530912	0.6017897	7.627718
7290	-7924.038	-8172.76	248.7219	0.7769231	1.719971	0.4891092	7.461484
7296	-7947.202	-8197.74	250.5383	0.8242856	1.436012	0.5735415	6.493618
7302	-7937.061	-8186.56	249.4992	0.8201045	1.983192	0.5403191	6.887639
7308	-7941.856	-8191.809	249.9532	0.8686594	1.771046	0.5403191	6.687037
7314	-7930.26	-8180.442	250.1821	0.8554074	1.989257	0.5053628	6.527931
7320	-7925.665	-8175.626	249.9605	0.8946628	1.836564	0.5473683	6.640553
7326	-7918.731	-8168.147	249.4161	0.8139169	1.943694	0.55628	6.935108
7332	-7925.856	-8174.565	248.7092	0.8419684	1.943694	0.55628	7.30015
7338	-7917.741	-8166.833	249.092	0.7897355	1.943694	0.55628	7.122547
7344	-7934.449	-8182.488	248.0396	0.8103888	1.564988	0.4547894	7.896882
7350	-7933.078	-8181.225	248.1473	0.7789205	1.804523	0.4547894	7.770224
7356	-7925.953	-8174.714	248.7609	0.7925982	1.811509	0.5374413	7.358336
7362	-7927.561	-8176.56	248.9991	0.8022507	1.811509	0.5374413	7.2253
7368	-7926.147	-8176.061	249.9142	0.8554025	1.969624	0.5688877	6.625109
7374	-7940.063	-8190.152	250.0889	0.8767777	1.528722	0.6323601	6.625109
7380	-7930.361	-8180.488	250.1268	0.9142412	1.632293	0.5325264	6.625109
7386	-7947.709	-8197.552	249.8428	0.9522936	1.632293	0.5391254	6.752395
7392	-7930.32	-8178.462	248.142	0.7820915	1.713938	0.5659231	7.705774
7398	-7918.541	-8166.771	248.2294	0.7645003	1.764099	0.5709267	7.646789
7404	-7930.004	-8179.704	249.7006	0.7897219	1.637783	0.5709267	6.888452
7410	-7927.748	-8176.371	248.6236	0.8147396	1.637783	0.5709267	7.453877
7416	-7934.623	-8182.654	248.031	0.8434555	1.637783	0.5475528	7.774778
7422	-7924.927	-8174.545	249.6176	0.9003324	1.637783	0.5095684	6.925373
7428	-7932.664	-8181.443	248.7786	0.7705872	1.723358	0.590468	7.347993
7434	-7936.547	-8183.613	247.0661	0.7218525	1.767911	0.5166114	8.33393
7440	-7951.19	-8197.707	246.5167	0.7130476	1.668036	0.4810312	8.696834
7446	-7953.651	-8201.352	247.7008	0.7137166	1.857241	0.5535797	7.938883
7452	-7956.098	-8205.705	249.607	0.8673797	1.640543	0.5980944	6.874345
7458	-7942.188	-8191.86	249.6725	0.8018364	1.640543	0.5980944	6.874345
7464	-7934.287	-8183.593	249.3059	0.8327646	1.640543	0.5720263	7.075939
7470	-7931.99	-8182.629	250.6389	0.951875	1.640543	0.4355127	6.413345
7476	-7933.407	-8182.179	248.7723	0.8360469	1.640543	0.4934268	7.427541
7482	-7931.044	-8180.243	249.1992	0.8360469	1.690303	0.4885679	7.184717
7488	-7933.243	-8182.428	249.1854	0.8830615	1.723172	0.493845	7.150373
7494	-7946.495	-8196.634	250.1383	0.7945753	1.570489	0.6006842	6.651089
7500	-7935.929	-8186.429	250.4997	0.8967538	1.564122	0.5723155	6.425268
7506	-7939.262	-8188.302	249.0396	0.778704	1.605398	0.4947796	7.326768
7512	-7937.658	-8185.546	247.8878	0.749399	1.429402	0.5982282	7.941201
7518	-7934.464	-8181.797	247.3337	0.741647	1.713356	0.4649766	8.246026
7524	-7933.422	-8182.559	249.1372	0.8415139	1.635642	0.4563157	7.264779
7530	-7937.597	-8185.047	247.4497	0.7951966	1.650712	0.4563157	8.186225
7536	-7923.35	-8172.19	248.8396	0.8870398	1.650712	0.4872955	7.365887
7542	-7925.183	-8173.055	247.8721	0.8160605	1.609591	0.5590934	7.87517
7548	-7923.524	-8171.296	247.7722	0.7368422	1.571788	0.5590934	7.984911
7554	-7926.954	-8175.624	248.6707	0.7774737	1.556796	0.5377883	7.506258
7560	-7939.028	-8188.763	249.7354	0.9052867	1.492851	0.6022354	6.837944
7566	-7937.279	-8186.287	249.0071	0.8453432	1.492851	0.6022354	7.262189
7572	-7920.237	-8169.337	249.1003	0.7643965	1.492851	0.6022354	7.255626
7578	-7928.873	-8176.252	247.3789	0.7579124	1.579604	0.578309	8.164883
7584	-7943.807	-8193.021	249.2139	0.8718915	1.408587	0.6017713	7.171301
7590	-7928.516	-8179.309	250.793	0.9143582	1.619229	0.5680624	6.238954
7596	-7939.989	-8190.375	250.3852	0.9738688	1.518833	0.5905991	6.448431
7602	-7929.811	-8181.174	251.3632	0.9019869	1.745604	0.5573426	5.897603
7608	-7910.432	-8161.015	250.5832	0.8946882	1.745604	0.5234074	6.355183
7614	-7924.356	-8174.533	250.1775	0.9059876	1.807705	0.5719835	6.506471
7620	-7919.396	-8169.659	250.2627	0.869752	1.801025	0.5428049	6.506471
7626	-7930.799	-8181.137	250.3376	0.9469638	1.761523	0.6095235	6.383657
7632	-7915.831	-8165.521	249.6906	0.862903	1.589877	0.5732853	6.870411
7638	-7931.89	-8182.898	251.0081	0.9772833	1.508985	0.4573068	6.228475
7644	-7931.505	-8183.526	252.0213	1.032672	1.475258	0.4655358	5.650728
7650	-7932.192	-8183.042	250.8496	0.906816	1.475258	0.5737234	6.263781
7656	-7922.039	-8172.346	250.3068	0.8265495	1.464119	0.5413904	6.632842
7662	-7919.653	-8169.33	249.6767	0.8580963	1.475314	0.5469361	6.946758
7668	-7917.973	-8167.341	249.368	0.8761546	1.528349	0.5324344	7.094537
7674	-7920.257	-8168.783	248.5258	0.7904392	1.528349	0.6882112	7.472193
7680	-7917.462	-8166.185	248.7223	0.8329235	1.528349	0.6646448	7.360933
7686	-7924.504	-8174.962	250.4581	0.9255931	1.75158	0.5897195	6.349013
7692	-7928.519	-8178.163	249.6437	0.865107	1.800242	0.4836637	6.895618
7698	-7933.079	-8181.302	248.2224	0.8353085	1.800242	0.4728213	7.684594
7704	-7924.098	-8173.37	249.2727	0.803377	1.800242	0.5097657	7.105287
7710	-7924.32	-8174.504	250.1842	0.8608157	2.109049	0.4956658	6.495172
7716	-7921.327	-8171.089	249.7615	0.8241076	1.91878	0.4956658	6.803642
7722	-7934.08	-8183.876	249.7962	0.8512035	2.006262	0.5078834	6.731277
7728	-7934.096	-8181.859	247.7629	0.81189	1.833898	0.5522084	7.862252
7734	-7925.592	-8174.134	248.5425	0.8473188	1.821903	0.4735072	7.498858
7740	-7928.57	-8177.098	248.5278	0.8419345	1.767147	0.489991	7.513345
7746	-7919.944	-8169.218	249.2736	0.9165254	1.811672	0.6501127	6.927139
7752	-7925.243	-8174.799	249.5557	0.8832437	1.655615	0.5496155	6.927139
7758	-7919.124	-8168.612	249.4879	0.8868193	2.057963	0.4379578	6.927139
7764	-7921.179	-8170.892	249.7125	0.905541	1.793404	0.4606687	6.860453
7770	-7919.473	-8167.466	247.9922	0.8034128	1.960566	0.4606687	7.783179
7776	-7924.643	-8173.485	248.8418	0.8542404	1.73228	0.4726307	7.366452
7782	-7956.378	-8205.963	249.5849	0.8404027	1.456826	0.5877088	6.97998
7788	-7930.697	-8181.074	250.3767	0.8408509	1.419009	0.6582038	6.513683
7794	-7912.271	-8159.19	246.9196	0.8155427	1.697891	0.4788221	8.419799
7800	-7909.422	-8158.518	249.096	0.8447593	1.727585	0.4788221	7.231049
7806	-7923.938	-8171.479	247.5408	0.8002816	2.085415	0.4115156	8.034765
7812	-7925.74	-8174.238	248.4981	0.7974092	2.085415	0.4649174	7.472866
7818	-7919.246	-8167.133	247.8877	0.7908274	1.607647	0.4649174	7.962881
7824	-7913.859	-8163.444	249.5855	0.8416715	1.607647	0.4779423	7.013937
7830	-7922.707	-8171.585	248.878	0.7738327	1.528939	0.503683	7.437232
7836	-7916.631	-8165.086	248.4554	0.8913647	1.729016	0.5262703	7.507224
7842	-7909.863	-8159.086	249.223	0.8422698	1.729016	0.5167946	7.12978
7848	-7916.611	-8165.473	248.8629	0.8118401	1.818437	0.5167946	7.308621
7854	-7920.224	-8169.61	249.386	0.7782903	1.557226	0.4646498	7.186762
7860	-7920.6	-8170.108	249.5082	0.7987769	1.816001	0.4548808	7.025786
7866	-7931.893	-8180.225	248.332	0.8675939	1.63995	0.4862637	7.653094
7872	-7914.205	-8162.946	248.741	0.8187785	1.539711	0.4862637	7.497964
7878	-7926.673	-8174.703	248.0306	0.8058365	1.756134	0.4553775	7.83428
7884	-7921.066	-8170.753	249.6878	0.8480111	1.53492	0.5002617	6.962966
7890	-7928.097	-8177.214	249.1164	0.8392947	1.53492	0.5481989	7.233753
7896	-7915.481	-8164.884	249.4028	0.7997478	1.394866	0.5481989	7.157432
7902	-7917.39	-8166.034	248.6436	0.744324	1.394866	0.5455494	7.596533
7908	-7934.06	-8181.75	247.6904	0.807161	1.499698	0.5570149	8.020477
7914	-7927.917	-8177.102	249.1849	0.8290239	1.885983	0.5570149	7.069691
7920	-7924.498	-8174.8	250.302	0.9237061	1.807076	0.5570149	6.441957
7926	-7926.954	-8176.771	249.8178	0.8970873	1.732464	0.4975967	6.795526
7932	-7929.898	-8179.438	249.5393	0.8501607	1.956157	0.4714161	6.91942
7938	-7933.529	-8182.177	248.6482	0.7919531	1.956157	0.4714161	7.429642
7944	-7938.519	-8187.161	248.6419	0.8292741	1.79252	0.5050533	7.436886
7950	-7937.366	-8185.544	248.1784	0.8242592	1.568961	0.4591213	7.809777
7956	-7934.985	-8184.51	249.5249	0.8596877	1.467539	0.5567151	7.022665
7962	-7923.402	-8172.248	248.8458	0.8004333	1.410277	0.5567151	7.442593
7968	-7912.079	-8159.54	247.4609	0.8010081	1.729352	0.5230018	8.089502
7974	-7915.808	-8164.518	248.71	0.8097121	1.729352	0.5088373	7.429502
7980	-7913.668	-8161.808	248.1398	0.7799844	1.729352	0.5154843	7.744823
7986	-7907.899	-8156.292	248.3926	0.8138207	1.466651	0.5604848	7.652127
7992	-7910.573	-8159.163	248.5907	0.8004881	1.715507	0.447377	7.559431
7998	-7908.977	-8157.638	248.6612	0.8371856	1.715507	0.5094476	7.445307
8004	-7923.651	-8170.977	247.326	0.7019796	1.750018	0.5094476	8.218565
8010	-7923.849	-8171.971	248.1227	0.8214763	1.840184	0.5530689	7.662061
8016	-7913.239	-8162.993	249.7538	0.8214763	1.723619	0.5530689	6.826195
8022	-7930.655	-8180.068	249.4136	0.8496037	1.889393	0.4584241	7.021349
8028	-7929.837	-8179.326	249.489	0.8837385	1.656272	0.5923931	6.9278
8034	-7935.563	-8183.648	248.0848	0.8804287	1.62362	0.6592284	7.644822
8040	-7944.422	-8193.931	249.509	0.8792373	1.852082	0.5094292	6.919952
8046	-7940.776	-8190.034	249.2579	0.8792373	1.852082	0.4785278	7.082915
8052	-7948.426	-8197.524	249.0977	0.8639378	1.990889	0.548736	7.070783
8058	-7948.587	-8197.923	249.3363	0.8204113	1.852311	0.548736	7.010911
8064	-7929.405	-8178.14	248.7347	0.8077251	1.723166	0.5270574	7.403712
8070	-7932.439	-8180.917	248.4779	0.8505026	1.62096	0.478289	7.598407
8076	-7932.39	-8180.223	247.8329	0.7743428	1.62096	0.478289	7.983746
8082	-7935.54	-8184.024	248.4847	0.8309453	1.578231	0.5825949	7.53246
8088	-7937.633	-8186.801	249.1678	0.8767552	1.544288	0.6088033	7.133764
8094	-7928.495	-8177.412	248.9168	0.8325451	1.544288	0.5285244	7.357471
8100	-7924.186	-8173.348	249.162	0.9510241	1.748805	0.5251921	7.089883
8106	-7928.93	-8178.597	249.6664	0.8833515	1.748805	0.5085747	6.869086
8112	-7924.202	-8172.315	248.1125	0.7973246	1.464429	0.5684071	7.805103
8118	-7918.439	-8166.415	247.9764	0.8151233	1.571522	0.4745535	7.907243
8124	-7933.175	-8182.154	248.9789	0.806153	1.793147	0.4745535	7.295742
8130	-7930.755	-8179.923	249.1685	0.8640601	1.487069	0.4476443	7.300924
8136	-7929.365	-8178.372	249.0073	0.869954	1.492714	0.4976502	7.335884
8142	-7920.046	-8169.387	249.3408	0.8752846	1.784782	0.5571231	6.994985
8148	-7928.628	-8178.142	249.5134	0.9580413	1.680916	0.4440806	6.994985
8154	-7932.529	-8182.975	250.4453	1.052502	1.680916	0.5068878	6.38216
8160	-7934.262	-8184.724	250.4622	0.9818517	1.660193	0.456394	6.465405
8166	-7934.428	-8183.858	249.4299	0.8563118	1.844819	0.456394	7.025735
8172	-7938.73	-8186.534	247.8046	0.7697674	1.658938	0.4566485	8.007366
8178	-7935.251	-8184.343	249.0919	0.8920263	1.644278	0.5557677	7.171055
8184	-7935.742	-8182.985	247.2429	0.8362575	1.641234	0.5611095	8.186633
8190	-7930.976	-8180.096	249.1205	0.8276831	1.592671	0.5604185	7.205617
8196	-7923.275	-8171.871	248.5962	0.7686328	1.745218	0.5450911	7.475973
8202	-7925.341	-8173.933	248.5925	0.8229357	1.745218	0.5450911	7.448839
8208	-7933.455	-8182.197	248.7419	0.8972267	1.745218	0.5450911	7.328872
8214	-7931.84	-8181.286	249.4461	0.8773547	1.676449	0.5018981	7.022754
8220	-7935.634	-8184.964	249.3292	0.8247328	2.205006	0.4987087	6.945183
8226	-7946.565	-8195.076	248.5107	0.7691018	1.738834	0.5001091	7.562373
8232	-7938.304	-8187.551	249.2474	0.7421565	1.481802	0.6092618	7.187465
8238	-7943.728	-8191.93	248.2013	0.8868558	1.467227	0.5059165	7.761257
8244	-7924.031	-8173.553	249.5226	0.844723	1.467227	0.57057	7.020765
8250	-7920.499	-8170.254	249.7549	0.8336506	1.46017	0.5036448	6.961185
8256	-7926.703	-8175.901	249.1985	0.8205711	1.396353	0.5714952	7.236249
8262	-7924.307	-8173.586	249.279	0.8582623	1.404829	0.5343142	7.200016
8268	-7924.211	-8173.959	249.7478	0.8464748	1.404829	0.5300673	6.957749
8274	-7929.523	-8177.405	247.8812	0.738762	1.642606	0.5074175	7.943046
8280	-7924.548	-8172.376	247.8282	0.7401002	1.689737	0.519558	7.943046
8286	-7921.792	-8171.442	249.65	0.7969222	1.689737	0.519558	6.935945
8292	-7919.473	-8168.299	248.8255	0.7969222	1.689737	0.4575397	7.43511
8298	-7925.786	-8174.43	248.6437	0.8754654	2.00292	0.4575397	7.385401
8304	-7928.687	-8177.848	249.1612	0.8127175	1.568824	0.4937326	7.257985
8310	-7918.498	-8166.728	248.2297	0.782539	1.627971	0.5834806	7.675591
8316	-7919.405	-8168.326	248.9206	0.7594186	1.636652	0.6044368	7.298139
8322	-7916.643	-8165.796	249.1539	0.8209588	1.780707	0.5833461	7.10494
8328	-7917.903	-8167.012	249.1092	0.8154619	1.85773	0.5833461	7.105769
8334	-7918.685	-8168.846	250.1616	0.806408	1.839371	0.5837532	6.548678
8340	-7913.405	-8162.352	248.947	0.742848	1.839371	0.5222972	7.288667
8346	-7919.707	-8168.541	248.8338	0.7598102	1.839371	0.5602903	7.308442
8352	-7943.121	-8193.54	250.4186	0.8062628	1.626864	0.5602903	6.504312
8358	-7923.183	-8173.437	250.254	0.8453879	1.626864	0.5347755	6.593659
8364	-7923.754	-8172.841	249.0877	0.8218997	1.626864	0.5347755	7.234977
8370	-7934.254	-8183.585	249.3311	0.865718	2.118151	0.4322975	7.01011
8376	-7929.502	-8177.214	247.7112	0.865718	1.727568	0.4677318	7.971206
8382	-7923.838	-8171.497	247.6585	0.742056	1.768562	0.5598694	7.971206
8388	-7937.425	-8185.742	248.3169	0.824282	1.74892	0.476405	7.654377
8394	-7943.552	-8191.631	248.0782	0.8444803	1.74892	0.6614729	7.621017
8400	-7938.263	-8185.738	247.4747	0.7968823	1.74892	0.6614729	7.968866
8406	-7928.1	-8176.382	248.2825	0.78404	1.640456	0.5286023	7.687031
8412	-7930.092	-8178.738	248.6458	0.8748814	1.640456	0.5286023	7.443885
8418	-7936.338	-8186.217	249.8792	0.9414115	1.739668	0.4123873	6.817236
8424	-7922.524	-8170.226	247.7016	0.8275715	1.86831	0.5507149	7.876397
8430	-7933.256	-8179.565	246.3087	0.845612	1.84885	0.5507149	8.614679
8436	-7941.109	-8190.264	249.1551	0.7906261	1.702962	0.525211	7.196043
8442	-7930.586	-8180.496	249.9101	0.8694244	1.702962	0.591191	6.692327
8448	-7913.664	-8163.545	249.8811	0.8418845	1.748353	0.5953104	6.703458
8454	-7908.675	-8158.029	249.3536	0.8783897	1.748353	0.4311486	7.112463
8460	-7917.696	-8167.698	250.0014	0.8005324	1.748353	0.5243756	6.719348
8466	-7924.706	-8172.678	247.9721	0.7796029	1.646233	0.5506974	7.834637
8472	-7913.943	-8163.125	249.1816	0.8011201	1.646233	0.4972184	7.221204
8478	-7911.775	-8160.204	248.429	0.8028968	1.734161	0.4972184	7.592206
8484	-7924.562	-8173.602	249.0404	0.8028968	1.946231	0.5111362	7.18075
8490	-7926.422	-8173.687	247.2648	0.7760841	1.66328	0.6080816	8.161929
8496	-7941.832	-8191.183	249.3508	0.8795667	1.572566	0.5013742	7.111892
8502	-7934.18	-8183.373	249.1928	0.823984	1.516229	0.4946598	7.254399
8508	-7924.22	-8173.08	248.8596	0.8712854	1.739176	0.4946598	7.325332
8514	-7905.865	-8155.224	249.3591	0.8564878	1.69332	0.5418794	7.040171
8520	-7914.998	-8164.186	249.1884	0.8402241	1.619019	0.5394687	7.169953
8526	-7912.738	-8159.866	247.1282	0.7031267	1.439567	0.5394687	8.413547
8532	-7923.401	-8170.405	247.0038	0.719472	1.439567	0.6115485	8.413547
8538	-7908.157	-8155.986	247.8296	0.7443503	1.439567	0.4867756	8.063767
8544	-7913.161	-8160.981	247.8203	0.7537354	1.439567	0.4867756	8.063767
8550	-7914.981	-8164.587	249.6051	0.7853198	1.439567	0.5563966	7.031119
8556	-7919.43	-8169.083	249.6538	0.7578664	1.449781	0.5377064	7.031119
8562	-7932.874	-8181.347	248.4732	0.7725476	1.783599	0.6243776	7.463464
8568	-7933.663	-8182.844	249.1819	0.7734135	1.633363	0.5268715	7.21476
8574	-7948.031	-8195.676	247.6445	0.6963514	1.591834	0.6325036	8.009839
8580	-7946.158	-8193.271	247.1136	0.8575436	1.768595	0.5658112	8.195225
8586	-7936.817	-8185.003	248.1859	0.8735786	1.836137	0.476616	7.668056
8592	-7938.953	-8187.336	248.3829	0.8398675	1.652235	0.5194433	7.606994
8598	-7935.239	-8185.745	250.5059	0.8534688	1.74883	0.5699027	6.379186
8604	-7933.768	-8183.877	250.1091	0.8256841	1.755926	0.5721979	6.60479
8610	-7922.125	-8172.366	250.2404	0.8826143	1.749056	0.5268494	6.543343
8616	-7926.61	-8176.525	249.915	0.8826143	1.801777	0.5784921	6.657938
8622	-7931.413	-8181.15	249.7362	0.8606945	1.808648	0.4919403	6.837729
8628	-7934.008	-8183.302	249.2942	0.9218873	1.762684	0.5598859	7.000402
8634	-7922.278	-8171.182	248.9033	0.7589167	1.535133	0.5231708	7.412309
8640	-7928.689	-8175.749	247.0597	0.7589436	1.919694	0.5469206	8.241543
8646	-7924.134	-8172.107	247.9731	0.7197161	1.645378	0.5212901	7.891159
8652	-7929.389	-8178.199	248.81	0.879323	1.749791	0.4581808	7.377346
8658	-7923.297	-8172.869	249.5722	0.8905664	1.688732	0.4830325	6.960253
8664	-7937.559	-8185.989	248.4296	0.8075931	1.788262	0.5418748	7.532097
8670	-7932.217	-8180.846	248.629	0.8393657	1.526669	0.4964128	7.542865
8676	-7927.348	-8176.325	248.9771	0.7470658	1.7079	0.522721	7.315395
8682	-7924.593	-8173.105	248.5124	0.8250664	1.7079	0.522721	7.522693
8688	-7933.002	-8183.288	250.2867	0.836367	1.489224	0.5178529	6.648574
8694	-7933.763	-8183.826	250.0633	0.8133423	1.596742	0.5220251	6.736345
8700	-7922.985	-8172.071	249.0861	0.8755577	1.800173	0.5515473	7.131198
8706	-7926.931	-8175.059	248.1283	0.7230848	1.434941	0.5515473	7.861951
8712	-7932.803	-8179.782	246.9791	0.7000589	1.434941	0.5368601	8.498454
8718	-7938.717	-8186.763	248.0468	0.7326504	1.594808	0.5368601	7.850355
8724	-7938.504	-8187.6	249.0963	0.7998659	1.617464	0.6055508	7.188304
8730	-7935.185	-8183.51	248.3252	0.8166802	1.832575	0.5428535	7.567266
8736	-7935.428	-8184.9	249.4711	0.8894803	1.488029	0.5516329	7.031582
8742	-7940.513	-8189.467	248.9545	0.8656987	1.697079	0.5516329	7.243276
8748	-7937.372	-8185.588	248.2157	0.8512423	1.939102	0.5521138	7.564636
8754	-7928.81	-8177.44	248.6304	0.8401928	1.496597	0.5922931	7.473293
8760	-7925.469	-8174.23	248.7612	0.7611214	1.496597	0.560425	7.471164
8766	-7913.935	-8164.126	250.1906	0.8496567	1.529401	0.5162037	6.678871
8772	-7908.088	-8156.886	248.7987	0.7802974	1.532018	0.5846056	7.407423
8778	-7915.977	-8163.801	247.824	0.7582644	1.984078	0.4926736	7.860475
8784	-7909.879	-8157.846	247.9667	0.7857449	1.465702	0.6041124	7.860475
8790	-7914.529	-8162.839	248.3102	0.7424989	1.465702	0.5101358	7.777137
8796	-7928.623	-8177.231	248.6073	0.8433588	1.512728	0.6529319	7.431646
8802	-7942.011	-8190.762	248.7501	0.7260555	1.478022	0.6529319	7.431646
8808	-7939.992	-8189.728	249.7362	0.8363997	1.478022	0.5610336	6.913602
8814	-7932.665	-8182.245	249.5792	0.8013455	1.754517	0.5611166	6.913602
8820	-7926.883	-8176.078	249.1956	0.8187068	1.792492	0.4526911	7.193325
8826	-7931.13	-8181.721	250.5912	0.9572909	1.822305	0.4526911	6.354791
8832	-7928.937	-8178.393	249.4566	0.9417761	2.075772	0.4356979	6.911098
8838	-7929.304	-8179.323	250.0191	0.9291209	1.909941	0.4109129	6.691833
8844	-7934.02	-8183.35	249.33	0.9269523	2.335407	0.4109129	6.936052
8850	-7928.906	-8177.512	248.6061	0.8166323	1.838168	0.4333282	7.513842
8856	-7943.837	-8194.969	251.1313	0.9671637	1.838168	0.499326	6.006713
8862	-7930.902	-8182.535	251.6323	0.9957693	1.994232	0.499326	5.665273
8868	-7929.464	-8180.542	251.0784	0.9201897	1.832542	0.499326	6.063104
8874	-7939.07	-8188.215	249.1451	0.9047351	1.733685	0.555605	7.103578
8880	-7925.14	-8173.158	248.0184	0.7887621	1.624177	0.4545863	7.897796
8886	-7932.284	-8182.028	249.7439	0.8358918	1.624177	0.4948607	6.910191
8892	-7920.974	-8169.51	248.5359	0.7950381	1.599333	0.5829481	7.516056
8898	-7938.628	-8188.229	249.6012	0.8262335	1.675875	0.5815638	6.899838
8904	-7936.142	-8184.844	248.7023	0.8181785	1.595656	0.494573	7.490279
8910	-7939.021	-8188.271	249.2499	0.8227786	1.773518	0.4888465	7.134968
8916	-7939.853	-8190.908	251.0557	0.9097775	1.539206	0.5432208	6.150061
8922	-7943.261	-8193.071	249.8102	0.8548361	1.473419	0.5697816	6.858464
8928	-7926.709	-8176.089	249.3809	0.8133087	1.753401	0.5697816	7.007338
8934	-7916.032	-8164.804	248.7727	0.7849904	1.567143	0.4873776	7.48759
8940	-7918.251	-8166.922	248.6712	0.8633418	1.724768	0.5150634	7.417738
8946	-7930.266	-8177.778	247.5125	0.8029844	1.724768	0.4773467	8.102767
8952	-7921.966	-8171.664	249.6974	0.8568724	1.654373	0.5284243	6.883339
8958	-7919.501	-8168.856	249.3543	0.8880896	1.953191	0.6087576	6.883339
8964	-7935.485	-8186.589	251.1043	0.9752711	1.707614	0.4910181	6.070479
8970	-7943.915	-8191.829	247.9139	0.8150352	1.707614	0.5626436	7.814948
8976	-7922.829	-8171.022	248.1937	0.8415015	1.707614	0.4171696	7.782168
8982	-7929.908	-8180.379	250.4706	0.8549491	1.600999	0.4395196	6.567907
8988	-7917.437	-8167.127	249.69	0.8937454	1.682048	0.5787033	6.815577
8994	-7917.723	-8167.622	249.8991	0.8536858	1.506954	0.5050523	6.852736
9000	-7914.101	-8163.718	249.617	0.8591327	1.792492	0.5564857	6.852736
9006	-7919.179	-8168.314	249.1358	0.8466926	1.892592	0.5564857	7.084894
9012	-7925.381	-8174.999	249.6183	0.8466926	1.879065	0.5848649	6.806317
9018	-7927.939	-8176.044	248.1054	0.8805663	1.879065	0.6182377	7.57516
9024	-7913.747	-8162.324	248.5776	0.8542545	1.784967	0.5217212	7.446061
9030	-7922.648	-8172.422	249.7745	0.7538354	1.705185	0.5192754	6.886781
9036	-7930.411	-8178.332	247.9213	0.9276849	1.705185	0.4779576	7.824505
9042	-7917.727	-8165.926	248.1993	0.8781983	1.781941	0.453639	7.698164
9048	-7922.309	-8172.448	250.138	0.8964798	1.667722	0.4473776	6.692883
9054	-7911.484	-8160.42	248.9354	0.8047787	1.667722	0.5798736	7.273849
9060	-7916.374	-8164.978	248.6045	0.7957441	1.616626	0.5603689	7.490686
9066	-7915.331	-8163.693	248.3614	0.7957441	1.511019	0.5603689	7.661023
9072	-7911.296	-8159.676	248.3796	0.81602	1.511019	0.5355769	7.661023
9078	-7916.69	-8166.011	249.3211	0.868334	1.710872	0.491607	7.091698
9084	-7916.192	-8165.381	249.1889	0.8948405	1.710872	0.4932201	7.147077
9090	-7927.565	-8177.08	249.5157	0.8948405	1.411668	0.4890721	7.089834
9096	-7923.74	-8173.791	250.051	0.8340978	1.76179	0.5108784	6.681481
9102	-7930.611	-8180.527	249.9157	0.81511	1.76179	0.6055926	6.686457
9108	-7939.476	-8189.117	249.6401	0.840219	1.564778	0.5841987	6.910615
9114	-7938.036	-8186.283	248.2469	0.8503161	1.564778	0.4982353	7.725176
9120	-7934.181	-8183.589	249.4082	0.8047294	1.778761	0.4696693	7.075296
9126	-7935.453	-8184.619	249.1664	0.8785013	1.666852	0.4696693	7.205276
9132	-7930.53	-8180.567	250.037	0.8195538	1.554057	0.5211501	6.764231
9138	-7937.153	-8187.039	249.8863	0.8210603	1.554057	0.6200401	6.764231
9144	-7949.529	-8198.327	248.7983	0.8400975	1.842629	0.4472548	7.383279
9150	-7934.365	-8183.527	249.162	0.8255863	1.838713	0.5780859	7.08249
9156	-7943.274	-8192.638	249.3636	0.8898917	1.909941	0.5776897	6.915945
9162	-7939.891	-8189.786	249.895	0.8700787	1.750031	0.4915304	6.767713
9168	-7938.719	-8188.509	249.79	0.9377316	1.750031	0.4502827	6.826261
9174	-7935.56	-8185.401	249.8414	0.8625368	1.773154	0.4990019	6.785925
9180	-7936.419	-8185.526	249.1071	0.8174165	1.630971	0.4990019	7.25645
9186	-7944.526	-8193.631	249.1043	0.8428496	1.630971	0.4990019	7.244314
9192	-7928.657	-8178.961	250.3043	0.9131152	1.781602	0.6386842	6.390686
9198	-7920.702	-8170.203	249.501	0.8354316	1.745063	0.4737338	7.0168
9204	-7931.24	-8180.8	249.5597	0.8175508	1.745393	0.5338359	6.941393
9210	-7944.186	-8193.419	249.2327	0.8798708	1.767081	0.5456143	7.066389
9216	-7942.703	-8191.586	248.8836	0.9171723	1.657202	0.5489979	7.270308
9222	-7930.266	-8179.698	249.432	0.8913053	1.807035	0.5489979	6.936301
9228	-7937.373	-8185.919	248.546	0.7290264	1.504967	0.5489979	7.609703
9234	-7935.566	-8184.923	249.3564	0.8151741	1.791863	0.4658437	7.096567
9240	-7945.352	-8195.297	249.9453	0.8645759	2.022573	0.5433615	6.607697
9246	-7931.695	-8182.272	250.5766	0.9157599	1.615112	0.4417439	6.470101
9252	-7919.769	-8170.674	250.9048	1.017136	1.729352	0.5190989	6.123376
9258	-7934.257	-8183.479	249.2216	0.9632821	1.605031	0.5831	7.055379
9264	-7932.506	-8181.635	249.129	0.8696436	1.86151	0.6584909	7.00727
9270	-7937.117	-8186.481	249.3648	0.8487133	1.603231	0.6038931	7.024257
9276	-7928.466	-8177.429	248.9631	0.8507631	1.421577	0.6038931	7.310332
9282	-7938.833	-8186.956	248.123	0.8058415	1.572565	0.5654569	7.755326
9288	-7928.221	-8178.236	250.0153	0.8836342	1.572565	0.4935101	6.758657
9294	-7923.334	-8171.906	248.5727	0.8077349	1.584364	0.5148393	7.551729
9300	-7920.734	-8169.734	248.9997	0.8576454	1.66017	0.4727723	7.30558
9306	-7930.704	-8180.408	249.7034	0.8264411	1.66017	0.4703849	6.946174
9312	-7917.05	-8166.172	249.1225	0.8585814	1.632425	0.5617241	7.172039
9318	-7918.004	-8167.354	249.3502	0.8490829	1.735343	0.5481422	7.028726
9324	-7907.336	-8156.693	249.3569	0.8424038	1.735343	0.5481422	7.028726
9330	-7913.139	-8161.553	248.4132	0.757135	1.383161	0.5481422	7.715667
9336	-7912.8	-8161.7	248.9002	0.796623	1.47371	0.5481422	7.396826
9342	-7920.64	-8169.714	249.0739	0.8325373	1.75092	0.5336846	7.19293
9348	-7926.671	-8175.732	249.0613	0.8514234	1.781507	0.5173709	7.19293
9354	-7934.686	-8183.663	248.977	0.8857945	1.679633	0.5360352	7.239712
9360	-7922.946	-8172.124	249.1789	0.8326091	1.363837	0.4919238	7.321718
9366	-7928.289	-8177.672	249.3839	0.8687321	1.363837	0.4979652	7.186823
9372	-7931.33	-8178.771	247.4409	0.814627	1.730845	0.4905563	8.120666
9378	-7925.521	-8173.586	248.0653	0.7510688	1.937363	0.5497835	7.701203
9384	-7922.193	-8171.369	249.1766	0.8137816	1.937363	0.4487465	7.161668
9390	-7926.566	-8176.365	249.7995	0.8537095	1.963349	0.5757924	6.684437
9396	-7934.002	-8182.037	248.0345	0.8748073	1.963349	0.4600404	7.722136
9402	-7928.214	-8177.677	249.4629	0.9299782	1.813948	0.4600404	6.975352
9408	-7923.747	-8173.152	249.4054	0.8917662	1.657698	0.5296893	7.019553
9414	-7927.938	-8178.467	250.5289	0.8678862	1.612796	0.5588126	6.417615
9420	-7930.34	-8179.335	248.9947	0.8272843	1.570836	0.5871621	7.260118
9426	-7930.04	-8180.221	250.1808	0.8770715	1.785886	0.4935915	6.5951
9432	-7931.383	-8179.511	248.1279	0.8181041	1.731463	0.5559945	7.69593
9438	-7935.913	-8183.638	247.7242	0.8141204	1.698049	0.5559945	7.925528
9444	-7923.319	-8173.47	250.151	0.8247106	1.445253	0.5065605	6.755852
9450	-7930.429	-8179.428	248.9992	0.8096448	1.445253	0.5065605	7.383693
9456	-7909.123	-8157.805	248.6819	0.8522301	1.794528	0.5065605	7.401104
9462	-7910.872	-8160.494	249.6224	0.8184533	1.590381	0.5729277	6.931204
9468	-7919.838	-8169.347	249.5086	0.7999067	1.590166	0.4809279	7.081612
9474	-7924.133	-8173.388	249.2555	0.8484145	1.751872	0.4318426	7.179416
9480	-7923.82	-8172.566	248.7463	0.7372113	1.751872	0.5307974	7.422045
9486	-7919.78	-8167.433	247.6525	0.8351006	1.751872	0.5251017	7.959497
9492	-7920.477	-8169.862	249.3848	0.8512821	1.745162	0.5251017	7.025025
9498	-7925.726	-8173.605	247.879	0.7948335	1.353808	0.507152	8.027949
9504	-7934.492	-8182.242	247.7497	0.7028912	1.557477	0.507152	8.064242
9510	-7921.278	-8170.278	248.9999	0.8659417	1.632265	0.6142618	7.1924
9516	-7934.565	-8183.644	249.0786	0.7903023	1.62775	0.6142618	7.1924
9522	-7927.226	-8177.124	249.8983	0.8981933	1.645409	0.6142618	6.686071
9528	-7918.232	-8166.824	248.592	0.8783954	1.645409	0.6142618	7.399841
9534	-7918.553	-8166.402	247.8482	0.8525224	1.616812	0.5697078	7.857206
9540	-7920.836	-8170.104	249.2688	0.7952455	1.49608	0.5869911	7.159221
9546	-7933.869	-8183.059	249.1906	0.8228302	1.50773	0.615949	7.159221
9552	-7921.006	-8169.381	248.3757	0.7990607	1.50773	0.5907173	7.62859
9558	-7926.258	-8174.496	248.2377	0.7820072	1.731632	0.5907173	7.62859
9564	-7912.209	-8160.766	248.5571	0.7820072	1.536724	0.4738383	7.62859
9570	-7919.509	-8169.81	250.3007	0.864125	1.540804	0.4738383	6.64526
9576	-7939.638	-8190.465	250.8271	0.9067203	1.823301	0.4708029	6.236561
9582	-7928.763	-8176.865	248.1018	0.8328225	1.823301	0.5120206	7.707558
9588	-7924.412	-8174.038	249.6258	0.8203142	1.719749	0.540731	6.907524
9594	-7924.936	-8173.843	248.9068	0.8628387	1.464933	0.5140029	7.390305
9600	-7919.382	-8168.112	248.7309	0.8441059	1.570284	0.4813404	7.482568
9606	-7923.039	-8171.673	248.6344	0.793876	1.601619	0.5587821	7.482568
9612	-7931.591	-8180.867	249.2754	0.7935338	1.642744	0.5697089	7.11452
9618	-7936.666	-8185.778	249.112	0.8426991	1.796887	0.5159477	7.16634
9624	-7933.571	-8184.104	250.5325	0.9080357	1.865314	0.5085699	6.347196
9630	-7926.997	-8176.668	249.6711	0.9434298	2.006296	0.4784169	6.775597
9636	-7923.484	-8173.276	249.7925	0.8318861	2.087239	0.4684124	6.754342
9642	-7915.555	-8165.483	249.9279	0.8397196	1.652968	0.5587771	6.74315
9648	-7924.406	-8174.725	250.319	0.8581826	1.748171	0.5333825	6.508717
9654	-7926.052	-8175.716	249.6636	0.9297132	1.792564	0.6464038	6.718902
9660	-7919.747	-8169.324	249.5775	0.8906324	1.691092	0.4972994	6.94367
9666	-7919.203	-8169.117	249.9144	0.945284	1.728531	0.4934727	6.722454
9672	-7918.702	-8168.925	250.2227	0.8903066	1.727098	0.5611319	6.52761
9678	-7921.706	-8171.642	249.9362	0.855488	1.619228	0.525783	6.770521
9684	-7933.934	-8181.779	247.8447	0.8010688	1.470399	0.5301671	7.975321
9690	-7923.546	-8172.236	248.6905	0.7901219	1.667989	0.5301671	7.453943
9696	-7921.84	-8170.375	248.5346	0.8008187	1.72506	0.5536464	7.491697
9702	-7925.672	-8175.398	249.7251	0.82872	1.72506	0.5800689	6.815176
9708	-7917.368	-8166.183	248.8146	0.8224798	1.489146	0.5800689	7.396676
9714	-7922.022	-8170.536	248.5144	0.8804338	1.585387	0.539913	7.522199
9720	-7927.888	-8176.403	248.5147	0.8570729	1.897331	0.4180601	7.536619
9726	-7923.93	-8173.058	249.1286	0.8613356	1.40203	0.4180601	7.387288
9732	-7927.982	-8177.522	249.5397	0.8422867	1.40203	0.4651566	7.131193
9738	-7924.492	-8174.168	249.6763	0.8548037	1.40203	0.4651566	7.050978
9744	-7936.885	-8186.385	249.5	0.8380284	1.755327	0.5063622	6.982844
9750	-7925.185	-8173.797	248.6122	0.8944064	1.559041	0.5089829	7.498845
9756	-7940.139	-8189.265	249.126	0.8050495	1.618259	0.5523438	7.211936
9762	-7929.761	-8178.577	248.8159	0.806783	1.82334	0.5828609	7.280005
9768	-7930.904	-8179.593	248.6896	0.806783	1.82334	0.5417167	7.381409
9774	-7931.812	-8181.17	249.358	0.8195407	1.82334	0.5417167	7.015397
9780	-7932.862	-8182.226	249.3646	0.8812023	1.696234	0.540271	7.024231
9786	-7928.024	-8177.453	249.4293	0.8164974	1.696234	0.540271	7.024231
9792	-7928.987	-8178.527	249.5406	0.8326441	1.535675	0.5709322	6.990233
9798	-7935.238	-8183.422	248.1842	0.7564863	1.5805	0.7125755	7.636388
9804	-7925.682	-8174.847	249.1649	0.824704	1.741067	0.5522783	7.136082
9810	-7924.277	-8173.292	249.015	0.8788219	2.060745	0.4902554	7.136082
9816	-7930.783	-8179.825	249.042	0.7871836	2.060745	0.4896298	7.171368
9822	-7930.865	-8179.724	248.8591	0.7893446	1.707526	0.4911588	7.383893
9828	-7932.069	-8180.635	248.5668	0.8620349	1.745914	0.4911588	7.488067
9834	-7920.593	-8168.71	248.1175	0.7714277	1.745914	0.4911005	7.776981
9840	-7933.068	-8181.485	248.4165	0.7149396	1.780969	0.5318661	7.59965
9846	-7942.37	-8190.32	247.9504	0.7557186	1.511264	0.603122	7.867986
9852	-7923.26	-8172.018	248.7583	0.8121686	1.701115	0.6105691	7.32883
9858	-7914.561	-8163.432	248.8705	0.8480921	1.489641	0.6105691	7.32883
9864	-7916.683	-8164.746	248.0631	0.7941202	1.297778	0.5782971	7.894998
9870	-7931.711	-8181.65	249.9392	0.898681	1.297778	0.5173013	6.883405
9876	-7928.08	-8177.563	249.4833	0.798896	1.606643	0.5173013	7.057179
9882	-7925.224	-8175.451	250.227	0.8485067	1.504583	0.6211941	6.583714
9888	-7947.061	-8195.099	248.0382	0.8437642	1.616265	0.5394373	7.785447
9894	-7938.61	-8186.3	247.6895	0.7877425	1.616265	0.5394373	8.001494
9900	-7933.892	-8183.211	249.3192	0.9607186	1.617562	0.5394373	7.035363
9906	-7930.904	-8181.175	250.2717	0.9529871	1.767656	0.4184104	6.582972
9912	-7943.337	-8192.833	249.4956	0.8544847	1.760538	0.4184104	7.057353
9918	-7932.672	-8181.934	249.262	0.8155744	2.075299	0.4635197	7.057353
9924	-7927.246	-8176.046	248.7999	0.8386391	1.647691	0.4882962	7.413352
9930	-7931.98	-8181.499	249.5195	0.8227572	1.621173	0.4996398	7.034948
9936	-7934.909	-8183.905	248.9957	0.8707307	1.904134	0.4939018	7.197261
9942	-7916.697	-8165.47	248.7727	0.8501104	1.785498	0.5118483	7.352036
9948	-7924.658	-8173.278	248.6208	0.8314385	1.845039	0.4750664	7.456169
9954	-7927.312	-8176.172	248.8597	0.8605668	1.944902	0.5200751	7.239508
9960	-7921.208	-8170.184	248.9752	0.8393544	2.080271	0.5552614	7.116667
9966	-7917.756	-8166.959	249.2035	0.8393544	1.859308	0.4595096	7.14888
9972	-7912.384	-8161.264	248.8802	0.8511235	1.867953	0.5915372	7.199784
9978	-7935.13	-8183.178	248.0476	0.8436397	1.611518	0.5057344	7.811091
9984	-7941.58	-8190.31	248.7301	0.8538919	1.599555	0.4800153	7.467943
9990	-7932.896	-8182.509	249.613	0.8329259	1.890602	0.6121221	6.791373
9996	-7929.216	-8179.954	250.7381	0.9082676	1.890602	0.521742	6.215307
10002	-7930.931	-8180.575	249.6438	0.9053568	1.876138	0.521742	6.814379
10008	-7936.111	-8185.975	249.8641	0.8769787	1.584583	0.521742	6.814379
10014	-7928.132	-8176.776	248.6433	0.819099	1.584583	0.6102507	7.429791
10020	-7941.626	-8188.4	246.7737	0.7162673	1.748763	0.5608977	8.462004
10026	-7939.793	-8187.372	247.5794	0.8614197	1.49833	0.4930192	8.105791
10032	-7927.444	-8174.455	247.0107	0.7232623	1.608168	0.4474791	8.48196
10038	-7915.922	-8162.893	246.9707	0.7639785	1.689412	0.5277768	8.380174
10044	-7920.469	-8167.671	247.2028	0.7547027	1.415487	0.5224628	8.370545
10050	-7912.085	-8160.16	248.075	0.764397	1.515725	0.5348474	7.850192
10056	-7914.182	-8164.416	250.2346	0.9558667	1.515725	0.4693632	6.645336
10062	-7913.64	-8163.137	249.497	0.8011499	1.515725	0.5254156	7.076424
10068	-7914.148	-8162.968	248.8199	0.7981415	1.515725	0.5676044	7.406492
10074	-7929.39	-8179.087	249.6965	0.813428	1.686056	0.559359	6.869675
10080	-7912.3	-8161.134	248.8343	0.8331811	1.686056	0.4785019	7.392814
10086	-7930.453	-8179.704	249.2502	0.8931865	1.845418	0.5044493	7.058436
10092	-7923.46	-8172.849	249.3881	0.9104183	1.781937	0.5125787	6.989413
10098	-7916.15	-8163.495	247.3446	0.8276024	1.754344	0.5125787	8.137562
10104	-7910.695	-8159.886	249.1911	0.8754981	1.748954	0.5125787	7.125717
10110	-7915.375	-8165.513	250.1376	0.8919064	1.748954	0.5125787	6.606404
10116	-7906.989	-8155.824	248.835	0.8171846	1.697007	0.6506634	7.256246
10122	-7910.211	-8159.855	249.6436	0.8175466	1.555551	0.5218865	6.976223
10128	-7920.319	-8170.663	250.3436	0.893237	1.555551	0.5218865	6.557449
10134	-7921.254	-8171.536	250.2822	0.9695169	1.516108	0.5304038	6.557449
10140	-7921.163	-8172.335	251.1718	1.022434	1.63404	0.6047689	5.938607
10146	-7918.771	-8168.565	249.7941	0.8511395	1.63404	0.5167208	6.851907
10152	-7924.305	-8173.591	249.2859	0.9559204	1.628827	0.5167208	7.071148
10158	-7926.501	-8175.051	248.5496	0.8093563	1.706873	0.5167208	7.516724
10164	-7921.942	-8170.608	248.6667	0.8076526	1.55684	0.5334916	7.495849
10170	-7929.451	-8177.986	248.5347	0.7980739	1.55684	0.4830129	7.615856
10176	-7925.536	-8174.507	248.9709	0.7943105	1.611757	0.637947	7.236098
10182	-7918.716	-8167.952	249.2364	0.8391752	1.611757	0.5607802	7.129696
10188	-7938.537	-8187.802	249.2645	0.8560656	1.611757	0.6801265	7.014192
10194	-7938.274	-8186.763	248.4889	0.8320144	1.611757	0.7230101	7.413851
10200	-7932.399	-8181.206	248.8069	0.8301348	1.550069	0.7230101	7.267601
10206	-7935.388	-8183.852	248.464	0.8645217	1.465059	0.5814749	7.570481
10212	-7916.362	-8164.813	248.4507	0.814811	1.606287	0.5346672	7.588044
10218	-7917.943	-8165.59	247.6471	0.7247899	1.819787	0.5838782	7.949733
10224	-7917.615	-8165.477	247.8622	0.7298005	1.58044	0.5838782	7.917466
10230	-7920.46	-8166.932	246.4719	0.7570122	1.471689	0.6045163	8.668649
10236	-7916.691	-8165.935	249.244	0.7871118	1.743923	0.4861922	7.170012
10242	-7913.769	-8163.959	250.1902	0.9276648	1.736626	0.5246673	6.552415
10248	-7913.878	-8163.531	249.653	0.8804968	1.736626	0.5483098	6.848044
10254	-7921.102	-8169.993	248.8902	0.9116876	1.720066	0.5334919	7.260131
10260	-7928.845	-8177.512	248.6663	0.8172499	1.720066	0.5334919	7.430902
10266	-7921.329	-8170.036	248.7071	0.866879	1.559236	0.54617	7.430902
10272	-7930.566	-8179.427	248.8608	0.7374534	1.648975	0.4922913	7.430902
10278	-7913.842	-8164.712	250.8707	0.9063305	1.524009	0.6244691	6.192961
10284	-7918.374	-8168.713	250.3388	0.8653538	1.524009	0.6244691	6.503889
10290	-7919.183	-8169.12	249.9371	0.849156	1.97901	0.5006983	6.671271
10296	-7917.665	-8167.243	249.5782	0.9714911	1.97901	0.4444651	6.85128
10302	-7922.913	-8172.735	249.8215	0.8305077	1.664739	0.5004599	6.85128
10308	-7911.843	-8161.483	249.64	0.8533289	1.912188	0.5004599	6.85128
10314	-7923.98	-8175.301	251.3209	0.9691627	1.61644	0.5004599	5.980841
10320	-7929.082	-8179.573	250.4915	0.9167646	1.61644	0.5875508	6.386611
10326	-7943.368	-8193.437	250.0693	0.9159685	1.594573	0.6011858	6.61321
10332	-7937.807	-8186.91	249.1032	0.8336933	1.666	0.5779592	7.17033
10338	-7931.278	-8180.673	249.3952	0.7911761	1.641166	0.4364136	7.17033
10344	-7926.307	-8175.747	249.4394	0.8476564	1.641166	0.5304304	7.030404
10350	-7948.711	-8199.169	250.4577	0.958469	1.875412	0.5343596	6.334573
10356	-7936.103	-8185.945	249.8411	0.8881217	2.104796	0.5489587	6.62115
10362	-7943.893	-8191.637	247.7434	0.8500765	1.897855	0.5117142	7.865364
10368	-7942.48	-8191.688	249.2074	0.8709362	2.044963	0.4133022	7.115203
10374	-7931.325	-8180.589	249.2636	0.7780755	1.669918	0.5094017	7.170104
10380	-7940.497	-8189.494	248.9967	0.8146312	1.796941	0.5967269	7.176675
10386	-7949.039	-8196.484	247.4448	0.7765405	1.491986	0.5967269	8.139073
10392	-7943.3	-8191.606	248.3054	0.7753584	1.821626	0.5719732	7.579789
10398	-7937.403	-8185.771	248.3684	0.7822377	1.788818	0.5400702	7.579789
10404	-7948.507	-8196.686	248.1798	0.8354747	1.447627	0.5022267	7.811325
10410	-7935.066	-8185.486	250.4206	0.9380974	1.788818	0.5400702	6.390428
10416	-7926.815	-8175.826	249.0112	0.9187675	1.923467	0.5400702	7.116705
10422	-7917.572	-8166.035	248.463	0.7614504	1.694547	0.5996755	7.525104
10428	-7918.83	-8167.8	248.9704	0.8627548	1.848988	0.4984165	7.229392
10434	-7927.483	-8176.427	248.9441	0.7943738	1.821475	0.582778	7.218503
10440	-7935.381	-8184.174	248.7926	0.8369909	1.791424	0.5805999	7.288982
10446	-7940.01	-8188.396	248.3865	0.8299065	1.978025	0.4845383	7.530608
10452	-7930.282	-8179.823	249.5407	0.8007964	1.683218	0.487184	7.023774
10458	-7935.342	-8182.55	247.2081	0.8074294	1.717896	0.487184	8.256034
10464	-7949.565	-8199.101	249.5359	0.8345596	1.392403	0.431548	7.173601
10470	-7948.88	-8198.42	249.5394	0.8530558	1.63639	0.4902004	7.010757
10476	-7937.775	-8187.317	249.5426	0.9134289	1.47486	0.5217798	7.010757
10482	-7932.285	-8181.083	248.798	0.8073762	1.586889	0.6148545	7.348724
10488	-7946.308	-8195.412	249.104	0.8472834	1.69322	0.5852487	7.146939
10494	-7927.71	-8175.862	248.1518	0.8112092	1.69322	0.5852487	7.676846
10500	-7933.941	-8181.949	248.0084	0.83402	1.762628	0.5124964	7.777146
10506	-7928.077	-8175.154	247.0767	0.7729523	1.6776	0.6065651	8.259756
10512	-7921.346	-8168.959	247.6127	0.6471398	1.712808	0.5584442	8.066819
10518	-7913.224	-8161.623	248.3992	0.7779302	1.752907	0.5786917	7.546393
10524	-7914.108	-8164.927	250.8189	1.016792	1.603895	0.5619997	6.179985
10530	-7920.974	-8171.14	250.1664	0.8807182	1.603895	0.5540792	6.614261
10536	-7917.567	-8167.791	250.2239	0.9555092	1.603895	0.6099326	6.497742
10542	-7925.738	-8174.888	249.1504	0.8293145	1.677326	0.5084298	7.201535
10548	-7931.102	-8178.395	247.2933	0.7818884	1.677326	0.5027694	8.224887
10554	-7918.521	-8167.317	248.7968	0.8013205	1.55972	0.5026318	7.455096
10560	-7925.377	-8174.836	249.4595	0.8228337	1.666373	0.5026318	7.047913
10566	-7919.907	-8169.32	249.413	0.8220683	1.72538	0.5317545	7.026828
10572	-7932.488	-8182.249	249.761	0.8395136	1.619374	0.5617434	6.843374
10578	-7923.075	-8172.825	249.7504	0.8742013	1.682013	0.4733573	6.884407
10584	-7933.522	-8184.233	250.7105	0.9381612	1.815289	0.4733573	6.283201
10590	-7927.546	-8176.252	248.7057	0.8472519	1.760012	0.4733573	7.432809
10596	-7937.869	-8186.463	248.5942	0.80115	1.779827	0.4841411	7.500564
10602	-7944.052	-8193.387	249.3348	0.8232398	1.931972	0.4455804	7.076263
10608	-7951.814	-8202.503	250.6889	0.8853635	1.681678	0.4455804	6.397328
10614	-7930.12	-8178.892	248.7725	0.766877	1.741517	0.5573222	7.37355
10620	-7940.994	-8189.812	248.8186	0.8257569	1.772834	0.5448347	7.316687
10626	-7929.528	-8178.166	248.638	0.8555199	1.748749	0.5448347	7.405932
10632	-7925.095	-8174.565	249.4699	0.9024463	1.748749	0.5974062	6.890899
10638	-7932.817	-8182.53	249.7137	0.8120881	1.806522	0.5962127	6.789022
10644	-7931.372	-8180.817	249.4452	0.8050747	1.8587	0.530052	6.974187
10650	-7929.941	-8179.149	249.2077	0.829461	1.902901	0.4677027	7.129837
10656	-7929.744	-8178.367	248.6228	0.7763279	1.902901	0.5420871	7.406761
10662	-7940.038	-8188.415	248.3769	0.7908171	1.591836	0.5275555	7.651811
10668	-7936.18	-8185.119	248.9385	0.8643953	1.591836	0.5899793	7.26018
10674	-7928.974	-8177.795	248.8217	0.76688	1.728157	0.569984	7.341524
10680	-7933.498	-8182.434	248.9357	0.775732	1.549064	0.569984	7.341524
10686	-7933.503	-8181.979	248.4761	0.7269269	1.662501	0.4988642	7.631795
10692	-7927.514	-8176.661	249.1473	0.7370137	1.613169	0.5215609	7.264924
10698	-7938.48	-8188.696	250.2165	0.8367111	1.4779	0.5215609	6.687627
10704	-7927.401	-8176.263	248.8618	0.7637109	1.740446	0.4799442	7.394661
10710	-7933.797	-8182.777	248.98	0.7691458	1.559353	0.4799442	7.394661
10716	-7939.648	-8189.109	249.4615	0.7216934	1.613007	0.4799442	7.141364
10722	-7934.853	-8182.539	247.6866	0.8133781	1.306405	0.5002731	8.146993
10728	-7927.879	-8175.07	247.1913	0.7030427	1.451349	0.6102903	8.318772
10734	-7926.449	-8175.368	248.919	0.8144324	1.598632	0.5329159	7.341633
10740	-7939.064	-8187.636	248.5719	0.8190069	1.947613	0.5208524	7.414714
10746	-7939.875	-8190.622	250.747	0.877949	1.947613	0.4556075	6.268627
10752	-7932.999	-8182.313	249.3132	0.8197955	1.67427	0.4556075	7.168439
10758	-7927.832	-8176.274	248.4428	0.7955641	1.664559	0.5186191	7.594876
10764	-7929.436	-8178.204	248.7689	0.7402567	1.747816	0.5969996	7.355745
10770	-7932.14	-8180.718	248.5777	0.804927	1.583003	0.5944435	7.485432
10776	-7932.468	-8182.284	249.8167	0.9147731	1.826253	0.5153411	6.7383
10782	-7938.542	-8188.586	250.0443	0.8668383	1.512079	0.5374297	6.737162
10788	-7947.318	-8194.902	247.5843	0.7508001	1.512079	0.493749	8.156086
10794	-7942.364	-8190.451	248.0865	0.8146716	1.512079	0.5154645	7.835177
10800	-7954.61	-8203.88	249.2697	0.8888442	1.63181	0.5933407	7.051429
10806	-7930.608	-8178.68	248.0726	0.8295429	1.612697	0.6339112	7.701275
10812	-7923.154	-8171.523	248.3681	0.7327979	1.621759	0.6339112	7.591597
10818	-7924.555	-8173.723	249.1676	0.8917782	1.573654	0.4884458	7.214991
10824	-7926.9	-8176.498	249.5984	0.8721208	1.611581	0.622437	6.86834
10830	-7926.667	-8175.57	248.9035	0.7836211	1.552153	0.534978	7.38236
10836	-7943.555	-8191.273	247.7182	0.7945014	1.72066	0.534978	7.948683
10842	-7927.86	-8177.029	249.1689	0.771102	1.443267	0.5595564	7.269131
10848	-7925.099	-8173.289	248.1906	0.7391541	1.345032	0.6052529	7.814677
10854	-7922.621	-8170.521	247.8996	0.8178428	1.43841	0.6052529	7.889242
10860	-7923.027	-8170.902	247.8753	0.7482881	1.491705	0.6413654	7.890807
10866	-7929.312	-8176.842	247.5297	0.8111826	1.855292	0.5840797	7.954268
10872	-7933.288	-8181.615	248.327	0.8354057	1.595514	0.5375405	7.644808
10878	-7940.204	-8188.534	248.3296	0.8001123	1.595514	0.5181953	7.67881
10884	-7933.858	-8183.908	250.0499	0.9319704	1.405634	0.5142623	6.762076
10890	-7926.539	-8175.499	248.9603	0.8289144	1.405634	0.4962335	7.419579
10896	-7917.263	-8166.047	248.7844	0.7859345	1.462417	0.6233172	7.409484
10902	-7921.413	-8169.824	248.4106	0.8491546	1.462417	0.5417168	7.640763
10908	-7914.263	-8162.358	248.0951	0.7565936	1.466992	0.5417168	7.85706
10914	-7924.574	-8172.38	247.806	0.7832024	1.592441	0.5462929	7.944911
10920	-7932.465	-8180.826	248.3612	0.8068765	1.511649	0.6135776	7.612858
10926	-7922.518	-8170.927	248.4097	0.8068765	1.703653	0.4953639	7.612858
10932	-7924.355	-8172.374	248.0185	0.7668736	1.788886	0.5040792	7.805944
10938	-7930.192	-8181.106	250.9133	0.8560364	1.668855	0.5498645	6.201921
10944	-7940.901	-8190.065	249.1643	0.8092475	1.838986	0.4263407	7.224999
10950	-7934.388	-8183.809	249.4204	0.7530682	1.668837	0.5381633	7.074869
10956	-7938.58	-8187.534	248.9542	0.8779597	1.83124	0.5405342	7.199458
10962	-7943.861	-8191.856	247.9952	0.8090937	1.678602	0.4708908	7.864363
10968	-7937.515	-8185.544	248.0286	0.8181319	1.311199	0.6173069	7.864363
10974	-7930.157	-8180.212	250.0544	0.8387775	1.665212	0.5388051	6.687564
10980	-7938.392	-8187.699	249.3068	0.8981979	1.665212	0.599155	7.009611
10986	-7931.179	-8180.387	249.2075	0.9106061	1.665212	0.6609602	7.009611
10992	-7935.213	-8183.238	248.025	0.8164204	1.74023	0.6124924	7.704002
10998	-7930.634	-8179.266	248.6317	0.8336033	1.39419	0.531605	7.567121
11004	-7921.172	-8170.564	249.3912	0.8233597	1.5113	0.5750922	7.081763
11010	-7915.925	-8165.871	249.946	0.7806942	1.5113	0.5750922	6.805818
11016	-7930.504	-8178.922	248.4183	0.7586089	1.5113	0.516941	7.68679
11022	-7928.457	-8178.836	250.3797	0.8004108	1.449634	0.4863061	6.661829
11028	-7919.317	-8169.727	250.4093	0.9278343	1.503857	0.4863061	6.555039
11034	-7921.005	-8170.771	249.766	0.9297081	1.818742	0.505202	6.769134
11040	-7926.779	-8176.059	249.28	0.8967688	1.696058	0.5042616	7.092509
11046	-7925.541	-8174.699	249.1579	0.8179631	1.849676	0.5740578	7.088395
11052	-7932.027	-8182.388	250.3612	0.933944	1.55136	0.4703621	6.573909
11058	-7925.186	-8174.663	249.4769	0.843186	1.55136	0.5432961	7.035585
11064	-7922.398	-8171.192	248.7938	0.7909637	1.538521	0.6009206	7.388974
11070	-7933.466	-8183.952	250.4858	0.8991423	1.589553	0.4773489	6.504126
11076	-7915.596	-8165.995	250.399	0.8655467	1.483547	0.5380639	6.556869
11082	-7927.352	-8175.486	248.1348	0.8209585	1.601557	0.5601903	7.734315
11088	-7932.123	-8182.385	250.2622	0.9287853	1.570003	0.6531225	6.471566
11094	-7935.045	-8183.388	248.3431	0.7884557	1.570003	0.5752374	7.639988
11100	-7925.275	-8173.489	248.2142	0.7578877	1.570003	0.5764059	7.724332
11106	-7924.728	-8173.262	248.5341	0.7892636	1.552122	0.5228327	7.587627
11112	-7929.225	-8177.4	248.1745	0.7892636	1.552122	0.4891875	7.809428
11118	-7923.274	-8173.806	250.5322	0.9134756	1.758983	0.4891875	6.398396
11124	-7923.2	-8171.002	247.8026	0.8102761	1.904802	0.5285129	7.838342
11130	-7922.329	-8171.05	248.7213	0.7287711	1.467613	0.5806523	7.505004
11136	-7928.47	-8175.111	246.6406	0.8503756	1.932192	0.4675483	8.48093
11142	-7927.184	-8175.036	247.8515	0.8252873	1.846652	0.5633154	7.794422
11148	-7929.58	-8178.529	248.9493	0.7874336	1.846652	0.5633154	7.226646
11154	-7936.166	-8184.555	248.3894	0.7849848	1.568332	0.5685874	7.623069
11160	-7937.966	-8187.675	249.7092	0.8081829	1.732055	0.5685874	6.841634
11166	-7941.492	-8189.884	248.3918	0.8279678	1.979692	0.4712216	7.540399
11172	-7938.811	-8187.478	248.6668	0.8081282	1.709674	0.4712216	7.494258
11178	-7942.995	-8191.581	248.586	0.8567742	1.758673	0.4712216	7.494258
11184	-7933.209	-8181.421	248.2121	0.8719208	1.758673	0.5992917	7.578013
11190	-7924.606	-8172.955	248.3488	0.8788881	1.76234	0.5669627	7.525499
11196	-7946.939	-8196.828	249.8894	0.8725773	1.9373	0.5486395	6.656433
11202	-7940.284	-8189.854	249.5695	0.8923204	1.712995	0.5276284	6.912609
11208	-7937.218	-8185.231	248.0132	0.7747292	1.786339	0.5528478	7.763995
11214	-7939.145	-8187.24	248.095	0.8275105	2.037761	0.5236552	7.634761
11220	-7930.219	-8179.047	248.8281	0.8132853	1.818445	0.5236552	7.320583
11226	-7926.69	-8176.175	249.4848	0.8390125	1.468797	0.6189202	7.005443
11232	-7929.245	-8179.403	250.1578	0.921042	2.152598	0.6189202	6.361053
11238	-7921.714	-8170.951	249.2366	0.7493544	1.611064	0.5389324	7.196294
11244	-7918.279	-8166.725	248.4458	0.7883542	1.611064	0.5389324	7.599458
11250	-7929.834	-8178.91	249.0759	0.7852949	1.760477	0.5389324	7.209458
11256	-7931.388	-8182.057	250.6693	0.9417505	1.760477	0.5713986	6.237187
11262	-7938.854	-8187.202	248.3482	0.7811108	1.760477	0.5373286	7.603277
11268	-7940.158	-8188.439	248.2816	0.7712983	1.760477	0.5875279	7.603277
11274	-7945.018	-8194.921	249.9032	0.8438293	1.796845	0.5232286	6.733137
11280	-7929.927	-8177.956	248.0293	0.7625347	1.606452	0.4569085	7.910376
11286	-7932.79	-8183.51	250.72	0.9170536	1.606452	0.4569085	6.380283
11292	-7922.847	-8171.463	248.6164	0.8304859	1.353433	0.5850071	7.550373
11298	-7927.474	-8176.097	248.623	0.767868	1.353433	0.4859672	7.664024
11304	-7921.268	-8170.857	249.589	0.8964894	1.863002	0.4859672	6.88485
11310	-7929.817	-8179.202	249.3854	0.8999215	2.071104	0.4927113	6.919949
11316	-7937.648	-8186.189	248.5413	0.8925267	1.862885	0.5434918	7.400178
11322	-7933.811	-8183.348	249.5372	0.8348884	1.693587	0.529008	6.966744
11328	-7927.788	-8176.457	248.6696	0.861111	1.693587	0.529008	7.418881
11334	-7928.673	-8176.837	248.164	0.8082701	1.693587	0.554563	7.69648
11340	-7929.499	-8178.635	249.1364	0.7908202	1.693587	0.554563	7.184613
11346	-7918.322	-8167.675	249.3535	0.8519499	1.771917	0.474276	7.077432
11352	-7923.793	-8171.496	247.7034	0.7409789	1.687217	0.5187449	8.010795
11358	-7920.938	-8169.201	248.2626	0.7735234	1.503175	0.5187449	7.763717
11364	-7924.511	-8173.034	248.5231	0.8218472	1.857865	0.4431006	7.539417
11370	-7928.343	-8176.888	248.5444	0.8712592	1.704721	0.4587211	7.539417
11376	-7939.207	-8188.045	248.8375	0.8442199	1.69565	0.4587211	7.400107
11382	-7937.582	-8186.708	249.1256	0.8764102	1.566618	0.4807293	7.255458
11388	-7934.616	-8183.863	249.2474	0.8447851	1.566618	0.5150806	7.176396
11394	-7943.479	-8192.113	248.6334	0.8301851	1.616913	0.5225759	7.488306
11400	-7934.529	-8182.342	247.8124	0.8110284	1.616913	0.548362	7.915832
11406	-7933.683	-8181.301	247.6175	0.7964392	1.663605	0.4388728	8.108109
11412	-7945.797	-8193.582	247.7848	0.7862587	1.608627	0.5459007	7.948915
11418	-7938.423	-8187.528	249.1056	0.8239855	1.492291	0.5298124	7.279956
11424	-7929.969	-8178.955	248.9866	0.7970436	1.752543	0.5546504	7.240783
11430	-7922.557	-8170.61	248.0529	0.8422677	1.752543	0.5130127	7.752048
11436	-7921.784	-8171.021	249.2371	0.798941	1.733882	0.471592	7.184263
11442	-7921.141	-8170.35	249.209	0.8644924	1.797277	0.4613605	7.151664
11448	-7918.805	-8167.333	248.5287	0.8113411	1.807305	0.5468102	7.466369
11454	-7919.164	-8166.866	247.7024	0.8113411	1.673311	0.5468102	7.955098
11460	-7924.817	-8173.372	248.5541	0.8662042	1.393554	0.4858034	7.631552
11466	-7929.958	-8179.675	249.7166	0.8130381	1.603647	0.5474104	6.899356
11472	-7921.514	-8171.288	249.7737	0.84424	1.659528	0.5975439	6.79034
11478	-7930.363	-8179.911	249.5478	0.9249722	1.954892	0.5687604	6.79034
11484	-7931.35	-8181.2	249.8493	0.9764436	1.954892	0.5430018	6.620991
11490	-7927.049	-8176.687	249.6384	0.8911817	1.719489	0.5594262	6.847062
11496	-7920.32	-8169.207	248.8874	0.8781599	1.548961	0.4913705	7.379513
11502	-7921.401	-8170.233	248.8315	0.8385351	1.779827	0.4555314	7.379786
11508	-7920.744	-8170.097	249.353	0.8337153	1.779827	0.580352	6.993614
11514	-7928.16	-8176.677	248.517	0.8481584	1.461992	0.580352	7.552994
11520	-7921.655	-8170.195	248.5398	0.7354465	1.457837	0.580352	7.602799
11526	-7931.955	-8180.878	248.9226	0.8798974	1.589861	0.5728797	7.274781
11532	-7930.508	-8179.265	248.7567	0.7778001	1.432241	0.5999242	7.458868
11538	-7923.015	-8171.731	248.7156	0.8146084	1.546911	0.5464516	7.458868
11544	-7933.394	-8182.828	249.4345	0.9090289	1.546911	0.5403309	7.027168
11550	-7922.397	-8171.408	249.0111	0.8418657	1.541176	0.5050063	7.32349
11556	-7923.853	-8172.988	249.1353	0.7738265	1.464552	0.5050063	7.32349
11562	-7924.561	-8172.888	248.3272	0.8232788	1.54361	0.6060297	7.6157
11568	-7930.087	-8178.692	248.6046	0.8221681	1.54361	0.533197	7.526666
11574	-7924.425	-8173.57	249.145	0.7688826	1.792515	0.533197	7.174921
11580	-7926.286	-8176.134	249.848	0.8335832	1.777769	0.5491678	6.75299
11586	-7939.827	-8189.472	249.645	0.9006671	1.904866	0.4493867	6.872672
11592	-7940.062	-8189.646	249.5839	0.8500872	1.989173	0.4846678	6.872672
11598	-7930.277	-8178.45	248.1726	0.7170784	1.87235	0.5935663	7.647929
11604	-7921.983	-8170.285	248.3023	0.755527	1.771776	0.5935663	7.591949
11610	-7919.954	-8169.246	249.2918	0.7856272	1.771776	0.5099386	7.114215
11616	-7917.957	-8168.018	250.0616	0.9396293	1.771776	0.5190313	6.608087
11622	-7916.927	-8165.732	248.805	0.8737952	1.771776	0.5586278	7.287119
11628	-7926.417	-8175.812	249.3945	0.9121874	1.60804	0.5920464	6.98157
11634	-7927.736	-8176.826	249.0899	0.8660301	1.60804	0.5920464	7.170285
11640	-7919.006	-8167.496	248.4905	0.852235	1.745028	0.5426568	7.48991
11646	-7922.501	-8172.207	249.7053	0.8337055	1.745028	0.5228575	6.86379
11652	-7927.309	-8177.015	249.7057	0.8795373	1.727422	0.5025442	6.862867
11658	-7918.428	-8166.703	248.2755	0.7928216	1.918376	0.4657719	7.646158
11664	-7932.307	-8181.021	248.7142	0.785077	1.955018	0.5828302	7.302865
11670	-7919.806	-8167.716	247.9103	0.7986299	1.729303	0.6291606	7.766044
11676	-7911.387	-8160.378	248.9915	0.7985338	1.53799	0.4575403	7.401734
11682	-7912.71	-8160.279	247.5692	0.7668194	1.53799	0.4864509	8.152142
11688	-7920.526	-8167.107	246.5803	0.666015	1.483643	0.5956408	8.66154
11694	-7914.988	-8163.132	248.1444	0.7542204	1.498536	0.5956408	7.775996
11700	-7928.465	-8177.16	248.6942	0.8728121	1.552766	0.4924181	7.483514
11706	-7942.749	-8190.843	248.0935	0.8663165	1.320492	0.55149	7.852027
11712	-7930.222	-8178.162	247.9403	0.7403343	1.521667	0.5037749	7.959323
11718	-7927.646	-8175.651	248.0055	0.8021435	1.521667	0.5601448	7.84389
11724	-7933.724	-8181.481	247.7566	0.8520253	1.575276	0.536963	7.948788
11730	-7941.664	-8190.326	248.6616	0.8390623	1.575276	0.4970823	7.506351
11736	-7945.01	-8193.401	248.3913	0.8231032	1.575276	0.5955429	7.577577
11742	-7935.163	-8183.512	248.3496	0.7751082	1.68611	0.5904058	7.588803
11748	-7934.139	-8182.112	247.9731	0.7362647	1.68611	0.5904058	7.810893
11754	-7927.99	-8176.053	248.0626	0.8388625	1.68611	0.5904058	7.708206
11760	-7932.085	-8180.115	248.0301	0.8911102	1.741535	0.5529229	7.708206
11766	-7925.93	-8175.165	249.2349	0.8084166	1.728186	0.5529229	7.111224
11772	-7929.432	-8178.984	249.5519	0.8808891	1.728186	0.5781634	6.880909
11778	-7923.512	-8171.964	248.4521	0.9003752	1.728186	0.5513402	7.483383
11784	-7913.878	-8161.867	247.9893	0.7949079	1.728669	0.555584	7.783772
11790	-7922.408	-8169.776	247.3682	0.8091661	1.728669	0.452572	8.197953
11796	-7916.518	-8165.377	248.8594	0.8249494	1.728669	0.5825098	7.279878
11802	-7921.25	-8170.187	248.9369	0.8274443	1.728669	0.5615168	7.253909
11808	-7927.906	-8175.454	247.5473	0.7643875	1.728669	0.5381395	8.050383
11814	-7928.215	-8176.994	248.7784	0.9083168	1.84885	0.484076	7.320952
11820	-7927.058	-8177.563	250.5054	0.9183985	1.735058	0.4856246	6.42199
11826	-7926.232	-8176.131	249.8992	0.8445391	1.735058	0.5135412	6.7649
11832	-7927.429	-8176.794	249.3655	0.9215934	1.673958	0.4229612	7.117474
11838	-7928.925	-8179.325	250.4001	0.9403164	1.593656	0.4135912	6.588552
11844	-7925.746	-8173.393	247.6463	0.8004514	1.592126	0.5226337	8.04092
11850	-7925.538	-8175.414	249.8765	0.8004514	1.703563	0.5045996	6.820059
11856	-7917.207	-8166.953	249.7463	0.832348	1.703563	0.5465495	6.836975
11862	-7927.87	-8178.541	250.6716	0.94422	1.663523	0.5465495	6.290143
11868	-7921.339	-8170.529	249.1904	0.8709459	1.663523	0.5465495	7.13005
11874	-7922.253	-8171.547	249.2935	0.9068748	1.65216	0.4665	7.13005
11880	-7926.809	-8176.007	249.1978	0.8784581	1.480083	0.494145	7.237183
11886	-7915.686	-8165.142	249.456	0.8784581	1.699521	0.5895032	6.935072
11892	-7940.832	-8187.46	246.6282	0.8062882	1.644352	0.5132649	8.568303
11898	-7945.393	-8193.887	248.4947	0.8462019	1.807743	0.5302306	7.479701
11904	-7926.919	-8174.824	247.9047	0.8008079	1.606334	0.5093816	7.909031
11910	-7926.62	-8175.466	248.8455	0.7559001	1.698245	0.5246042	7.383095
11916	-7925.631	-8175.969	250.3371	0.8483923	2.308139	0.525566	6.334009
11922	-7931.522	-8180.083	248.5616	0.8009231	2.308139	0.525566	7.317654
11928	-7918.722	-8167.769	249.0474	0.8832221	2.032431	0.525566	7.09401
11934	-7919.673	-8167.571	247.8982	0.8489626	2.030088	0.525566	7.729297
11940	-7932.424	-8181.704	249.2803	0.892597	1.756194	0.5715751	7.016373
11946	-7932.812	-8183.244	250.4319	0.9077202	1.793106	0.5715751	6.37304
11952	-7921.484	-8170.786	249.3012	0.8420476	1.793106	0.6372883	6.968319
11958	-7926.417	-8176.516	250.0987	0.8992844	1.688581	0.6466999	6.536627
11964	-7925.788	-8174.08	248.2922	0.7811765	1.631994	0.6160923	7.616021
11970	-7922.48	-8171.142	248.6622	0.8147131	1.815144	0.5636335	7.376498
11976	-7935.165	-8184.916	249.7513	0.8913924	1.815144	0.4259457	6.873317
11982	-7928.523	-8177.466	248.9434	0.7446579	1.901577	0.5566601	7.240057
11988	-7937.334	-8186.298	248.9641	0.8574863	1.687734	0.5586837	7.240057
11994	-7935.2	-8184.369	249.1695	0.8910732	1.781172	0.5833674	7.058657
12000	-7935.245	-8185.003	249.758	0.8074217	1.705226	0.5954757	6.803713
12006	-7937.221	-8185.962	248.7412	0.786575	1.577819	0.5631523	7.434618
12012	-7930.419	-8179.843	249.4241	0.7395231	1.584919	0.5631523	7.090475
12018	-7934.95	-8183.041	248.0906	0.8219967	1.98451	0.5631523	7.623737
12024	-7942.955	-8193.41	250.4549	0.9340515	1.640183	0.5631523	6.408025
12030	-7944.667	-8192.981	248.3139	0.8277277	1.815565	0.4525079	7.653492
12036	-7949.99	-8198.324	248.3338	0.8285099	1.639276	0.4525079	7.704473
12042	-7944.659	-8193.181	248.5223	0.7936361	1.639276	0.4684517	7.607389
12048	-7944.503	-8192.302	247.7993	0.8437118	1.639276	0.4684517	7.966916
12054	-7938.443	-8188.336	249.8928	0.8559971	1.639276	0.5466647	6.768483
12060	-7929.199	-8177.204	248.0049	0.8507886	1.611924	0.6059979	7.747597
12066	-7926.887	-8175.199	248.3117	0.7537808	1.587096	0.5784073	7.666351
12072	-7947.306	-8197.774	250.4678	0.9075703	1.537403	0.4656202	6.540309
12078	-7945.005	-8195.351	250.3461	0.8543566	1.537403	0.5581444	6.553417
12084	-7938.275	-8188.071	249.7963	0.8792449	1.537403	0.5581444	6.837082
12090	-7938.364	-8189.045	250.6815	0.8650931	1.680788	0.5581444	6.311693
12096	-7923.892	-8173.031	249.1386	0.8532172	1.680788	0.615826	7.105698
12102	-7916.793	-8166.313	249.5205	0.8073705	1.650107	0.625708	6.928415
12108	-7934.227	-8184.142	249.9148	0.8212651	1.605266	0.6726773	6.690018
12114	-7929.462	-8179.396	249.9342	0.8797138	1.476601	0.6836897	6.690018
12120	-7926.897	-8175.293	248.3956	0.8077566	1.555786	0.6043011	7.584091
12126	-7935.387	-8184.65	249.2628	0.7935852	1.685461	0.5520624	7.120168
12132	-7923.081	-8170.84	247.7583	0.9097228	1.890568	0.4888842	7.848101
12138	-7925.723	-8174.332	248.6095	0.8355322	1.890568	0.5228384	7.402498
12144	-7925.426	-8174.954	249.5275	0.8242298	1.890568	0.5556721	6.887355
12150	-7944.036	-8194.906	250.8701	0.9191689	1.890568	0.5293936	6.130952
12156	-7932.892	-8182.916	250.0246	0.8435479	1.589552	0.5293936	6.737284
12162	-7920.287	-8169.961	249.6739	0.9358252	1.589552	0.5293936	6.876723
12168	-7925.374	-8176.51	251.136	0.941154	1.933742	0.5801856	5.91708
12174	-7922.586	-8172.664	250.0782	0.9402425	1.582827	0.5801856	6.616419
12180	-7935.449	-8184.599	249.1502	0.8890973	1.622511	0.5285225	7.172231
12186	-7932.914	-8182.507	249.5939	0.8859429	1.660231	0.5482468	6.904546
12192	-7916.838	-8166.934	250.096	0.9108806	1.706324	0.5482468	6.603226
12198	-7915.638	-8165.54	249.9014	0.8896414	1.706324	0.5482468	6.719911
12204	-7910.578	-8160.161	249.5837	0.8402073	1.762361	0.5734968	6.877394
12210	-7926.677	-8176.166	249.4884	0.9286476	1.775088	0.5879312	6.865091
12216	-7916.556	-8165.575	249.0191	0.7921523	1.775088	0.5879312	7.191218
12222	-7906.284	-8155.026	248.7423	0.7482442	1.536052	0.5879312	7.450649
12228	-7913.352	-8161.72	248.3681	0.708111	1.810104	0.6052522	7.559905
12234	-7920.622	-8169.679	249.0565	0.8759899	1.810104	0.5349703	7.15738
12240	-7931.488	-8179.141	247.6522	0.7471662	1.810104	0.5446847	7.970106
12246	-7920.891	-8169.337	248.4462	0.7635403	1.683471	0.5232693	7.599374
12252	-7934.307	-8183.678	249.3704	0.9073069	1.883921	0.4744671	7.000382
12258	-7922.872	-8171.647	248.7751	0.8195808	1.311601	0.5809262	7.492461
12264	-7920.542	-8168.981	248.4383	0.7670327	1.475112	0.629563	7.595234
12270	-7920.691	-8169.094	248.4028	0.7802956	1.459431	0.638389	7.606776
12276	-7918.775	-8166.549	247.7737	0.8027237	1.612163	0.5028508	7.981479
12282	-7925.709	-8174.695	248.9864	0.830092	1.826734	0.5428574	7.207418
12288	-7929.03	-8177.855	248.8246	0.8191123	1.826734	0.6034172	7.251375
12294	-7931.958	-8181.31	249.3525	0.8306916	1.707015	0.5348007	7.058688
12300	-7921.799	-8172.143	250.3445	0.9126438	1.707015	0.6250386	6.405916
12306	-7922.563	-8173.005	250.4416	0.8613485	1.707015	0.5932146	6.405916
12312	-7929.724	-8179.386	249.6618	0.9049713	1.81846	0.4986778	6.844618
12318	-7925.876	-8174.119	248.2424	0.7939705	1.528635	0.5841217	7.699688
12324	-7926.678	-8175.415	248.7368	0.6897022	1.542821	0.6293354	7.45042
12330	-7927.956	-8177.081	249.1251	0.838764	1.665658	0.6293354	7.11594
12336	-7922.65	-8172.399	249.7487	0.8724026	1.591907	0.5944241	6.816233
12342	-7928.723	-8178.711	249.9886	0.8431327	1.807782	0.5944241	6.624716
12348	-7927.651	-8177.472	249.8206	0.8052463	1.868351	0.4931226	6.800867
12354	-7930.419	-8179.69	249.2709	0.8880093	1.764298	0.5198788	7.064336
12360	-7923.239	-8173.631	250.3917	0.8747682	1.566925	0.6275575	6.451096
12366	-7932.287	-8183.327	251.0396	0.9335454	1.74814	0.5053274	6.100993
12372	-7922.452	-8172.116	249.6644	0.8585748	1.941953	0.5034399	6.822924
12378	-7924.057	-8173.121	249.0633	0.8290893	1.626329	0.5020741	7.272733
12384	-7926.156	-8176.12	249.9639	0.8863146	1.679207	0.5728393	6.677457
12390	-7933.274	-8182.142	248.8681	0.968615	1.679207	0.5728393	7.223467
12396	-7931.024	-8180.594	249.5696	0.7960664	1.679207	0.5487599	6.958692
12402	-7926.888	-8177.006	250.1179	0.9192743	1.679207	0.5541476	6.591696
12408	-7933.732	-8183.712	249.9795	0.9582903	1.813165	0.4308682	6.709833
12414	-7935.795	-8187.676	251.8813	1.024709	1.905594	0.5168646	5.526085
12420	-7924.599	-8175.214	250.6153	0.8526822	1.949433	0.5168646	6.297184
12426	-7921.811	-8172.442	250.6308	0.9034578	1.524298	0.5793525	6.360281
12432	-7921.561	-8171.554	249.994	0.8863027	1.524298	0.5452722	6.742404
12438	-7926.937	-8175.684	248.7468	0.8222906	1.514186	0.5452722	7.451693
12444	-7925.876	-8174.279	248.4029	0.7922828	1.514186	0.6073957	7.602133
12450	-7913.99	-8163.048	249.0584	0.8438026	2.024316	0.4976064	7.136271
12456	-7929.41	-8178.56	249.1497	0.7928936	1.790109	0.5620347	7.136271
12462	-7930.99	-8180.075	249.0849	0.7421983	1.840069	0.5620347	7.181357
12468	-7929.131	-8176.895	247.7639	0.7587639	1.725016	0.5620347	7.919437
12474	-7930.519	-8177.055	246.536	0.7629851	1.725016	0.4911115	8.630868
12480	-7920.36	-8168.68	248.3198	0.7694489	1.842693	0.4727828	7.653434
12486	-7913.473	-8162.075	248.6015	0.8142985	1.842693	0.5061788	7.448587
12492	-7919.734	-8168.608	248.8735	0.7884004	1.675225	0.5061788	7.374898
12498	-7909.882	-8158.686	248.8046	0.8898772	1.627385	0.5061788	7.374898
12504	-7918.713	-8169.763	251.0504	0.9243164	1.670472	0.5349015	6.10229
12510	-7927.754	-8176.536	248.782	0.8268467	2.046898	0.471947	7.310117
12516	-7921.101	-8170.389	249.2881	0.8138491	1.726297	0.516044	7.111642
12522	-7928.636	-8177.743	249.1068	0.8730854	1.643242	0.5420555	7.185035
12528	-7928.64	-8177.335	248.6953	0.8647044	1.740938	0.6237456	7.310271
12534	-7930.761	-8180.339	249.5777	0.9000839	1.451753	0.6476197	6.907733
12540	-7919.962	-8169.372	249.41	0.9191334	1.493614	0.5164274	7.076247
12546	-7921.379	-8170.867	249.4886	0.8282392	1.959625	0.4972065	6.933965
12552	-7918.962	-8169.164	250.2023	0.9178999	1.475584	0.4580933	6.709934
12558	-7929.474	-8178.516	249.0412	0.8281115	1.936704	0.4580933	7.218019
12564	-7926.758	-8176.239	249.4807	0.8374945	1.661715	0.4618122	7.067546
12570	-7941.765	-8190.774	249.0087	0.8143124	1.553395	0.444798	7.390243
12576	-7931.176	-8181.265	250.0891	0.8174048	1.620131	0.5711654	6.67016
12582	-7937.344	-8184.441	247.0975	0.8000062	1.880133	0.4166682	8.330418
12588	-7917.481	-8165.703	248.2222	0.8151616	1.704451	0.4900864	7.71317
12594	-7925.093	-8173.652	248.5595	0.7796534	1.704451	0.4900864	7.551665
12600	-7912.037	-8159.831	247.7945	0.7744487	1.704451	0.5397705	7.920376
12606	-7912.781	-8160.466	247.6849	0.7496232	1.665463	0.6493158	7.920376
12612	-7918.242	-8167.708	249.4662	0.8627161	1.397553	0.6080671	7.04021
12618	-7915.758	-8164.227	248.4683	0.8131909	1.387966	0.4916891	7.702845
12624	-7919.042	-8167.816	248.7735	0.7878327	1.532287	0.5775902	7.422417
12630	-7917.536	-8168.33	250.7938	0.8987003	1.802262	0.5593257	6.188223
12636	-7934.684	-8185.779	251.0955	0.9541314	1.802262	0.5593257	5.993684
12642	-7928.283	-8177.863	249.5802	0.9663154	1.508538	0.5543674	6.921047
12648	-7921.232	-8171.104	249.8719	0.8770488	1.573177	0.5300348	6.807349
12654	-7922.449	-8171.956	249.5068	0.8788069	1.573177	0.4710087	7.055722
12660	-7928.181	-8176.749	248.5679	0.8382532	1.590702	0.5184405	7.532444
12666	-7929.459	-8177.662	248.2034	0.8222098	1.590702	0.4529404	7.795159
12672	-7918.778	-8167.177	248.3985	0.8116133	1.676745	0.5529643	7.576631
12678	-7921.888	-8171.141	249.2525	0.7883175	1.497861	0.5529643	7.198544
12684	-7920.412	-8169.268	248.8559	0.8732624	1.435545	0.5529643	7.390858
12690	-7932.323	-8180.254	247.9312	0.770797	1.563884	0.5523479	7.890459
12696	-7926.263	-8175.174	248.9113	0.7494128	1.501877	0.5584575	7.396505
12702	-7943.521	-8193.136	249.6141	0.8375246	1.435964	0.5584575	6.997914
12708	-7940.828	-8189.12	248.2921	0.7189722	1.612601	0.4361287	7.810834
12714	-7926.684	-8175.065	248.3808	0.7075961	1.47005	0.5794496	7.698594
12720	-7934.088	-8183.616	249.5274	0.7638622	1.47005	0.6243489	7.018298
12726	-7927.527	-8175.705	248.178	0.782156	1.47005	0.6243489	7.732329
12732	-7949.747	-8198.516	248.7694	0.7701495	1.40411	0.5935431	7.472707
12738	-7942.401	-8190.215	247.8147	0.7625439	1.548735	0.5935431	7.92977
12744	-7944.113	-8190.232	246.1193	0.6803219	1.471763	0.5863202	8.910342
12750	-7939.344	-8190.322	250.9782	0.8821221	1.816106	0.5387002	6.109497
12756	-7935.53	-8185.217	249.6871	0.8228873	1.835587	0.5196179	6.850994
12762	-7937.071	-8186.062	248.9914	0.8448018	1.759748	0.6119559	7.164326
12768	-7933.005	-8182.542	249.5364	0.7737831	1.776817	0.5606011	6.944216
12774	-7937.441	-8185.56	248.1191	0.7659598	1.428604	0.6137494	7.797219
12780	-7927.878	-8175.864	247.986	0.8132322	1.733916	0.5719455	7.760598
12786	-7936.937	-8186.735	249.7983	0.8967574	1.598861	0.4401007	6.908679
12792	-7929.319	-8178.654	249.3347	0.8094503	1.544543	0.5714972	7.109629
12798	-7920.929	-8170.478	249.5494	0.8119782	1.498225	0.5714972	7.010845
12804	-7921.659	-8171.016	249.3569	0.8733078	1.616285	0.4978758	7.098612
12810	-7924.343	-8172.494	248.151	0.7990396	1.616285	0.4978758	7.784877
12816	-7922.505	-8171.506	249.0009	0.7774655	1.490457	0.5450244	7.348979
12822	-7933.418	-8180.646	247.2284	0.8022984	1.497626	0.5450244	8.279846
12828	-7924.7	-8174.11	249.4098	0.9048523	1.561691	0.5573749	7.022827
12834	-7926.365	-8175.791	249.4261	0.7932583	1.604192	0.486022	7.119644
12840	-7925.389	-8173.481	248.0925	0.8143072	1.604192	0.5095462	7.802195
12846	-7931.816	-8180.833	249.0169	0.8621152	1.667437	0.5932639	7.188726
12852	-7936.963	-8186.05	249.087	0.8165131	1.77065	0.5324164	7.188726
12858	-7933.947	-8184.09	250.143	0.8805677	1.77065	0.5324164	6.584799
12864	-7931.301	-8179.795	248.4944	0.8519742	1.77065	0.4865671	7.527763
12870	-7918.793	-8166.539	247.7454	0.8100606	1.719426	0.5806651	7.888907
12876	-7928.92	-8178.263	249.3436	0.8886857	1.485561	0.5806651	7.077956
12882	-7931.682	-8180.684	249.0029	0.8928686	1.547522	0.5806651	7.234576
12888	-7939.848	-8189.48	249.6323	0.7614834	1.547522	0.5324954	7.006525
12894	-7934.485	-8182.188	247.7028	0.7530181	1.722055	0.5324954	7.980589
12900	-7928.738	-8176.969	248.2302	0.7572202	1.571315	0.5772968	7.71495
12906	-7926.042	-8174.663	248.6214	0.8643925	1.966511	0.517631	7.360572
12912	-7943.582	-8193.696	250.1142	0.9343116	1.752913	0.5224614	6.586112
12918	-7941.122	-8191.427	250.3045	0.969141	1.752913	0.4552007	6.525488
12924	-7940.579	-8191.57	250.9904	0.9650015	1.651471	0.5748354	6.086409
12930	-7933.276	-8183.927	250.651	0.9404372	1.805855	0.4808407	6.310607
12936	-7930.517	-8180.973	250.4555	0.8659754	1.805855	0.5319946	6.411569
12942	-7939.804	-8189.702	249.8984	0.9105997	1.589622	0.4639676	6.82788
12948	-7931.088	-8180.809	249.7218	0.8558533	1.589622	0.6106241	6.82788
12954	-7931.983	-8181.486	249.5023	0.7878539	1.589622	0.5560145	7.026518
12960	-7916.051	-8164.693	248.6413	0.820329	1.589622	0.6013489	7.435233
12966	-7924.835	-8174.565	249.7298	0.8505857	1.589622	0.5263775	6.89513
12972	-7928.423	-8178.343	249.9198	0.8484724	1.757457	0.5934589	6.677236
12978	-7917.547	-8166.221	248.6744	0.7933564	1.772519	0.5934589	7.372119
12984	-7924.223	-8173.48	249.2575	0.7979904	1.802391	0.5635247	7.070135
12990	-7922.945	-8171.511	248.5653	0.6829662	1.528607	0.607324	7.568146
12996	-7925.103	-8173.518	248.4149	0.754665	1.430474	0.4902677	7.746428
13002	-7931.399	-8179.326	247.9271	0.7271778	1.536862	0.5061573	7.965431
13008	-7932.187	-8182.558	250.371	0.8493532	1.866035	0.4816529	6.49063
13014	-7929.267	-8178.485	249.2184	0.8493926	1.529118	0.5317727	7.189599
13020	-7937.088	-8186.249	249.1612	0.9070892	1.529118	0.4999245	7.217017
13026	-7928.892	-8178.519	249.6264	0.8312425	1.840261	0.4817156	6.911373
13032	-7929.837	-8178.44	248.6038	0.7857158	1.583675	0.4740509	7.583527
13038	-7917.769	-8167.48	249.7111	0.8127016	1.642266	0.5214904	6.910154
13044	-7921.137	-8170.967	249.8297	0.8634362	1.878536	0.5214904	6.736056
13050	-7937.034	-8186.955	249.9214	0.8495768	1.704067	0.6531071	6.649095
13056	-7927.673	-8177.303	249.6304	0.8738538	1.609528	0.6264797	6.847824
13062	-7929.103	-8179.62	250.5167	0.9021706	1.463518	0.5030748	6.511835
13068	-7928.793	-8176.494	247.7014	0.8198495	1.604444	0.5030748	8.013533
13074	-7929.778	-8178.504	248.7265	0.8278293	1.604444	0.5030748	7.461288
13080	-7932.935	-8182.131	249.1958	0.8009658	1.594398	0.4702468	7.257388
13086	-7935.919	-8185.939	250.02	0.8447808	1.833719	0.466283	6.708197
13092	-7949.893	-8197.634	247.7414	0.848782	1.741706	0.5175944	7.914758
13098	-7920.125	-8169.405	249.2795	0.7906036	1.741706	0.4847641	7.151148
13104	-7926.347	-8174.88	248.5325	0.7906036	1.841914	0.4847641	7.517591
13110	-7926.258	-8174.298	248.0401	0.7903329	1.841914	0.4960032	7.771064
13116	-7918.374	-8167.641	249.2666	0.8989894	1.655664	0.4962029	7.120369
13122	-7914.946	-8163.993	249.0469	0.8475348	1.752669	0.4962029	7.231407
13128	-7920.064	-8167.731	247.6672	0.779066	1.515333	0.5377147	8.057657
13134	-7940.317	-8189.89	249.5722	0.779066	1.54229	0.4650284	7.091603
13140	-7920.947	-8170.149	249.2024	0.8182813	1.745771	0.5180754	7.146734
13146	-7919.51	-8168.621	249.1112	0.8343707	1.938372	0.6219776	7.037868
13152	-7929.823	-8179.94	250.1167	0.954819	1.691762	0.5099493	6.606458
13158	-7931.835	-8182.465	250.6297	0.8941135	1.691762	0.4815063	6.387075
13164	-7926.212	-8175.455	249.2428	0.8220971	1.480943	0.5864408	7.165168
13170	-7925.312	-8174.853	249.5414	0.9048828	1.642928	0.5650673	6.915082
13176	-7925.75	-8175.888	250.1384	0.8839673	1.619202	0.5919291	6.591143
13182	-7933	-8183.534	250.534	0.9020571	1.822252	0.5042075	6.368137
13188	-7934.275	-8183.065	248.7896	0.7155087	1.519079	0.6080974	7.433702
13194	-7927.669	-8176.443	248.7738	0.734968	1.511534	0.6093462	7.433702
13200	-7932.215	-8181.212	248.9973	0.7707572	1.511534	0.5029671	7.382328
13206	-7923.177	-8172.227	249.0506	0.7951766	1.517759	0.5598425	7.289832
13212	-7924.846	-8173.107	248.2603	0.7376876	1.767296	0.5250822	7.681552
13218	-7927.835	-8175.913	248.0773	0.7342613	1.767296	0.5250822	7.781231
13224	-7924.425	-8172.561	248.1356	0.7402779	1.669025	0.5254743	7.781231
13230	-7930.977	-8179.094	248.1168	0.7787525	1.600188	0.5429199	7.781231
13236	-7917.012	-8166.178	249.1659	0.8218971	1.4604	0.5429199	7.25032
13242	-7915.701	-8164.925	249.2239	0.7962042	1.4604	0.5225135	7.25032
13248	-7931.082	-8180.11	249.0277	0.787235	1.679147	0.5543681	7.25032
13254	-7924.095	-8173.116	249.0213	0.7935582	1.679147	0.5543681	7.25032
13260	-7924.195	-8171.452	247.2572	0.7498854	1.561262	0.5747345	8.243756
13266	-7922.922	-8171.834	248.9117	0.8026758	1.405162	0.6519346	7.33421
13272	-7917.981	-8167.185	249.2042	0.8306891	1.405162	0.6472301	7.165541
13278	-7927.151	-8175.843	248.6919	0.8373113	1.911504	0.5633395	7.316621
13284	-7931.202	-8179.789	248.5864	0.8219124	1.911504	0.6469266	7.316621
13290	-7936.001	-8183.858	247.8564	0.8917448	1.911504	0.6469266	7.670303
13296	-7930.073	-8179.515	249.4421	0.7628479	1.548145	0.5401029	7.101451
13302	-7927.073	-8176.194	249.1201	0.8805517	1.701355	0.4803221	7.206852
13308	-7922.196	-8171.446	249.2501	0.8533299	1.701355	0.5469917	7.093392
13314	-7927.021	-8176.383	249.3614	0.8389147	1.766503	0.4314833	7.122829
13320	-7931.021	-8181.37	250.3488	0.8998355	1.745375	0.5083993	6.492743
13326	-7936.721	-8187.206	250.4858	0.844883	1.745375	0.4599255	6.492743
13332	-7934.816	-8184.525	249.7088	0.844883	1.629339	0.5983603	6.8355
13338	-7950.534	-8198.298	247.7637	0.7963906	1.506149	0.5983603	7.951636
13344	-7946.348	-8194.48	248.1321	0.7970478	1.691904	0.5197339	7.74943
13350	-7936.396	-8185.968	249.5721	0.8339419	1.770462	0.5471801	6.905858
13356	-7931.649	-8181.09	249.4411	0.8846454	1.96061	0.5233534	6.905858
13362	-7931.453	-8182.247	250.7944	1.000707	1.96061	0.5233534	6.109956
13368	-7927.562	-8178.099	250.5369	0.9726947	1.765365	0.4954931	6.35575
13374	-7925.434	-8174.167	248.7337	0.911603	1.766727	0.4954931	7.360885
13380	-7940.145	-8189.288	249.1422	0.8454182	1.766727	0.4724362	7.198046
13386	-7929.667	-8179.083	249.4154	0.8248955	1.702777	0.5034661	7.056625
13392	-7928.449	-8178.126	249.6764	0.8146802	1.702777	0.5034661	6.921579
13398	-7935.274	-8185.135	249.8614	0.9384733	1.758916	0.5167091	6.723406
13404	-7942.995	-8193.287	250.2918	0.825971	1.879705	0.5329545	6.496123
13410	-7928.462	-8178.839	250.3774	0.9028353	1.606036	0.4682954	6.562983
13416	-7938.756	-8190.634	251.8778	1.044733	1.596509	0.5877503	5.567641
13422	-7937.584	-8185.702	248.118	0.8425846	1.553634	0.5027429	7.798495
13428	-7939.425	-8189.591	250.1657	0.9234166	1.917874	0.5856724	6.455365
13434	-7931.954	-8181.134	249.1799	0.8847135	1.708944	0.5340039	7.122467
13440	-7923.692	-8172.429	248.7368	0.7827439	1.708944	0.4960338	7.448122
13446	-7923.144	-8172.336	249.1922	0.7858976	1.708944	0.7318566	7.019373
13452	-7935.994	-8184.912	248.9174	0.843591	1.708944	0.5354405	7.284365
13458	-7927.517	-8175.826	248.309	0.7563149	1.47762	0.5623509	7.721688
13464	-7936.937	-8185.948	249.0111	0.7298157	1.47762	0.5623509	7.359875
13470	-7936.092	-8185.371	249.2794	0.8476015	1.691562	0.53077	7.097896
13476	-7949.16	-8198.584	249.4247	0.8766353	1.577547	0.5467939	7.032725
13482	-7933.629	-8182.748	249.1194	0.9490472	1.812651	0.5467939	7.073478
13488	-7923.341	-8172.195	248.854	0.9021726	1.847526	0.4690714	7.29788
13494	-7932.022	-8181.858	249.8353	0.9288996	1.699605	0.5389048	6.744687
13500	-7933.799	-8182.592	248.7932	0.8832368	1.699605	0.4896054	7.373068
13506	-7921.914	-8171.785	249.8711	0.8022018	1.699605	0.4965049	6.830655
13512	-7919.106	-8168.163	249.0565	0.8032759	1.567574	0.5351997	7.283626
13518	-7926.194	-8174.747	248.5532	0.7923233	1.400869	0.6054767	7.568689
13524	-7927.529	-8175.982	248.4527	0.7987545	1.761307	0.6123409	7.477324
13530	-7931.81	-8181.416	249.6058	0.8346492	1.438124	0.6123409	6.960122
13536	-7920.538	-8169.527	248.9891	0.798195	1.664334	0.542021	7.2808
13542	-7915.357	-8163.546	248.1888	0.8956191	1.773013	0.5250127	7.633408
13548	-7924.962	-8173.243	248.2812	0.8029713	1.773438	0.5250127	7.633408
13554	-7934.596	-8184.341	249.745	0.8270137	1.773438	0.483125	6.871342
13560	-7934.299	-8183.344	249.0451	0.8216318	1.798233	0.6056061	7.139552
13566	-7937.729	-8186.061	248.3322	0.8341343	1.74586	0.5944151	7.542179
13572	-7929.542	-8179.103	249.561	0.9577866	1.68035	0.576339	6.853148
13578	-7926.913	-8177.221	250.3078	0.9209433	1.779838	0.495278	6.503153
13584	-7937.949	-8187.568	249.6188	0.8263442	1.432039	0.5652578	6.997446
13590	-7935.324	-8184.807	249.4835	0.8621711	1.624802	0.5391991	6.997446
13596	-7928.466	-8176.663	248.1968	0.7806534	1.43597	0.5391991	7.80447
13602	-7932.652	-8181.172	248.5196	0.7617049	1.561974	0.5808207	7.558417
13608	-7923.636	-8172.1	248.4636	0.7896829	1.389122	0.5035041	7.706935
13614	-7928.898	-8177.343	248.4454	0.7989277	1.549374	0.5035041	7.647755
13620	-7919.89	-8168.178	248.2875	0.8624272	1.759097	0.5110586	7.615183
13626	-7911.863	-8160.701	248.8384	0.8529246	1.736594	0.5110586	7.332968
13632	-7916.731	-8166.508	249.7779	0.8601773	1.736594	0.5110586	6.823583
13638	-7917.27	-8166.848	249.5779	0.8844421	1.736594	0.5339348	6.898559
13644	-7926.852	-8176.325	249.4729	0.8212301	1.736594	0.5686191	6.960381
13650	-7923.952	-8173.846	249.8937	0.873037	1.736594	0.5357121	6.732811
13656	-7931.979	-8181.901	249.9217	0.8908537	1.703321	0.5431435	6.713643
13662	-7935.351	-8183.197	247.8459	0.8502038	1.637043	0.4420242	7.964284
13668	-7935.219	-8183.807	248.5888	0.8856818	1.637043	0.4457248	7.544734
13674	-7930.001	-8179.057	249.0554	0.8478221	1.640312	0.4809519	7.280713
13680	-7934.052	-8182.658	248.6062	0.8935923	1.640312	0.4998627	7.480102
13686	-7923.56	-8172.54	248.9797	0.8383013	1.746262	0.5004195	7.270922
13692	-7918.774	-8167.973	249.1993	0.9161044	1.996087	0.491353	7.03607
13698	-7920.833	-8170.218	249.3852	0.8621855	1.779472	0.53864	6.995395
13704	-7930.968	-8181.401	250.4333	0.9037253	1.45463	0.6851014	6.414726
13710	-7933.411	-8182.967	249.5555	0.8150814	1.564358	0.6342634	6.93113
13716	-7934.399	-8181.965	247.5661	0.7916451	1.629805	0.6342634	7.985445
13722	-7924.2	-8171.885	247.6846	0.7196502	1.654484	0.4883932	8.070571
13728	-7927.18	-8176.03	248.8497	0.7177001	1.701934	0.4715352	7.447202
13734	-7938.157	-8186.411	248.2547	0.7422	1.379848	0.5520551	7.806513
13740	-7932.501	-8181.486	248.9847	0.8331995	1.768782	0.490053	7.272415
13746	-7920.216	-8169.409	249.1922	0.8446615	1.912659	0.5016868	7.095899
13752	-7921.125	-8170.471	249.3463	0.8607113	1.912659	0.5221772	6.986391
13758	-7928.896	-8178.663	249.7668	0.8354524	1.634508	0.6427606	6.773347
13764	-7933.769	-8183.003	249.2339	0.882464	1.752958	0.5681551	7.050727
13770	-7946.322	-8195.562	249.2404	0.8212607	1.592433	0.5611611	7.144127
13776	-7926.117	-8175.104	248.9871	0.8157986	1.55858	0.5720788	7.287106
13782	-7924.335	-8174.461	250.1265	0.9085023	1.534553	0.4736944	6.717984
13788	-7931.5	-8180.031	248.5317	0.791582	1.912742	0.4471382	7.529086
13794	-7931.037	-8179.631	248.5939	0.7511885	1.581484	0.4740028	7.60817
13800	-7932.414	-8181.012	248.5979	0.8574878	1.50969	0.5749408	7.490109
13806	-7934.068	-8183.298	249.2295	0.8715345	1.50969	0.5473224	7.166247
13812	-7921.773	-8172.424	250.6509	0.9150938	1.50969	0.5473224	6.375266
13818	-7923.499	-8174.511	251.0118	0.925978	1.841802	0.5382869	6.058858
13824	-7931.252	-8182.304	251.0522	0.9675602	1.832346	0.5845185	5.978962
13830	-7921.53	-8172.336	250.806	0.9928825	1.832346	0.5039334	6.167747
13836	-7914.198	-8164.649	250.4511	1.010875	2.144675	0.4787862	6.273606
13842	-7937.66	-8187.83	250.1694	1.01612	1.733137	0.5234293	6.518085
13848	-7923.635	-8173.406	249.7711	0.9260934	1.706909	0.5741748	6.749048
13854	-7926.632	-8176.258	249.6258	0.8835884	1.706909	0.5345164	6.883267
13860	-7933.715	-8182.267	248.5517	0.8765273	1.493692	0.5454172	7.535066
13866	-7929.607	-8178.287	248.6808	0.8336936	1.767005	0.3878969	7.535066
13872	-7930.293	-8179.842	249.5482	0.8639635	1.767005	0.557231	6.895398
13878	-7925.722	-8173.982	248.2601	0.7802054	1.653795	0.5412621	7.685473
13884	-7927.421	-8176.592	249.1705	0.8849465	1.801998	0.4669437	7.154496
13890	-7926.529	-8177.316	250.7872	0.9014219	1.878424	0.524683	6.193858
13896	-7927.401	-8178	250.5992	0.8688999	1.878424	0.5357407	6.304167
13902	-7931.783	-8180.383	248.5999	0.8934094	1.773489	0.4760283	7.457658
13908	-7936.521	-8185.189	248.6677	0.8099639	1.773489	0.4852018	7.457658
13914	-7934.245	-8184.292	250.0474	0.8303483	1.556374	0.4713149	6.79666
13920	-7918.104	-8167.521	249.4167	0.7875182	1.556374	0.4647864	7.165463
13926	-7913.76	-8162.016	248.2561	0.837248	1.574429	0.5258717	7.699589
13932	-7921.621	-8170.28	248.6589	0.7421946	1.811609	0.4822253	7.488329
13938	-7925.324	-8172.651	247.3278	0.6849463	1.645623	0.5992864	8.190124
13944	-7931.16	-8178.51	247.3503	0.7583267	1.447321	0.6317913	8.190124
13950	-7921.564	-8170.157	248.5929	0.7823876	1.684873	0.5150524	7.517299
13956	-7929.655	-8178.241	248.5865	0.8447481	1.394551	0.4938053	7.618092
13962	-7933.674	-8182.15	248.4758	0.8447481	1.695974	0.5130194	7.544411
13968	-7927.617	-8177.694	250.0772	0.8682457	1.553478	0.5484952	6.693175
13974	-7923.41	-8172.095	248.685	0.7849731	1.404054	0.5214599	7.569205
13980	-7930.784	-8179.202	248.4176	0.9218581	1.817718	0.3880205	7.611249
13986	-7920.706	-8169.014	248.3084	0.8325748	1.817718	0.4257382	7.678989
13992	-7913.231	-8160.92	247.6888	0.8249352	1.817718	0.5076563	7.938062
13998	-7924.37	-8174.273	249.9025	0.8731454	1.840663	0.5076563	6.716305
14004	-7920.049	-8170.899	250.8493	0.9116883	1.787703	0.4914054	6.215089
14010	-7926.445	-8176.477	250.0328	0.8562183	1.787703	0.512816	6.668666
14016	-7929.122	-8177.871	248.749	0.7789766	1.589255	0.5343818	7.454104
14022	-7921.313	-8170.038	248.725	0.8029381	1.589255	0.5343818	7.454104
14028	-7921.356	-8171.625	250.2684	0.9255009	1.589255	0.5040639	6.583456
14034	-7924.898	-8174.601	249.703	0.8373638	1.720466	0.5381033	6.858702
14040	-7929.009	-8177.915	248.9055	0.825242	1.720466	0.5462691	7.287416
14046	-7924.745	-8173.771	249.0264	0.8965254	1.720466	0.5462691	7.18421
14052	-7919.845	-8169.922	250.0763	0.8550924	1.720466	0.5380989	6.647532
14058	-7930.112	-8179.209	249.097	0.8893336	1.751633	0.5449037	7.140292
14064	-7934.527	-8183.935	249.4078	0.8243468	1.751633	0.4458746	7.096879
14070	-7933.738	-8183.651	249.913	0.8497154	1.788995	0.5766365	6.682727
14076	-7930.745	-8181.458	250.7131	0.8968878	1.530229	0.494475	6.38941
14082	-7924.125	-8175.29	251.1657	0.9412731	1.384596	0.5110926	6.163967
14088	-7921.306	-8170.119	248.8127	0.8477121	1.378823	0.6196745	7.398254
14094	-7918.716	-8167.986	249.2701	0.763654	1.498411	0.5447447	7.208956
14100	-7920.389	-8169.267	248.8779	0.7753929	1.50343	0.6375084	7.338023
14106	-7913.228	-8162.764	249.5365	0.8394666	1.50343	0.5281737	7.037022
14112	-7926.304	-8175.84	249.5356	0.8535684	1.592678	0.4811989	7.037022
14118	-7931.677	-8180.381	248.7037	0.8072547	1.50932	0.5562512	7.475655
14124	-7936.774	-8184	247.2257	0.7935418	1.50932	0.4851649	8.332955
14130	-7943.729	-8192.208	248.479	0.759956	1.436345	0.5427496	7.661536
14136	-7950.434	-8199.599	249.1647	0.8485848	1.436345	0.5242454	7.262254
14142	-7936.087	-8184.939	248.8518	0.7695301	1.661434	0.5120611	7.396489
14148	-7937.039	-8185.308	248.2686	0.8087294	1.751833	0.4684184	7.694844
14154	-7943.626	-8192.183	248.5569	0.8122032	1.516053	0.5127837	7.585749
14160	-7928.32	-8178.17	249.8501	0.9141476	1.493989	0.4161878	6.935631
14166	-7931.99	-8180.755	248.7648	0.9141476	1.727047	0.4795412	7.371103
14172	-7924.844	-8173.407	248.5631	0.8161123	1.619912	0.6160363	7.456764
14178	-7924.794	-8173.622	248.8283	0.7700722	1.550685	0.5045595	7.456764
14184	-7937.068	-8185.749	248.6809	0.8366613	1.540603	0.4841625	7.522143
14190	-7925.672	-8174.125	248.453	0.8214978	1.908482	0.4841625	7.522143
14196	-7921.515	-8170.244	248.7286	0.8539661	1.910634	0.4474024	7.390564
14202	-7921.38	-8170.603	249.223	0.8545097	1.910634	0.5281393	7.051644
14208	-7936.427	-8186.386	249.9599	0.9256003	1.896774	0.5435374	6.607214
14214	-7923.193	-8171.384	248.1911	0.8157195	1.896774	0.5984036	7.57345
14220	-7937.255	-8185.206	247.9509	0.8404282	1.579527	0.6479943	7.762481
14226	-7935.426	-8185.829	250.4037	1.045082	1.699935	0.5092228	6.399775
14232	-7932.45	-8179.913	247.4631	0.7754569	1.65568	0.5721487	8.087549
14238	-7925.014	-8172.063	247.0491	0.7853302	1.411697	0.5631591	8.403742
14244	-7936.721	-8186.964	250.2424	0.8787029	1.667924	0.5293871	6.57134
14250	-7929.898	-8178.01	248.1119	0.7626438	1.451608	0.6773714	7.746593
14256	-7942.529	-8191.487	248.9582	0.8401366	1.295007	0.6773714	7.31777
14262	-7927.711	-8175.924	248.2131	0.7920489	1.295007	0.6201096	7.784713
14268	-7937.656	-8187.089	249.4333	0.8236076	1.295007	0.520626	7.19444
14274	-7936.729	-8184.819	248.09	0.8133322	1.673373	0.520626	7.769136
14280	-7919.401	-8167.254	247.8528	0.7317432	1.641096	0.610293	7.878372
14286	-7929.68	-8177.578	247.8984	0.6939993	1.641096	0.604872	7.878372
14292	-7923.327	-8171.736	248.4089	0.7473251	1.673353	0.6512259	7.530277
14298	-7918.418	-8168.612	250.1932	0.9432767	1.869665	0.5937272	6.43926
14304	-7922.28	-8172.414	250.1342	0.9706064	1.910146	0.5866886	6.448577
14310	-7917.428	-8167.954	250.5256	0.8890892	1.910146	0.5443514	6.315285
14316	-7921.493	-8170.332	248.839	0.7537086	1.544505	0.5169144	7.451378
14322	-7923.296	-8173.637	250.3417	0.9362379	1.566247	0.4345991	6.611744
14328	-7905.334	-8154.624	249.29	0.8129384	1.566247	0.4970223	7.186668
14334	-7912.044	-8160.267	248.2234	0.6937856	1.924536	0.4934905	7.69978
14340	-7914.865	-8163.808	248.9427	0.7867884	1.675798	0.4853354	7.357058
14346	-7913.533	-8163.692	250.1596	0.8435198	1.588494	0.5362375	6.658935
14352	-7912.425	-8161.182	248.757	0.8796973	1.588494	0.5362375	7.394518
14358	-7914.369	-8163.869	249.4995	0.8914202	1.734371	0.5832484	6.897172
14364	-7910.021	-8159.4	249.3791	0.9244221	1.734371	0.5529737	6.968919
14370	-7919.756	-8170.223	250.4668	0.8502488	1.509373	0.6222078	6.450214
14376	-7938.239	-8187.558	249.3193	0.8070006	1.842554	0.4735763	7.09652
14382	-7932.844	-8181.267	248.4229	0.8343826	1.844352	0.4856197	7.55123
14388	-7936.955	-8185.136	248.1814	0.7845679	1.671794	0.4856197	7.76704
14394	-7920.466	-8168.86	248.3939	0.8001459	1.622942	0.5982872	7.568535
14400	-7913.899	-8163.342	249.442	0.8253963	1.87403	0.5317545	6.958365
14406	-7920.136	-8169.134	248.9985	0.8583802	1.585066	0.5707756	7.249115
14412	-7928.11	-8175.716	247.6059	0.8490322	1.370713	0.475492	8.165724
14418	-7929.394	-8177.63	248.2363	0.8458325	1.639056	0.5197011	7.686807
14424	-7922.142	-8170.701	248.5586	0.8457683	1.859908	0.600915	7.370622
14430	-7929.425	-8178.151	248.7261	0.7735968	1.443908	0.5470721	7.515321
14436	-7922.165	-8172.033	249.8683	0.8371607	1.62787	0.5095559	6.82795
14442	-7931.929	-8181.611	249.6823	0.9606778	1.701809	0.5898108	6.767575
14448	-7925.748	-8175.002	249.2545	0.9174111	1.427842	0.618919	7.103815
14454	-7929.089	-8178.313	249.2246	0.8996386	1.796676	0.483802	7.103815
14460	-7922.998	-8171.538	248.54	0.8551747	1.796676	0.471171	7.50672
14466	-7927.725	-8177.426	249.7007	0.8914455	1.796676	0.4532655	6.880297
14472	-7919.251	-8167.898	248.647	0.7962472	1.675957	0.5814444	7.428921
14478	-7927.925	-8176.596	248.6711	0.8441637	1.663738	0.5396836	7.428921
14484	-7922.223	-8170.241	248.0179	0.7844236	1.663738	0.5276896	7.820518
14490	-7922.491	-8171.521	249.0299	0.826454	1.923988	0.5639565	7.136272
14496	-7922.242	-8170.21	247.9679	0.8316577	1.816006	0.5278398	7.768611
14502	-7938.931	-8186.425	247.4944	0.7881309	1.824515	0.5538045	8.020068
14508	-7929.291	-8178.248	248.9571	0.7972816	1.400183	0.5843166	7.366464
14514	-7925.082	-8173.433	248.3511	0.7921611	1.725758	0.5843166	7.569553
14520	-7924.004	-8173.592	249.5878	0.887759	1.748259	0.625562	6.813645
14526	-7932.254	-8182.401	250.147	0.8203972	2.014121	0.5091421	6.55465
14532	-7931.986	-8181.273	249.2873	0.9340085	1.70373	0.5018135	7.068001
14538	-7932.796	-8182.525	249.7297	0.8822166	1.879204	0.5018135	6.797014
14544	-7926.066	-8176.352	250.2857	0.8358247	1.879204	0.5148977	6.509893
14550	-7934.594	-8184.072	249.4783	0.8377507	1.879204	0.5148977	6.944976
14556	-7916.684	-8165.457	248.7723	0.8473282	1.881323	0.5828804	7.262216
14562	-7914.91	-8164.301	249.3912	0.8615216	1.639849	0.5828804	7.006096
14568	-7917.713	-8168.902	251.1885	0.9009923	1.666499	0.5376709	6.038835
14574	-7923.791	-8174.306	250.5147	0.8934429	1.666499	0.5260011	6.419315
14580	-7920.571	-8169.994	249.4239	0.8515867	1.666499	0.5262484	7.030936
14586	-7919.494	-8168.952	249.4583	0.7416055	1.666499	0.5532529	7.048869
14592	-7934.48	-8184.31	249.8307	0.8651475	1.666499	0.5532529	6.781563
14598	-7934.714	-8183.184	248.4707	0.8100219	1.669199	0.5532529	7.541305
14604	-7935.619	-8184.117	248.4978	0.9125987	1.669199	0.4734062	7.541305
14610	-7942.361	-8190.253	247.8919	0.8310333	1.669199	0.532739	7.856697
14616	-7954.456	-8203.022	248.5663	0.8114357	1.669199	0.5467654	7.494701
14622	-7944.086	-8191.828	247.7413	0.7951221	1.669199	0.5653696	7.929285
14628	-7947.429	-8196.038	248.6088	0.7539259	1.723546	0.5301258	7.497318
14634	-7933.973	-8181.454	247.4806	0.7830517	1.681613	0.576774	8.061108
14640	-7928.641	-8178.317	249.6766	0.9155587	1.480243	0.4894687	6.963843
14646	-7931.831	-8178.947	247.116	0.8174704	1.480243	0.4894687	8.386103
14652	-7944.783	-8192.433	247.6494	0.813905	1.748969	0.5747824	7.932451
14658	-7922.648	-8172.188	249.5402	0.8838935	1.748969	0.5299506	6.918217
14664	-7924.394	-8173.3	248.9063	0.8561354	1.748969	0.482732	7.315705
14670	-7924.456	-8174.68	250.2231	0.920194	1.710189	0.51366	6.557708
14676	-7936.588	-8186.56	249.9719	0.9045733	1.611973	0.4403962	6.805603
14682	-7933.343	-8182.079	248.7366	0.8022645	1.905406	0.5103005	7.358213
14688	-7939.002	-8187.865	248.8634	0.8022645	1.62371	0.6312449	7.290175
14694	-7934.103	-8182.162	248.0589	0.820038	1.660973	0.4902069	7.813327
14700	-7941.251	-8189.32	248.0689	0.8553701	1.580916	0.5591806	7.759713
14706	-7934.197	-8183.63	249.4327	0.8553198	1.573195	0.5225236	7.062147
14712	-7933.856	-8183.172	249.3162	0.8538379	1.704153	0.540314	7.062147
14718	-7938.161	-8187.298	249.1376	0.7572346	1.585352	0.5091705	7.280459
14724	-7930.262	-8178.216	247.9544	0.8397975	1.693713	0.5191242	7.821394
14730	-7938.352	-8186.357	248.0048	0.7123625	1.77068	0.5191242	7.835577
14736	-7929.081	-8177.132	248.0504	0.8110282	1.875419	0.4375428	7.797637
14742	-7921.75	-8170.175	248.4255	0.8338184	1.875419	0.5240795	7.505963
14748	-7920.525	-8170.704	250.1789	0.8593846	1.875419	0.4779629	6.58949
14754	-7926.975	-8176.289	249.3139	0.8628084	1.822766	0.4561341	7.092361
14760	-7933.106	-8182.683	249.5772	0.8492609	1.822766	0.4978595	6.919528
14766	-7935.139	-8184.458	249.3191	0.7999831	1.598166	0.4978595	7.165162
14772	-7925.866	-8175.382	249.5161	0.8451619	1.741933	0.4893207	6.990277
14778	-7917.903	-8166.71	248.8064	0.7882538	1.57699	0.4893207	7.462249
14784	-7917.722	-8166.317	248.5951	0.8587939	1.69468	0.526011	7.462249
14790	-7924.905	-8174.634	249.7292	0.8202151	1.743987	0.6076779	6.78901
14796	-7924.262	-8172.88	248.6185	0.8792008	1.451371	0.6076779	7.464836
14802	-7931.996	-8180.761	248.7653	0.8928718	1.451371	0.5372021	7.43567
14808	-7927.428	-8175.513	248.0859	0.8020667	1.664505	0.5384685	7.765363
14814	-7938.923	-8187.196	248.2733	0.8636189	1.770162	0.466368	7.658495
14820	-7930.875	-8179.175	248.2993	0.7849361	1.770162	0.466368	7.686681
14826	-7927.942	-8176.576	248.6342	0.8530105	1.784104	0.4322078	7.498767
14832	-7936.983	-8185.432	248.4488	0.898346	1.877691	0.4322078	7.542249
14838	-7927.439	-8177.823	250.3841	0.8755063	1.84057	0.4322078	6.525151
14844	-7935.235	-8184.363	249.1283	0.7808323	1.73747	0.49391	7.230886
14850	-7933.419	-8181.658	248.2385	0.7675618	1.638806	0.5220966	7.725503
14856	-7927.971	-8176.153	248.182	0.7566718	1.790336	0.5677541	7.669892
14862	-7927.673	-8176.772	249.0984	0.890285	1.776144	0.5249709	7.147395
14868	-7926.808	-8176.099	249.2907	0.8337712	1.666359	0.4649426	7.16711
14874	-7911.682	-8160.882	249.2002	0.8217762	1.761159	0.4882144	7.16711
14880	-7915.651	-8164.706	249.0556	0.8830439	1.761159	0.5395253	7.16711
14886	-7922.13	-8170.8	248.67	0.9536464	1.936399	0.4707275	7.338258
14892	-7919.067	-8167.577	248.5105	0.8370882	1.936399	0.569067	7.401324
14898	-7921.295	-8169.857	248.5617	0.8668703	1.936399	0.4582807	7.454446
14904	-7926.194	-8174.87	248.676	0.8545197	1.737635	0.4714008	7.454446
14910	-7921.936	-8170.554	248.6172	0.8054258	1.681651	0.5014592	7.505013
14916	-7928.312	-8177.758	249.4461	0.888741	1.681651	0.5849482	6.944896
14922	-7932.915	-8182.084	249.1689	0.8466635	1.681651	0.5216137	7.16926
14928	-7919.496	-8169.387	249.8904	0.8549658	1.681651	0.6069442	6.706108
14934	-7913.925	-8162.73	248.8044	0.7579383	1.831768	0.657485	7.252633
14940	-7934.095	-8183.491	249.3966	0.8399392	1.835359	0.657485	6.888639
14946	-7929.693	-8179.52	249.8267	0.8363556	1.662286	0.7185746	6.675876
14952	-7933.294	-8182.331	249.0367	0.8535953	1.654708	0.6661514	7.132273
14958	-7922.91	-8171.483	248.5729	0.8030719	1.654708	0.5039663	7.537557
14964	-7929.168	-8176.293	247.1259	0.728011	1.866996	0.4814881	8.296416
14970	-7932.999	-8182.895	249.8965	0.9560698	1.687605	0.435572	6.795381
14976	-7922.123	-8171.359	249.2362	0.901811	1.737248	0.5514496	7.058291
14982	-7933.416	-8183.071	249.6551	0.8730538	1.737248	0.569269	6.833438
14988	-7932.345	-8181.573	249.2276	0.8536198	1.476524	0.5868553	7.157857
14994	-7939.583	-8188.252	248.6687	0.8305492	1.926006	0.6144276	7.287545
15000	-7927.131	-8175.393	248.262	0.7612076	1.61229	0.4898815	7.75436
15006	-7930.063	-8178.969	248.9061	0.8463485	1.464037	0.5134686	7.400313
15012	-7934.62	-8184.902	250.2826	0.9144564	1.523465	0.5264587	6.587507
15018	-7938.433	-8187.764	249.3315	0.7847738	1.695318	0.6070351	7.040315
15024	-7941.244	-8189.286	248.042	0.7975939	1.850388	0.6063595	7.672085
15030	-7937.591	-8187.047	249.4566	0.8526018	1.521616	0.5915779	7.013631
15036	-7943.283	-8193.614	250.3308	0.893016	1.542924	0.5121893	6.577854
15042	-7959.739	-8209.348	249.6094	0.8798458	1.746579	0.4644416	6.942621
15048	-7956.302	-8203.691	247.3885	0.8866851	1.968114	0.489437	8.032276
15054	-7931.09	-8181.298	250.208	0.9472529	1.725612	0.4987178	6.55897
15060	-7939.564	-8189.714	250.1505	0.893717	2.148889	0.4716481	6.505592
15066	-7936.52	-8186.119	249.5989	0.8211956	1.77092	0.506024	6.933498
15072	-7933.556	-8183.788	250.2317	0.9406085	1.858926	0.5842871	6.430996
15078	-7937.981	-8187.057	249.0759	0.9922137	1.858926	0.3981403	7.196131
15084	-7929.178	-8178.714	249.5361	0.9282211	1.858926	0.4445021	6.936501
15090	-7925.181	-8174.986	249.8058	0.846044	1.858926	0.5698549	6.724307
15096	-7939.283	-8188.011	248.728	0.8565362	1.853008	0.5839879	7.289569
15102	-7926.33	-8175.03	248.7003	0.9156099	1.852857	0.6204139	7.244432
15108	-7926.89	-8176.17	249.2802	0.9049058	1.998984	0.5071272	6.983578
15114	-7932.81	-8182.131	249.3219	0.8601174	1.76049	0.5071272	7.064364
15120	-7925.803	-8174.769	248.9659	0.8085429	1.434508	0.456521	7.452082
15126	-7921.031	-8169.783	248.752	0.8514415	1.510983	0.456521	7.513175
15132	-7925.828	-8174.312	248.4846	0.8290891	1.85979	0.456521	7.542762
15138	-7920.028	-8168.868	248.8395	0.8017951	1.85979	0.5831547	7.257499
15144	-7914.863	-8163.187	248.3244	0.8112591	1.805166	0.5719432	7.556017
15150	-7925.71	-8174.799	249.0899	0.8547225	1.843917	0.4895428	7.179164
15156	-7923.043	-8172.573	249.5308	0.8243215	1.843917	0.5667781	6.891989
15162	-7917.747	-8166.732	248.9859	0.845656	1.753084	0.5667781	7.204928
15168	-7924.91	-8173.378	248.4682	0.8047399	1.495	0.5667781	7.600166
15174	-7928.891	-8177.401	248.5098	0.7969446	1.974038	0.5178291	7.453975
15180	-7921.513	-8170.808	249.2946	0.7969446	1.864488	0.5410007	7.048433
15186	-7923.73	-8173.193	249.463	0.8707647	1.69745	0.6187865	6.913333
15192	-7923.445	-8172.806	249.3612	0.7855002	1.69745	0.5542643	7.065436
15198	-7935.965	-8186.505	250.5406	0.8829341	1.636755	0.5712403	6.383956
15204	-7944.662	-8194.387	249.7254	0.7954134	2.026745	0.5547817	6.753044
15210	-7934.071	-8183.808	249.7376	0.8143587	2.017633	0.4875186	6.797456
15216	-7930.489	-8179.889	249.4	0.8676558	2.144428	0.4875186	6.911882
15222	-7937.96	-8186.957	248.9978	0.899412	2.144428	0.6490534	6.979451
15228	-7926.586	-8176.508	249.9218	0.9123401	2.144428	0.4692291	6.622914
15234	-7919.851	-8168.895	249.0435	0.8928843	1.863337	0.5015026	7.166356
15240	-7932.739	-8182.256	249.5177	0.8321898	1.785124	0.5015026	6.970423
15246	-7930.622	-8180.268	249.6455	0.9370198	1.831476	0.5015026	6.829179
15252	-7942.714	-8193.495	250.7806	0.852748	1.931261	0.4968453	6.231052
15258	-7932.378	-8181.842	249.464	0.888099	1.931261	0.5764392	6.856868
15264	-7935.835	-8185.213	249.3781	0.9406046	1.931261	0.6263417	6.835796
15270	-7935.989	-8185.489	249.4999	0.8101264	1.931261	0.6263417	6.840455
15276	-7938.733	-8188.074	249.3408	0.8924184	2.125744	0.6011101	6.840455
15282	-7936.657	-8185.483	248.8258	0.8947782	2.062659	0.4554498	7.260725
15288	-7934.316	-8183.259	248.9428	0.8384761	2.062659	0.4295579	7.253176
15294	-7915.041	-8163.75	248.709	0.8106358	1.749052	0.5202509	7.412717
15300	-7945.262	-8193.592	248.3302	0.7853485	1.749052	0.5202509	7.629153
15306	-7949.626	-8199.05	249.424	0.7982338	1.591859	0.5202509	7.092417
15312	-7937.721	-8186.309	248.5877	0.7975039	1.386804	0.56506	7.585343
15318	-7938.704	-8188.112	249.4088	0.8550663	1.535605	0.5144931	7.096554
15324	-7933.092	-8184.006	250.9138	0.8505759	1.669687	0.5144931	6.234758
15330	-7933.087	-8182.429	249.3421	0.8737685	1.733862	0.5628826	7.008161
15336	-7929.801	-8178.707	248.9066	0.8909246	1.733862	0.5058276	7.281483
15342	-7931.575	-8180.488	248.9129	0.789858	1.750999	0.5911708	7.255299
15348	-7921.242	-8169.964	248.7219	0.7920339	1.783195	0.5555106	7.374189
15354	-7946.427	-8195.907	249.4805	0.9303452	2.057257	0.5604279	6.798244
15360	-7960.88	-8211.172	250.292	0.96145	1.41609	0.4394465	6.68018
15366	-7957.312	-8204.695	247.3832	0.7823067	1.41609	0.5659293	8.2236
15372	-7936.684	-8185.739	249.0555	0.8281795	1.828804	0.5033901	7.204645
15378	-7931.256	-8179.336	248.0798	0.7592722	1.634924	0.6169454	7.739625
15384	-7941.223	-8189.598	248.376	0.8121046	1.552112	0.4920157	7.686989
15390	-7938.857	-8187.981	249.1237	0.8307132	1.486924	0.5300831	7.268532
15396	-7929.435	-8179.664	250.2286	0.8028817	1.699148	0.6081661	6.544058
15402	-7921.364	-8169.529	248.1647	0.7796015	1.699148	0.5682083	7.698358
15408	-7925.16	-8174.447	249.2869	0.8656982	1.8388	0.4092163	7.146052
15414	-7943.429	-8192.06	248.6316	0.7993736	1.8388	0.4050138	7.537542
15420	-7939.763	-8188.231	248.4671	0.7622443	1.620758	0.5616853	7.579607
15426	-7940.575	-8189.251	248.6758	0.8197832	1.637913	0.5616853	7.430685
15432	-7935.015	-8183.919	248.9039	0.850178	1.637913	0.5616853	7.292016
15438	-7938.626	-8187.366	248.7407	0.8039913	1.637913	0.5518149	7.41246
15444	-7932.799	-8182.804	250.0055	0.8782963	1.637913	0.5531526	6.690639
15450	-7929.164	-8178.021	248.8569	0.8037607	1.637913	0.5766729	7.329964
15456	-7926.975	-8175.493	248.5183	0.8425589	1.739673	0.533057	7.490119
15462	-7931.857	-8182.174	250.3176	0.8462585	1.659484	0.607618	6.487243
15468	-7933.761	-8182.577	248.8159	0.8282674	1.582086	0.607618	7.335263
15474	-7931.421	-8180.472	249.0515	0.8456497	1.596057	0.5463182	7.243428
15480	-7930.235	-8178.74	248.5051	0.814906	1.651062	0.5463182	7.532561
15486	-7935.692	-8186.228	250.5365	0.8443887	1.651062	0.5463182	6.422418
15492	-7930.903	-8180.317	249.4145	0.9725338	1.760625	0.5459356	6.920608
15498	-7933.598	-8183.342	249.744	0.886188	1.424967	0.5412275	6.920608
15504	-7944.486	-8192.892	248.4061	0.7066703	1.543693	0.6747372	7.584817
15510	-7933.894	-8183.093	249.1995	0.7853828	1.547245	0.6326785	7.146477
15516	-7933.618	-8182.062	248.4439	0.8832367	1.521441	0.541195	7.581884
15522	-7931.896	-8180.98	249.0831	0.7864771	1.58646	0.5173189	7.286538
15528	-7928.552	-8178.95	250.3981	0.9489316	1.737354	0.5011756	6.448725
15534	-7942.561	-8191.146	248.5856	0.8291649	1.742135	0.5011756	7.488012
15540	-7927.309	-8176.888	249.5785	0.8732803	1.742135	0.4934714	6.937694
15546	-7930.988	-8179.641	248.6531	0.859723	1.626783	0.4934714	7.483793
15552	-7938.492	-8187.736	249.2436	0.8849066	1.720922	0.5151381	7.100079
15558	-7930.067	-8179.953	249.886	0.879795	1.719393	0.4903246	6.779224
15564	-7923.888	-8173.995	250.1074	0.8832377	1.568467	0.4984861	6.706246
15570	-7927.92	-8178.308	250.3873	0.9502128	1.674993	0.5805962	6.408887
15576	-7926.425	-8174.274	247.8484	0.8543483	1.614603	0.4819711	7.931763
15582	-7930.635	-8181.337	250.7026	0.8810053	1.614603	0.5952847	6.285968
15588	-7921.923	-8172.616	250.6927	0.9561611	1.87341	0.4495918	6.285968
15594	-7925.453	-8175.1	249.6479	0.9300465	1.731232	0.5027506	6.865261
15600	-7923.351	-8171.331	247.9798	0.8694662	1.731232	0.5508428	7.751967
15606	-7933.346	-8182.296	248.9497	0.8323936	1.731232	0.6361427	7.185038
15612	-7937.4	-8187.019	249.619	0.9647869	1.859822	0.6361427	6.708873
15618	-7942.688	-8191.048	248.3593	0.870352	1.672006	0.4702157	7.639987
15624	-7931.277	-8180.726	249.4492	0.8380646	1.580613	0.4696475	7.107041
15630	-7939.86	-8187.689	247.8294	0.7230923	1.466334	0.5768208	7.988357
15636	-7927.793	-8176.944	249.1508	0.9058741	1.554482	0.4712913	7.239455
15642	-7925.175	-8174.358	249.1835	0.8721918	1.845812	0.3967654	7.208605
15648	-7928.392	-8178.01	249.6175	0.8636529	1.845812	0.3967654	6.979737
15654	-7933.755	-8182.307	248.5516	0.8650678	1.777376	0.4475766	7.524009
15660	-7930.526	-8178.095	247.5695	0.8107708	1.741472	0.4475766	8.090087
15666	-7941.444	-8189.889	248.4459	0.7913727	1.741472	0.457019	7.623518
15672	-7938.317	-8188.249	249.9316	0.9500667	1.741472	0.457019	6.739726
15678	-7934.574	-8183.863	249.2886	1.010337	1.741472	0.4233074	7.086628
15684	-7925.275	-8173.932	248.6566	0.8073953	1.634369	0.465432	7.532716
15690	-7930.14	-8177.465	247.325	0.787463	1.388289	0.5526287	8.274056
15696	-7922.427	-8170.338	247.9106	0.788594	1.629721	0.5656333	7.856553
15702	-7918.57	-8168.104	249.5343	0.8820037	1.629721	0.5197602	6.974224
15708	-7931.325	-8181.32	249.9946	0.9677568	1.857172	0.5002989	6.616393
15714	-7922.267	-8172.511	250.244	0.9276667	1.746965	0.5806002	6.472945
15720	-7929.655	-8180.264	250.6094	0.9612567	1.746965	0.529624	6.298956
15726	-7926.597	-8176.482	249.885	0.8620369	1.588225	0.5558705	6.780862
15732	-7923.836	-8173.601	249.7649	0.8786301	1.600815	0.5243995	6.858546
15738	-7924.719	-8174.848	250.1284	0.8837471	1.849876	0.5243995	6.570712
15744	-7929.81	-8178.512	248.7016	0.807068	1.562524	0.5408152	7.469135
15750	-7921.505	-8170.356	248.8508	0.7138621	1.562524	0.5591236	7.423957
15756	-7924.205	-8171.51	247.3055	0.8056864	1.53329	0.6356495	8.152087
15762	-7925.187	-8172.251	247.0636	0.8046602	1.519845	0.6356495	8.286621
15768	-7924.097	-8171.388	247.291	0.7458007	1.519845	0.5227771	8.286621
15774	-7913.001	-8162.412	249.411	0.8087446	1.519845	0.5444176	7.100874
15780	-7917.049	-8166.761	249.7123	0.8456664	1.540472	0.5364136	6.917489
15786	-7912.977	-8161.578	248.6011	0.795865	1.758971	0.5055367	7.487781
15792	-7926.434	-8174.528	248.0934	0.8347456	1.758971	0.5728308	7.682228
15798	-7928.005	-8177.613	249.6075	0.8480462	1.506511	0.4527797	7.061014
15804	-7928.889	-8179.11	250.2212	0.8812682	1.506511	0.5661884	6.61196
15810	-7922.646	-8172.369	249.7231	0.8753694	1.666212	0.4481838	6.927973
15816	-7920.424	-8169.643	249.2197	0.904366	1.666212	0.5413732	7.099673
15822	-7924.923	-8174.171	249.2472	0.8908646	1.668373	0.4772216	7.147689
15828	-7925.191	-8173.887	248.6964	0.8215281	1.944791	0.545382	7.326688
15834	-7925.17	-8174.813	249.6434	0.9212762	1.696984	0.4552535	6.928292
15840	-7936.64	-8185.22	248.5793	0.9458457	2.023773	0.4329427	7.399322
15846	-7927.348	-8176.598	249.2502	0.9429945	1.915677	0.4959273	7.015913
15852	-7929.496	-8178.173	248.6761	0.8633862	1.664625	0.6665243	7.316822
15858	-7937.244	-8185.85	248.6069	0.8267862	1.826734	0.6665243	7.316822
15864	-7925.893	-8173.747	247.8535	0.8244571	1.826734	0.5405793	7.819224
15870	-7929.165	-8176.968	247.8025	0.7312094	1.529281	0.5290671	8.012947
15876	-7934.051	-8182.144	248.0933	0.7787969	1.459835	0.6318337	7.777842
15882	-7929.519	-8178.959	249.4402	0.8057137	1.51615	0.6022837	7.041444
15888	-7926.303	-8176.214	249.9111	0.8186439	1.51615	0.4891948	6.875735
15894	-7924.169	-8173.146	248.9777	0.8713476	1.781074	0.4891948	7.252178
15900	-7918.876	-8168.174	249.2979	0.8554745	1.572392	0.4891948	7.164259
15906	-7936.001	-8185.917	249.9167	0.8708112	1.685043	0.5935376	6.692614
15912	-7957.388	-8207.35	249.9619	0.8702549	1.715703	0.5722464	6.674541
15918	-7944.79	-8193.09	248.3	0.82913	1.803919	0.6127541	7.527853
15924	-7937.471	-8186.013	248.5419	0.7481528	1.696381	0.5516062	7.527853
15930	-7941.961	-8190.331	248.3693	0.8026169	1.760117	0.5608749	7.561063
15936	-7936.219	-8185.037	248.8182	0.7823413	1.560839	0.577671	7.390349
15942	-7932.397	-8180.498	248.1014	0.8168897	1.560839	0.5266215	7.79768
15948	-7949.678	-8197.574	247.8958	0.7969633	1.624014	0.5623359	7.864742
15954	-7943.146	-8190.936	247.7895	0.8147866	1.705013	0.5623359	7.882699
15960	-7954.948	-8205.908	250.9599	0.9945766	1.764469	0.4126182	6.194064
15966	-7937.668	-8187.115	249.4461	0.827945	1.764469	0.5194828	7.002653
15972	-7962.306	-8210.553	248.2478	0.8409372	1.657085	0.5567855	7.645558
15978	-7935.81	-8185.265	249.4545	0.8142994	1.503783	0.5249513	7.097301
15984	-7941.679	-8190.941	249.2616	0.8644985	1.652403	0.593056	7.061558
15990	-7941.111	-8190.74	249.6283	0.8391709	1.477118	0.5431472	6.985463
15996	-7922.61	-8172.235	249.6259	0.8412262	1.581671	0.5286243	6.957264
16002	-7908.741	-8157.762	249.0219	0.7876363	1.756955	0.4498538	7.318289
16008	-7912.572	-8161.452	248.8804	0.7891026	1.620358	0.5221279	7.377046
16014	-7916.554	-8165.447	248.894	0.8434088	1.620358	0.4809953	7.377046
16020	-7923.402	-8172.327	248.9249	0.8057781	1.620358	0.4809953	7.380641
16026	-7916.383	-8165.131	248.7475	0.7306298	1.620358	0.5121142	7.488321
16032	-7923.263	-8170.008	246.7443	0.6951049	1.482292	0.5121142	8.627893
16038	-7915.347	-8164.849	249.5019	0.8367335	1.720934	0.4887537	7.010391
16044	-7913.806	-8163.404	249.598	0.8672004	1.802767	0.5940607	6.824688
16050	-7932.245	-8182.353	250.1079	0.9065626	1.627369	0.492684	6.676328
16056	-7921.81	-8172.129	250.3192	0.8724882	1.627369	0.4879995	6.584745
16062	-7922.1	-8170.866	248.7656	0.8570033	1.656544	0.5488488	7.366272
16068	-7916.277	-8165.574	249.2967	0.8240843	1.773928	0.4550225	7.140281
16074	-7926.4	-8175.463	249.0632	0.746277	1.631651	0.5622439	7.264079
16080	-7924.345	-8174.878	250.5329	0.8686909	1.57807	0.503962	6.475341
16086	-7933.422	-8182.53	249.1079	0.8392229	1.420328	0.6155135	7.230316
16092	-7926.256	-8175.632	249.3768	0.8645547	1.445873	0.6427636	7.041077
16098	-7929.851	-8180.608	250.7575	0.8882127	1.564812	0.5315687	6.323839
16104	-7928.74	-8179.394	250.6542	0.9071316	1.687194	0.5315687	6.323839
16110	-7940.29	-8191.013	250.7229	0.8764126	1.687194	0.6688404	6.194485
16116	-7935.227	-8184.719	249.492	0.8307819	1.679879	0.5328324	6.994968
16122	-7934.744	-8184.222	249.4781	0.8307819	1.679879	0.5328324	7.002481
16128	-7936.164	-8185.785	249.6207	0.8087331	1.440656	0.5421884	7.021487
16134	-7937.749	-8186.654	248.9043	0.7521025	1.739175	0.5266398	7.337318
16140	-7937.037	-8185.987	248.9496	0.8843835	1.751964	0.533535	7.231638
16146	-7926.86	-8176.637	249.7771	0.8528695	1.510893	0.5533267	6.876015
16152	-7925.271	-8174.238	248.9663	0.8001178	1.568955	0.5533267	7.318027
16158	-7933.325	-8181.205	247.88	0.7782075	1.686414	0.4767277	7.934168
16164	-7924.553	-8173.967	249.4135	0.8811581	1.517996	0.4767277	7.120627
16170	-7939.757	-8189.009	249.2515	0.8335163	1.517996	0.6108627	7.120627
16176	-7929.61	-8179.863	250.2531	0.9044807	1.562987	0.5264994	6.593451
16182	-7931.107	-8181.335	250.2282	0.9297388	1.51272	0.5847245	6.564474
16188	-7937.218	-8187.642	250.4249	0.8538312	1.346959	0.5885137	6.564474
16194	-7923.541	-8172.649	249.1079	0.864073	1.651951	0.5369674	7.190379
16200	-7919.441	-8169.247	249.8063	0.8881906	1.881831	0.5787371	6.686422
16206	-7919	-8167.865	248.8646	0.9157174	1.684807	0.5232248	7.293095
16212	-7930.085	-8177.609	247.5241	0.8647975	1.684807	0.4174401	8.134878
16218	-7934.583	-8183.182	248.5993	0.8310724	1.684807	0.4506011	7.546328
16224	-7951.273	-8199.723	248.4506	0.8082753	1.684807	0.5636187	7.538886
16230	-7930.677	-8178.695	248.0176	0.792615	1.57652	0.5719547	7.811969
16236	-7933.576	-8182.256	248.6805	0.8150358	1.629813	0.5631715	7.432429
16242	-7930.566	-8180.948	250.3817	0.8695492	1.456578	0.5708312	6.547714
16248	-7937.379	-8188.251	250.8716	0.947463	1.667498	0.5314021	6.191103
16254	-7924.742	-8173.151	248.4089	0.8396716	1.659847	0.5032568	7.604509
16260	-7934.666	-8184.099	249.4323	0.8363815	1.866042	0.5003465	6.987706
16266	-7936.62	-8185.476	248.8561	0.8231925	1.691003	0.4957543	7.369132
16272	-7938.787	-8188.78	249.9935	0.9720381	1.727949	0.5276567	6.635337
16278	-7927.999	-8178.25	250.2516	0.8689564	1.727949	0.5139	6.563464
16284	-7947.227	-8197.413	250.1858	0.9346898	1.727949	0.5139	6.563464
16290	-7944.913	-8194.293	249.3801	0.8143967	1.985803	0.5178944	6.973246
16296	-7942.394	-8190.184	247.7898	0.7393378	1.565716	0.5416197	7.990902
16302	-7931.606	-8178.839	247.2328	0.7864337	1.565716	0.4674073	8.327535
16308	-7933.139	-8180.139	247.0001	0.8217605	1.538919	0.6044753	8.327535
16314	-7930.684	-8180.264	249.5807	0.9500223	1.538919	0.5057615	6.959263
16320	-7920.497	-8169.387	248.89	0.8446801	1.538919	0.5288112	7.367166
16326	-7914.71	-8162.89	248.1796	0.873892	1.615331	0.5550195	7.681151
16332	-7918.104	-8166.233	248.1291	0.851718	1.615331	0.5465904	7.726974
16338	-7916.92	-8166.39	249.4695	0.9246798	1.615331	0.5464189	6.96883
16344	-7927.427	-8176.106	248.679	0.7802642	1.801024	0.5167834	7.430094
16350	-7922.373	-8173.019	250.6459	0.9471063	1.497749	0.5167834	6.391595
16356	-7921.862	-8170.972	249.1101	0.8177562	1.571901	0.5043693	7.272044
16362	-7923.356	-8172.309	248.9531	0.8446065	1.805851	0.4883297	7.272044
16368	-7918.451	-8167.29	248.839	0.8035368	1.612859	0.5426261	7.376865
16374	-7919.07	-8167.933	248.8639	0.7658379	1.725719	0.5030713	7.376865
16380	-7923.402	-8172.477	249.0754	0.8071664	1.725719	0.5140297	7.23151
16386	-7925.041	-8174.364	249.3227	0.8388668	1.700471	0.5140297	7.090531
16392	-7932.524	-8180.185	247.6618	0.8871762	1.700471	0.5140297	7.954337
16398	-7935.28	-8185.148	249.8677	0.9322744	1.700471	0.4673612	6.788675
16404	-7926.065	-8175.135	249.0704	0.8430465	1.907759	0.5498156	7.122545
16410	-7927.933	-8176.648	248.7145	0.8150462	1.975735	0.5498156	7.306878
16416	-7921.605	-8171.46	249.8541	0.9010309	1.893538	0.608558	6.626136
16422	-7933.293	-8181.94	248.6468	0.8529386	1.730782	0.4964139	7.450679
16428	-7940.64	-8189.522	248.8819	0.8231	1.678288	0.4964139	7.359334
16434	-7936.366	-8186.734	250.3676	0.9209367	1.906859	0.4964139	6.426675
16440	-7929.711	-8178.416	248.7053	0.7974837	1.873223	0.5068595	7.39117
16446	-7937.038	-8186.081	249.0428	0.7974837	1.450314	0.4771649	7.39117
16452	-7952.755	-8201.771	249.0166	0.7972127	1.3772	0.4771649	7.435495
16458	-7946.239	-8194.941	248.7024	0.6997869	1.589825	0.578977	7.484623
16464	-7928.886	-8177.604	248.718	0.820484	1.273134	0.6528404	7.484623
16470	-7927.151	-8176.983	249.8327	0.7811348	1.43731	0.5599341	6.90878
16476	-7932.691	-8182.572	249.8808	0.817181	1.51648	0.6336466	6.773572
16482	-7932.177	-8181.09	248.9129	0.7286164	1.391311	0.5208751	7.483139
16488	-7931.567	-8181.679	250.1121	0.8874034	1.586756	0.5732058	6.630799
16494	-7932.936	-8182.878	249.9414	0.9018272	1.465031	0.6027329	6.739375
16500	-7929.453	-8179.267	249.8141	0.9626656	1.586398	0.5880503	6.739375
16506	-7925.178	-8174.12	248.9417	0.9182432	1.77974	0.4779664	7.256999
16512	-7927.914	-8177.81	249.8962	0.8556497	1.77974	0.4779664	6.776815
16518	-7926.474	-8175.882	249.4074	0.8768825	1.792452	0.5152652	6.991103
16524	-7916.96	-8165.947	248.9865	0.8331738	1.792452	0.4884309	7.264736
16530	-7912.08	-8161.384	249.3047	0.8207476	1.792452	0.5390957	7.056203
16536	-7940.827	-8189.628	248.8006	0.8004887	1.612929	0.5390957	7.402074
16542	-7928.557	-8177.1	248.5428	0.8770306	1.980778	0.5403897	7.372018
16548	-7921.893	-8170.56	248.6664	0.7742419	1.980778	0.5272174	7.372018
16554	-7914.219	-8164.898	250.6792	0.9473786	1.678488	0.6177631	6.221298
16560	-7920.975	-8169.607	248.6326	0.8352762	1.63553	0.6177631	7.4021
16566	-7925.573	-8174.447	248.8739	0.7887127	1.63553	0.4914099	7.4021
16572	-7916.225	-8165.418	249.1928	0.8305023	1.598699	0.6151803	7.119558
16578	-7925.215	-8175.394	250.1794	0.8971803	1.787133	0.6154941	6.482832
16584	-7918.13	-8168.441	250.3106	0.8651918	1.488136	0.5050184	6.631795
16590	-7926.647	-8175.913	249.2659	0.8344525	1.739444	0.5926208	7.044472
16596	-7929.713	-8178.44	248.7269	0.8246346	1.739444	0.6421326	7.3015
16602	-7946.589	-8195.95	249.3605	0.8544756	1.762891	0.6025119	6.966782
16608	-7940.391	-8190.158	249.7672	0.8641635	2.03945	0.6025119	6.650833
16614	-7943.366	-8192.562	249.1963	0.82927	1.634078	0.6025119	7.114936
16620	-7937.31	-8187.15	249.8395	0.8413951	1.902861	0.5358282	6.722313
16626	-7941.871	-8192.4	250.5292	0.9798908	1.69492	0.5016502	6.37564
16632	-7933.116	-8182.992	249.8762	0.8950962	1.69492	0.4992691	6.777038
16638	-7920.529	-8169.776	249.2463	0.8137753	1.69492	0.4969803	7.162179
16644	-7921.381	-8170.304	248.9233	0.7921583	1.720298	0.4797817	7.353714
16650	-7937.302	-8186.704	249.4022	0.9674145	1.853432	0.4468981	6.987046
16656	-7931.595	-8180.782	249.1879	0.8892639	2.098613	0.5345551	6.987046
16662	-7927.426	-8176.749	249.3224	0.9211649	1.857842	0.5224708	6.984603
16668	-7924.587	-8174.979	250.3919	0.8712649	1.857842	0.5224708	6.433705
16674	-7929.003	-8177.868	248.865	0.898854	1.820555	0.4834918	7.289594
16680	-7923.041	-8170.946	247.9049	0.893666	1.808283	0.4834918	7.810638
16686	-7931.915	-8179.815	247.9003	0.8614264	1.760568	0.4834918	7.846699
16692	-7924.409	-8173.114	248.7054	0.7913635	1.731089	0.4834918	7.463745
16698	-7925.86	-8174.203	248.3431	0.8059555	1.547403	0.5478688	7.661569
16704	-7942.468	-8189.595	247.1271	0.7923363	1.591491	0.581605	8.273579
16710	-7955.912	-8202.108	246.196	0.7137811	1.602527	0.5591284	8.823639
16716	-7950.22	-8197.454	247.2333	0.795783	1.661543	0.5715683	8.197499
16722	-7950.968	-8199.266	248.2984	0.9040348	1.320324	0.5780161	7.700933
16728	-7937.299	-8187.471	250.1721	0.8951445	1.578135	0.4839951	6.674254
16734	-7935.386	-8183.564	248.1784	0.8688984	1.62687	0.4839951	7.741419
16740	-7945.645	-8195.438	249.7936	0.8713284	1.467826	0.421542	6.994221
16746	-7933.027	-8182.749	249.7223	0.8553656	1.575072	0.4650504	6.957122
16752	-7943.646	-8192.363	248.7167	0.800151	1.840959	0.4744301	7.423505
16758	-7935.612	-8184.494	248.8817	0.7856844	1.548192	0.5992201	7.34227
16764	-7938.243	-8186.655	248.412	0.7811677	1.548192	0.4970316	7.681286
16770	-7926.468	-8173.704	247.2362	0.7934946	1.646908	0.5253571	8.240578
16776	-7925.267	-8173.642	248.3748	0.7934946	1.646908	0.5606708	7.603514
16782	-7905.676	-8155.424	249.7477	0.8565309	1.646908	0.5223924	6.864328
16788	-7919.729	-8169.414	249.685	0.8638735	1.776306	0.5036496	6.864328
16794	-7916.803	-8164.398	247.5948	0.8001545	1.778848	0.581997	7.952867
16800	-7902.196	-8150.148	247.9524	0.8076722	1.461973	0.555979	7.896178
16806	-7921.791	-8169.302	247.5104	0.9156241	1.461973	0.555979	8.07437
16812	-7930.899	-8181.599	250.6999	0.8635452	1.461973	0.5277231	6.412518
16818	-7925.599	-8175.422	249.8234	0.9364029	1.850863	0.5277231	6.703959
16824	-7924.926	-8173.916	248.9896	0.871137	1.850863	0.4942643	7.217629
16830	-7930.405	-8180.455	250.0501	0.8137443	1.850863	0.5999748	6.588297
16836	-7930.82	-8179.753	248.9332	0.7752912	1.591473	0.5999748	7.303191
16842	-7931.853	-8181.838	249.9852	0.8445151	1.67716	0.6079098	6.66139
16848	-7928.656	-8177.149	248.4924	0.7788116	1.911502	0.5052005	7.504173
16854	-7934.382	-8181.51	247.1279	0.8002034	1.635278	0.5086187	8.313249
16860	-7940.14	-8188.294	248.1543	0.963351	2.143605	0.3965441	7.617819
16866	-7936.78	-8185.862	249.082	0.8130221	2.143605	0.4685768	7.130166
16872	-7943.485	-8191.986	248.5004	0.77471	1.764923	0.4662564	7.58646
16878	-7936.409	-8184.85	248.4405	0.8360206	1.586566	0.5362091	7.58821
16884	-7927.037	-8177.189	250.1516	0.8450581	1.819329	0.5887245	6.536042
16890	-7933.141	-8181.693	248.5519	0.8604727	1.849763	0.4847515	7.467144
16896	-7939.734	-8188.455	248.7211	0.8151618	1.664761	0.4825721	7.467144
16902	-7927.349	-8177.067	249.7179	0.847194	1.664761	0.4965297	6.901615
16908	-7938.182	-8187.554	249.3718	0.847194	1.612596	0.5141258	7.091691
16914	-7936.269	-8186.464	250.1954	0.9182172	1.7296	0.5910476	6.502179
16920	-7948.637	-8199.495	250.8585	0.9227686	1.591699	0.5910476	6.190587
16926	-7940.654	-8191.068	250.4146	0.9322684	1.591699	0.5910476	6.426506
16932	-7926.477	-8176.871	250.3932	0.8583286	1.721365	0.5367503	6.475104
16938	-7927.701	-8177.909	250.2081	0.8630417	1.977179	0.5367503	6.48628
16944	-7927.788	-8177.875	250.0868	0.8630417	1.672437	0.5328832	6.65934
16950	-7925.451	-8175.69	250.2394	0.8428618	1.638903	0.457599	6.667919
16956	-7935.077	-8184.36	249.2831	0.8757319	1.85827	0.4512622	7.094697
16962	-7945.978	-8193.387	247.4089	0.8059891	1.430865	0.4512622	8.291244
16968	-7939.731	-8189.067	249.3356	0.8059891	1.341167	0.539688	7.220052
16974	-7940.462	-8190.041	249.5787	0.8181269	1.341167	0.5830522	7.047242
16980	-7947.035	-8196.898	249.8624	0.8743385	1.411179	0.543113	6.86726
16986	-7943.939	-8193.303	249.3636	0.8913415	1.589708	0.4301357	7.158808
16992	-7940.418	-8189.472	249.0534	0.8615722	1.589708	0.4909422	7.284196
16998	-7933.746	-8182.919	249.1727	0.7989332	1.589708	0.5787954	7.179276
17004	-7933.209	-8183.477	250.2678	0.8091244	1.589708	0.4988013	6.651257
17010	-7930.88	-8181.305	250.4253	0.9961161	1.535085	0.4037795	6.577351
17016	-7937.634	-8187.353	249.7194	0.8799927	1.887802	0.5155289	6.788787
17022	-7922.692	-8171.53	248.8383	0.8756516	1.558154	0.4621104	7.430484
17028	-7918.805	-8168.54	249.7359	0.812282	1.668392	0.4698472	6.933787
17034	-7921.183	-8169.98	248.797	0.8285927	1.642241	0.4592717	7.449026
17040	-7932.719	-8181.79	249.0713	0.7798213	1.972017	0.5283942	7.153385
17046	-7921.403	-8170.295	248.8918	0.7878302	1.860027	0.5403415	7.271888
17052	-7919.005	-8167.891	248.8863	0.8290201	1.656676	0.5583206	7.308686
17058	-7922.646	-8171.769	249.1236	0.8433648	1.645596	0.5583206	7.177583
17064	-7922.269	-8171.94	249.6711	0.8431924	1.91041	0.5158664	6.826972
17070	-7927.822	-8175.966	248.1436	0.8435469	1.776384	0.5819216	7.637394
17076	-7923.147	-8171.686	248.5386	0.8077737	1.762723	0.478289	7.538013
17082	-7924.242	-8175.108	250.8663	0.8939904	1.864789	0.5651185	6.125197
17088	-7923.361	-8173.06	249.6992	0.8160723	1.79956	0.5568162	6.828886
17094	-7918.644	-8167.274	248.6296	0.7995486	1.79956	0.524438	7.440184
17100	-7921.342	-8171.13	249.7877	0.8070704	1.79956	0.5340496	6.805107
17106	-7925.869	-8175.333	249.4645	0.810822	1.728954	0.5211323	7.013006
17112	-7921.365	-8170.944	249.5786	0.9339062	1.728954	0.5211323	6.885205
17118	-7933.193	-8183.317	250.1241	0.8229281	1.806878	0.5877001	6.56797
17124	-7917.791	-8166.55	248.7588	0.8203311	1.804093	0.4817758	7.395858
17130	-7926.355	-8174.314	247.9592	0.8253141	1.804093	0.4993617	7.805372
17136	-7917.242	-8167.065	249.8228	0.8268715	1.407933	0.5501031	6.909699
17142	-7926.203	-8175.017	248.8143	0.8626911	1.705016	0.5654921	7.305931
17148	-7924.314	-8173.198	248.8845	0.8720998	1.930125	0.4642836	7.274875
17154	-7914.177	-8162.594	248.4171	0.8234327	1.643155	0.4414758	7.671798
17160	-7934.546	-8183.399	248.8539	0.834496	1.778481	0.4513711	7.374355
17166	-7932.027	-8182.329	250.3019	0.9041139	1.807666	0.4656706	6.53312
17172	-7943.129	-8191.611	248.4815	0.8678558	1.747611	0.5453865	7.483167
17178	-7934.148	-8183.703	249.5549	0.8552164	1.747611	0.4629063	6.986335
17184	-7936.978	-8185.913	248.9349	0.7964037	1.747611	0.5726252	7.255967
17190	-7927.034	-8176.81	249.7764	0.8426557	1.959233	0.5242178	6.7473
17196	-7924.575	-8174.167	249.5925	0.8437334	1.610572	0.5622492	6.934797
17202	-7939.265	-8189.426	250.1605	0.8093515	1.927496	0.4611972	6.624944
17208	-7941.65	-8190.869	249.2191	0.7786389	1.971651	0.4611972	7.134858
17214	-7927.117	-8175.93	248.8129	0.7730465	1.703923	0.4538604	7.453053
17220	-7934.653	-8183.186	248.533	0.7793399	2.006581	0.4477659	7.504393
17226	-7917.445	-8167.251	249.8068	0.857103	1.888526	0.4719386	6.793004
17232	-7916.831	-8165.815	248.9839	0.8056076	1.888526	0.503444	7.235203
17238	-7919.272	-8168.662	249.39	0.8672354	1.901839	0.4747509	7.005249
17244	-7929.845	-8178.938	249.0927	0.8601005	1.522853	0.483807	7.295931
17250	-7925.856	-8176.261	250.4053	0.9236905	1.678395	0.5613622	6.427958
17256	-7921.187	-8173.417	252.2294	1.03101	2.054449	0.4808969	5.315187
17262	-7919.703	-8170.593	250.8893	1.033384	1.813734	0.6355545	5.998298
17268	-7921.04	-8172.334	251.2945	0.9507901	1.775804	0.5221483	5.927943
17274	-7917.884	-8166.958	249.0736	0.8017337	1.818395	0.4452348	7.266237
17280	-7923.837	-8171.858	248.0207	0.7707616	1.818395	0.5574013	7.747476
17286	-7925.534	-8173.294	247.7598	0.8121614	2.056203	0.5574013	7.788266
17292	-7929.331	-8178.587	249.2556	0.8095168	2.023958	0.5574013	6.997482
17298	-7926.385	-8175.588	249.2027	0.8311168	1.809976	0.5574013	7.084223
17304	-7931.047	-8180.357	249.3103	0.8347615	1.809976	0.4880275	7.084223
17310	-7933.667	-8182.431	248.7634	0.813557	1.649501	0.4750838	7.457706
17316	-7941.184	-8189.788	248.6037	0.8498501	1.839502	0.4750258	7.457392
17322	-7935.781	-8186.78	250.9985	0.9484905	1.582321	0.4647536	6.213678
17328	-7935.124	-8184.086	248.9619	0.8281621	1.697513	0.5147172	7.290648
17334	-7936.314	-8184.025	247.7112	0.7414511	1.588252	0.4522577	8.102422
17340	-7931.218	-8180.067	248.8487	0.8472081	1.588252	0.4522577	7.438037
17346	-7924.533	-8172.945	248.412	0.7459406	1.588252	0.5465973	7.642367
17352	-7933.89	-8183.185	249.2951	0.8792425	1.78408	0.4907403	7.074943
17358	-7935.746	-8185.895	250.1486	0.9049871	1.78408	0.4907403	6.600593
17364	-7939.222	-8187.4	248.1781	0.7686833	1.699386	0.5861366	7.682603
17370	-7931.912	-8180.983	249.0705	0.7495122	1.75109	0.5861366	7.196268
17376	-7926.428	-8176.792	250.364	0.9538645	1.743334	0.489297	6.473122
17382	-7926.345	-8176.915	250.5701	0.9452279	1.742452	0.489297	6.366332
17388	-7926.548	-8177.654	251.1058	0.9007784	1.999777	0.5473934	5.961392
17394	-7926.722	-8177.893	251.1707	1.011889	1.603426	0.5235305	6.023944
17400	-7925.401	-8175.718	250.3169	0.8384568	1.857067	0.5099839	6.503334
17406	-7916.468	-8166.009	249.5412	0.8548496	1.925207	0.4653542	6.931575
17412	-7915.574	-8165.772	250.1982	0.9184003	1.865766	0.5447726	6.49138
17418	-7910.492	-8160.619	250.1276	0.9184003	1.865766	0.5468247	6.527901
17424	-7928.615	-8178.978	250.3627	0.9333236	1.590215	0.4779033	6.551533
17430	-7909.037	-8157.966	248.9284	0.8720691	1.590215	0.4779033	7.357306
17436	-7904.719	-8153.985	249.2662	0.8720691	1.655774	0.4700905	7.158798
17442	-7913.528	-8162.608	249.0798	0.8234645	1.90773	0.4700905	7.197995
17448	-7911.035	-8160.25	249.2148	0.8526193	1.652597	0.4700905	7.197995
17454	-7930.84	-8177.995	247.1555	0.7441823	1.581079	0.552348	8.311517
17460	-7923.808	-8172.845	249.0376	0.8071957	1.567242	0.5273601	7.298437
17466	-7914.161	-8163.379	249.2183	0.9119373	1.685954	0.469054	7.153083
17472	-7915.891	-8164.739	248.8475	0.8290512	1.635095	0.513113	7.375606
17478	-7911.925	-8162.341	250.4156	0.8571479	1.737185	0.4973797	6.492435
17484	-7929.208	-8178.804	249.5967	0.8902928	1.737185	0.4973797	6.916977
17490	-7930.012	-8179.115	249.1037	0.845269	1.706887	0.483716	7.229505
17496	-7936.399	-8184.62	248.2209	0.7866718	1.785326	0.535406	7.661453
17502	-7929.719	-8178.973	249.2546	0.8291984	1.913396	0.5542751	7.025329
17508	-7939.646	-8189.345	249.6991	0.9454084	1.913396	0.5115037	6.759547
17514	-7936.888	-8185.194	248.3063	0.8272108	2.010077	0.5115037	7.540919
17520	-7940.18	-8189.996	249.8156	0.9202434	1.774898	0.4722578	6.792428
17526	-7937.008	-8186.03	249.0217	0.9033824	1.842365	0.4722578	7.205954
17532	-7934.992	-8182.852	247.8599	0.8342281	1.842365	0.4682443	7.868881
17538	-7956.722	-8205.859	249.1371	0.7867636	1.842365	0.5444542	7.14315
17544	-7950.872	-8200.264	249.3922	0.8587258	1.842365	0.5311642	6.978376
17550	-7933.44	-8182.635	249.1949	0.8856945	1.842365	0.4858961	7.109877
17556	-7926.674	-8175.24	248.5667	0.8065245	1.842365	0.5558729	7.429254
17562	-7927.879	-8176.94	249.0603	0.8428188	1.842365	0.4506574	7.238046
17568	-7927.93	-8176.997	249.0676	0.8505626	1.706022	0.4929214	7.238046
17574	-7951.764	-8200.737	248.9734	0.7722906	2.020246	0.5710976	7.159276
17580	-7935.437	-8184.255	248.8172	0.8686682	1.805112	0.5262208	7.299018
17586	-7945.338	-8194.366	249.0274	0.8323074	1.703793	0.461534	7.299018
17592	-7919.164	-8168.02	248.8556	0.8000574	1.703793	0.5849179	7.302232
17598	-7927.817	-8176.003	248.186	0.8949582	1.703793	0.5587827	7.631235
17604	-7928.799	-8179.552	250.7528	0.8791002	1.483906	0.5587827	6.340242
17610	-7914.924	-8164.124	249.1994	0.9136578	1.795746	0.4863056	7.107857
17616	-7918.904	-8168.763	249.8582	0.8912005	1.459546	0.4863056	6.890283
17622	-7925.242	-8174.606	249.3641	0.9153112	1.855836	0.4863056	6.997965
17628	-7929.132	-8179.349	250.2165	0.9879291	1.909306	0.4863056	6.480596
17634	-7918.084	-8166.581	248.4968	0.8140993	1.52846	0.4863056	7.635516
17640	-7935.904	-8184.903	248.9991	0.7888768	1.400368	0.5185394	7.402862
17646	-7940.064	-8189.049	248.985	0.7889845	1.400368	0.5589741	7.376317
17652	-7933.372	-8182.135	248.7632	0.788012	1.400368	0.5483919	7.504485
17658	-7921.902	-8171.408	249.5062	0.7874093	1.584584	0.5483919	7.032899
17664	-7923.413	-8172.966	249.5527	0.7487093	1.726624	0.5690358	6.959624
17670	-7926.578	-8176.791	250.2122	0.8224278	1.726624	0.6103565	6.530829
17676	-7922.582	-8173.123	250.5404	0.8917644	1.752624	0.6048331	6.310341
17682	-7930.7	-8180.406	249.7057	0.9529103	1.610372	0.5217389	6.849111
17688	-7941.009	-8190.893	249.884	0.8160788	1.610372	0.4963849	6.849111
17694	-7931.518	-8181.329	249.8114	0.8886669	1.610372	0.4963849	6.849111
17700	-7940.367	-8190.511	250.1447	0.9275061	1.753198	0.502316	6.590928
17706	-7937.064	-8187.031	249.9668	0.9275061	1.753198	0.5119005	6.678625
17712	-7930.314	-8177.883	247.5689	0.7627271	1.53391	0.4802946	8.161584
17718	-7926.041	-8174.285	248.2439	0.8790212	1.508807	0.5292393	7.706106
17724	-7907.109	-8155.62	248.5117	0.8118304	1.602762	0.5292393	7.562925
17730	-7904.564	-8154.33	249.7662	0.8056018	1.475904	0.5834825	6.896728
17736	-7924.076	-8172.952	248.876	0.793451	1.524108	0.6840391	7.287364
17742	-7919.274	-8169.161	249.8861	0.8794939	1.623562	0.5412801	6.76974
17748	-7913.805	-8163.734	249.9288	0.8779546	1.601774	0.6013964	6.706782
17754	-7920.618	-8170.826	250.2081	0.8779546	1.825475	0.6013964	6.475476
17760	-7915.305	-8165.154	249.8488	0.8772467	1.825475	0.5535581	6.708952
17766	-7942.571	-8192.228	249.6567	0.9399575	1.684066	0.5535581	6.828422
17772	-7949.034	-8197.659	248.625	0.7939249	2.037331	0.6019362	7.305016
17778	-7943.826	-8193.637	249.8108	0.8948072	1.847353	0.4671263	6.78872
17784	-7932.559	-8182.832	250.2732	0.893673	1.902604	0.5410106	6.455045
17790	-7929.88	-8178.379	248.4988	0.876325	1.598569	0.5110651	7.552475
17796	-7925.516	-8174.68	249.164	0.9123765	1.598569	0.5100074	7.17727
17802	-7919.077	-8168.983	249.9063	0.8984498	1.826678	0.5833864	6.641644
17808	-7916.684	-8165.768	249.0834	0.814616	1.826678	0.5349944	7.170304
17814	-7917.614	-8166.707	249.0931	0.8912069	1.692073	0.5124495	7.190216
17820	-7915.532	-8165.502	249.97	0.8831409	1.692073	0.5124495	6.722142
17826	-7923.037	-8173.269	250.2328	0.8831409	1.91963	0.5124495	6.501699
17832	-7924.49	-8174.547	250.0574	0.8831409	1.8386	0.5124495	6.623699
17838	-7924.716	-8174.98	250.2639	0.8395828	1.749508	0.5387008	6.543603
17844	-7938.086	-8188.641	250.5546	0.8983578	1.649299	0.494169	6.429509
17850	-7937.437	-8187.405	249.9682	0.991609	1.744064	0.5217203	6.637862
17856	-7935.459	-8186.864	251.4057	1.090384	1.811623	0.4947027	5.802868
17862	-7946.558	-8197.576	251.0173	0.9524158	1.811623	0.5816084	6.015743
17868	-7933.762	-8185.026	251.2635	0.9033234	1.484513	0.525492	6.077373
17874	-7919.448	-8170.065	250.6174	0.9033234	1.720517	0.6276828	6.255943
17880	-7928.82	-8177.06	248.2401	0.787793	1.720517	0.5436342	7.666252
17886	-7926.276	-8176.462	250.186	0.8131635	1.574297	0.5496881	6.655141
17892	-7915.054	-8165.38	250.3263	0.8773351	1.643781	0.5496881	6.518322
17898	-7916.949	-8165.844	248.8956	0.800427	1.643781	0.5981214	7.291885
17904	-7951.594	-8198.841	247.2479	0.7312765	1.514233	0.5832775	8.269849
17910	-7934.313	-8182.74	248.4262	0.7803712	1.85039	0.5457489	7.524232
17916	-7931.167	-8179.194	248.0277	0.8077782	1.644441	0.4591643	7.870962
17922	-7936.074	-8183.386	247.3122	0.7995032	1.636043	0.5550767	8.176086
17928	-7928.349	-8177.566	249.2165	0.8344136	1.759407	0.5740605	7.078881
17934	-7933.455	-8182.007	248.5512	0.8233299	1.702283	0.5620566	7.471923
17940	-7926.911	-8174.436	247.5251	0.763118	1.702283	0.5897818	8.030355
17946	-7919.803	-8167.794	247.9908	0.7452434	1.702283	0.5897818	7.791329
17952	-7929.329	-8177.395	248.0662	0.8074023	1.663682	0.51736	7.791329
17958	-7922.973	-8170.881	247.9082	0.7963654	1.591856	0.5744136	7.860639
17964	-7928.406	-8177.07	248.6646	0.79245	1.766526	0.5715247	7.397423
17970	-7934.666	-8182.998	248.3326	0.8296624	1.822028	0.491296	7.604531
17976	-7940.31	-8187.04	246.7304	0.8779857	1.510777	0.5561102	8.490134
17982	-7919.159	-8167.626	248.4664	0.8551602	1.775628	0.5653317	7.471915
17988	-7934.816	-8185.31	250.4944	0.8551602	1.775628	0.5512963	6.3905
17994	-7932.178	-8181.019	248.841	0.859481	1.775628	0.5512963	7.280198
18000	-7939.315	-8188.197	248.8819	0.7903193	1.654428	0.5640073	7.327996
18006	-7920.179	-8170.045	249.8663	0.9021232	1.654428	0.5452779	6.753471
18012	-7905.399	-8154.803	249.4042	0.7888322	1.696202	0.5452779	7.048453
18018	-7933.531	-8181.949	248.4184	0.7615752	1.696202	0.4598648	7.667491
18024	-7928.126	-8176.272	248.1464	0.7939466	1.608152	0.5386586	7.757907
18030	-7931.66	-8180.943	249.283	0.7821853	1.643494	0.5652073	7.1199
18036	-7925.356	-8174.424	249.0681	0.7812828	1.590134	0.5652073	7.255764
18042	-7940.301	-8189.284	248.9831	0.8770254	1.590134	0.5652073	7.249964
18048	-7928.042	-8176.5	248.4582	0.8397414	1.684286	0.5652073	7.516862
18054	-7930.863	-8179.442	248.5793	0.7444925	1.646093	0.5652073	7.516862
18060	-7918.024	-8167.517	249.4926	0.7860556	1.646093	0.5037824	7.056268
18066	-7927.812	-8177.931	250.1191	0.8651924	1.646093	0.5445764	6.640452
18072	-7932.323	-8181.485	249.1613	0.8651924	1.646093	0.4928189	7.20166
18078	-7926.365	-8175.553	249.1881	0.7996484	1.552754	0.5578341	7.20166
18084	-7923.313	-8172.323	249.0101	0.7603364	1.56103	0.5738707	7.302132
18090	-7918.969	-8168.013	249.044	0.8406665	1.56103	0.5170021	7.288371
18096	-7917.729	-8166.742	249.0138	0.8708389	1.56103	0.5170021	7.288371
18102	-7927.343	-8176.388	249.0444	0.8477511	1.599205	0.4898408	7.293896
18108	-7929.866	-8180.11	250.2439	0.9558925	1.655672	0.4898408	6.568214
18114	-7927.907	-8177.118	249.2111	0.753828	1.655672	0.6694171	7.089415
18120	-7927.409	-8178.563	251.1543	0.9114322	1.710769	0.5925964	5.990169
18126	-7925.538	-8175.007	249.4696	0.7940331	1.710769	0.5925964	6.966757
18132	-7927.364	-8176.5	249.1359	0.7940331	1.427896	0.564256	7.276953
18138	-7922.394	-8171.846	249.4519	0.8267491	1.427896	0.6278938	7.039517
18144	-7925.903	-8175.065	249.1614	0.8032487	1.903092	0.499717	7.139606
18150	-7931.947	-8181.07	249.1223	0.8431253	1.955518	0.5438763	7.08407
18156	-7919.533	-8167.85	248.3176	0.750434	1.955518	0.5725224	7.542175
18162	-7927.197	-8175.788	248.5904	0.8716653	1.955518	0.5205257	7.374312
18168	-7928.249	-8176.792	248.5433	0.7930748	1.960313	0.6282653	7.353377
18174	-7944.363	-8193.14	248.7774	0.7421312	1.607566	0.6282653	7.376816
18180	-7940.612	-8189.58	248.968	0.8570985	1.607566	0.4363621	7.376816
18186	-7944.114	-8194.371	250.2579	0.8549803	1.544051	0.5600679	6.596672
18192	-7940.927	-8189.159	248.2319	0.8096536	1.611096	0.4601946	7.772186
18198	-7935.432	-8184.927	249.4949	0.8558679	1.611096	0.5494954	6.991185
18204	-7939.346	-8189.464	250.1186	1.010879	1.611096	0.5494954	6.570826
18210	-7929.629	-8179.658	250.0281	0.8600725	1.758031	0.556229	6.642418
18216	-7937.116	-8186.43	249.3144	0.9048895	1.758031	0.5655247	6.995638
18222	-7924.348	-8174.383	250.0349	0.8850902	1.758031	0.547256	6.632694
18228	-7932.05	-8181.705	249.6557	0.8665863	1.706637	0.5104726	6.897217
18234	-7936.191	-8185.2	249.0084	0.877493	1.627445	0.505936	7.272387
18240	-7934.09	-8184.296	250.2063	0.8995856	1.627445	0.5344601	6.59018
18246	-7932.04	-8181.541	249.5006	0.8899319	1.712042	0.5656389	6.919571
18252	-7927.989	-8176.327	248.3378	0.7615773	1.677596	0.5656389	7.62519
18258	-7924.094	-8173.769	249.6755	0.8485123	1.677596	0.5197124	6.898696
18264	-7921.915	-8169.39	247.4749	0.6825238	1.593677	0.53709	8.182272
18270	-7933.413	-8181.485	248.0729	0.7557696	1.565588	0.4931025	7.872927
18276	-7927.035	-8175.885	248.8495	0.8212415	1.565588	0.5352787	7.385769
18282	-7924.083	-8172.958	248.8748	0.8030673	1.565588	0.5352787	7.381918
18288	-7941.562	-8190.661	249.0987	0.8030673	1.643701	0.5352787	7.232538
18294	-7938.012	-8186.917	248.9056	0.7909993	1.373838	0.600966	7.395356
18300	-7938.732	-8187.242	248.5098	0.7751697	1.373838	0.600966	7.615873
18306	-7937.385	-8186.662	249.2762	0.7751697	1.691814	0.4953834	7.169369
18312	-7921.741	-8170.944	249.2033	0.8901207	1.783457	0.4456501	7.160612
18318	-7916.085	-8165.201	249.1162	0.8112313	1.816901	0.6425126	7.072452
18324	-7911.533	-8160.82	249.2868	0.8918102	1.773903	0.4948226	7.072452
18330	-7921.657	-8170.503	248.8457	0.8135835	1.773903	0.6098332	7.256106
18336	-7917.75	-8166.546	248.7966	0.8626685	1.773903	0.6098332	7.256106
18342	-7922.939	-8172.548	249.6086	0.8624908	1.773903	0.6098332	6.819163
18348	-7923.982	-8173.845	249.8623	0.8940668	1.773903	0.6880815	6.606885
18354	-7912.802	-8161.535	248.7332	0.7673528	1.773903	0.6880815	7.283583
18360	-7902.646	-8151.769	249.1233	0.7971941	1.773903	0.6341873	7.097185
18366	-7913.907	-8163.034	249.1263	0.7942319	1.773903	0.6341873	7.097185
18372	-7916.837	-8166.221	249.3837	0.8424358	1.611955	0.6341873	6.990946
18378	-7916.488	-8166.759	250.2707	0.857706	1.497843	0.6287111	6.552023
18384	-7916.045	-8165.253	249.2078	0.8599767	1.777251	0.5398234	7.091841
18390	-7919.902	-8170.633	250.7312	0.9701809	1.84142	0.5398234	6.186372
18396	-7931.15	-8181.933	250.7834	0.9701809	1.84142	0.4994849	6.193285
18402	-7921.142	-8171.283	250.1419	0.9862593	1.678033	0.4994849	6.590102
18408	-7920.532	-8168.433	247.9004	0.8902337	1.655845	0.4994849	7.854059
18414	-7931.602	-8179.564	247.9622	0.8321543	1.650371	0.4994849	7.854059
18420	-7925.894	-8174.444	248.5494	0.858516	1.650371	0.525524	7.503318
18426	-7910.962	-8160.849	249.8872	0.8582088	1.650371	0.525524	6.784149
18432	-7923.492	-8171.988	248.4958	0.8234934	1.630069	0.525524	7.558225
18438	-7928.821	-8178.47	249.6491	0.9026144	1.442669	0.525524	6.968992
18444	-7937.197	-8185.743	248.5466	0.7982057	1.401887	0.5038636	7.652367
18450	-7939.422	-8186.751	247.3287	0.8641168	1.536957	0.6672865	8.084107
18456	-7926.426	-8175.388	248.9612	0.7627763	1.536957	0.5414842	7.362934
18462	-7924.955	-8174.794	249.8388	0.8059311	1.536957	0.5414842	6.867792
18468	-7939.879	-8188.9	249.0206	0.7968378	1.536957	0.5414842	7.312821
18474	-7925.658	-8173.676	248.0174	0.7366371	1.559743	0.5414842	7.873252
18480	-7942.726	-8190.488	247.7615	0.768741	1.559743	0.5414842	7.99269
18486	-7942.601	-8191.966	249.3649	0.9549114	1.559743	0.5548771	7.022836
18492	-7939.831	-8189.547	249.7153	1.00485	1.956691	0.4601975	6.751379
18498	-7929.839	-8179.147	249.3076	0.8782142	1.987816	0.4601975	7.029506
18504	-7937.94	-8186.605	248.6653	0.8048602	1.618926	0.5481801	7.462415
18510	-7940.817	-8189.299	248.4816	0.8383046	1.847665	0.5481801	7.462415
18516	-7940.285	-8187.429	247.1436	0.8287498	1.847665	0.5481801	8.182253
18522	-7937.524	-8185.446	247.9211	0.8119173	1.582283	0.4712751	7.937437
18528	-7928.37	-8177.904	249.5338	0.8775644	1.961236	0.5032304	6.877102
18534	-7940.18	-8188.555	248.3755	0.8736346	2.071609	0.4382241	7.527313
18540	-7932.675	-8183.38	250.7047	0.8785034	1.906752	0.4669637	6.293924
18546	-7934.661	-8184.343	249.682	0.893533	2.287478	0.4867229	6.704697
18552	-7931.473	-8180.702	249.2284	0.830934	1.767502	0.5001896	7.134088
18558	-7943.856	-8191.44	247.5834	0.8463575	1.767502	0.6192668	7.909299
18564	-7946.983	-8197.139	250.156	0.8470843	1.663542	0.4814895	6.679331
18570	-7932.46	-8182.598	250.1383	0.864715	1.663542	0.4814895	6.679331
18576	-7925.519	-8175.208	249.6886	0.9282279	1.663542	0.610825	6.779079
18582	-7917.472	-8166.816	249.3438	0.8435206	1.381997	0.610825	7.120803
18588	-7916.87	-8165.947	249.077	0.8257501	1.381997	0.5725742	7.30385
18594	-7917.281	-8164.91	247.6295	0.735087	1.653757	0.6317351	7.974937
18600	-7942.672	-8190.919	248.2471	0.7740567	1.766029	0.5708335	7.63161
18606	-7933.336	-8180.821	247.4848	0.8090067	1.667679	0.4903292	8.122931
18612	-7942.188	-8191.071	248.8823	0.7979743	2.013145	0.4981307	7.258543
18618	-7924.755	-8173.309	248.5544	0.9240146	1.808825	0.5289811	7.406722
18624	-7928.064	-8178.004	249.94	0.8982956	1.571732	0.5347144	6.755634
18630	-7919.851	-8167.798	247.9471	0.7250306	1.589098	0.5174332	7.926315
18636	-7924.333	-8172.445	248.1123	0.7750107	1.622116	0.5174332	7.799146
18642	-7929.298	-8177.931	248.6328	0.7958016	1.42959	0.6683083	7.465496
18648	-7931.425	-8179.91	248.4848	0.8872138	1.618114	0.610536	7.465496
18654	-7928.163	-8178.734	250.5711	0.8318115	1.572084	0.610536	6.388249
18660	-7923.95	-8171.696	247.7466	0.7464775	1.771524	0.5083478	7.964217
18666	-7917.152	-8165.152	248.0005	0.7226185	1.441847	0.5083478	7.964217
18672	-7923.782	-8172.36	248.5779	0.8547275	1.794343	0.5083478	7.45404
18678	-7932.376	-8178.702	246.3262	0.7479859	1.549314	0.5083478	8.798958
18684	-7941.867	-8189.525	247.6585	0.7477628	1.556361	0.5083478	8.0883
18690	-7936.682	-8184.508	247.8254	0.7477628	1.768482	0.5339236	7.900613
18696	-7928.003	-8175.397	247.3948	0.750701	1.457552	0.5152903	8.259693
18702	-7918.509	-8167.362	248.8525	0.8302468	1.457552	0.541194	7.416628
18708	-7923.388	-8171.504	248.1154	0.7823644	1.749118	0.5673895	7.706304
18714	-7920.945	-8170.467	249.5226	0.8480616	1.781987	0.6174869	6.864591
18720	-7926.112	-8174.846	248.734	0.8558406	1.482569	0.5882471	7.418128
18726	-7945.877	-8194.61	248.7332	0.8205727	1.83511	0.4610115	7.418128
18732	-7933.754	-8182.52	248.7659	0.7972371	1.495	0.4610115	7.536808
18738	-7927.383	-8176.949	249.566	0.8846074	1.402567	0.4842956	7.076387
18744	-7926.006	-8176.217	250.2105	0.9036437	1.402567	0.4842956	6.718707
18750	-7927.237	-8175.71	248.4732	0.9036437	1.520634	0.4842956	7.605062
18756	-7923.294	-8172.327	249.0335	0.8775144	1.52976	0.4400741	7.356682
18762	-7927.862	-8176.775	248.9131	0.9220015	1.773458	0.4902527	7.261392
18768	-7920.112	-8169.134	249.0226	0.8493289	1.717016	0.4902527	7.261392
18774	-7922.601	-8171.44	248.8387	0.9218456	1.892006	0.4902527	7.261392
18780	-7929.862	-8178.043	248.1812	0.846032	1.629455	0.4688533	7.765017
18786	-7932.036	-8180.284	248.2473	0.7847126	1.805981	0.5560554	7.624152
18792	-7936.94	-8185.024	248.0839	0.7847126	1.805981	0.5111661	7.749473
18798	-7923.477	-8172.283	248.8063	0.804273	1.52279	0.5111661	7.455204
18804	-7935.558	-8184.304	248.7462	0.791396	1.700966	0.4805652	7.455204
18810	-7927.008	-8176.4	249.3921	0.8883668	1.569605	0.601944	7.002426
18816	-7938.624	-8188.006	249.3825	0.8466864	1.592064	0.626741	7.002426
18822	-7925.357	-8175.02	249.6632	0.8890882	1.592064	0.626741	6.828299
18828	-7929.97	-8180.268	250.298	0.9237751	1.660151	0.5808906	6.476809
18834	-7921.209	-8170.736	249.5271	0.8923072	1.660151	0.5808906	6.910396
18840	-7926.578	-8175.98	249.4019	0.8923072	1.848947	0.5119564	6.969442
18846	-7942.954	-8192.476	249.523	0.8630771	1.854335	0.496311	6.932026
18852	-7948.279	-8196.967	248.6885	0.8201096	1.854335	0.4880086	7.411103
18858	-7952.216	-8202.685	250.4691	0.989187	1.704673	0.4880086	6.411977
18864	-7947.62	-8198.777	251.157	0.9955307	1.897568	0.4267833	6.026242
18870	-7937.117	-8187.902	250.7846	1.004224	1.897568	0.4267833	6.224249
18876	-7921.999	-8171.144	249.145	0.8788321	1.937781	0.4267833	7.164949
18882	-7929.56	-8178.609	249.0484	0.8189577	1.908553	0.5285924	7.164949
18888	-7935.124	-8184.238	249.1144	0.7806799	1.908553	0.5113633	7.164949
18894	-7930.328	-8178.187	247.8593	0.7824938	1.908553	0.5189419	7.82982
18900	-7936.968	-8184.764	247.7962	0.7901345	1.908553	0.5541729	7.82982
18906	-7931.649	-8179.977	248.3282	0.871037	1.833087	0.4481072	7.62091
18912	-7924.018	-8172.759	248.7402	0.9259656	1.875323	0.5680059	7.251152
18918	-7916.745	-8166.396	249.6515	0.8975544	1.875323	0.5680059	6.77582
18924	-7909.319	-8159.081	249.7619	0.7871247	1.875323	0.5680059	6.77582
18930	-7908.379	-8156.447	248.0677	0.7408877	1.767435	0.4419433	7.85802
18936	-7915.978	-8165.476	249.4984	0.8151334	1.767435	0.6471664	6.878081
18942	-7916.809	-8167.575	250.7658	0.9269222	1.661617	0.5650879	6.233591
18948	-7924.061	-8173.01	248.9491	0.8345551	1.546892	0.5650879	7.307611
18954	-7913.581	-8162.645	249.064	0.808005	1.660664	0.4619505	7.307611
18960	-7907.093	-8154.53	247.4374	0.7472697	1.772353	0.6062254	8.048312
18966	-7922.08	-8171.149	249.0692	0.7917782	1.669007	0.5297143	7.249909
18972	-7934.08	-8183.022	248.9417	0.7914332	1.669007	0.5297143	7.318559
18978	-7939.626	-8188.731	249.105	0.8384979	1.770585	0.4686688	7.223876
18984	-7930.737	-8180.978	250.2408	0.9148426	1.876027	0.5485517	6.463636
18990	-7934.716	-8185.037	250.3213	0.9531283	1.579044	0.5726573	6.485405
18996	-7935.183	-8185.538	250.3554	0.9189889	1.579044	0.5726573	6.485405
19002	-7953.517	-8203.187	249.6693	0.94869	1.579044	0.4342256	6.963445
19008	-7929.898	-8178.117	248.219	0.9252553	1.579044	0.4342256	7.754115
19014	-7929.453	-8178.969	249.5159	0.8300551	1.579044	0.5925414	6.97096
19020	-7933.626	-8181.542	247.9166	0.7622231	1.579044	0.5147426	7.928816
19026	-7933.531	-8181.724	248.1928	0.8212177	1.688604	0.5147426	7.709556
19032	-7936.453	-8184.818	248.3644	0.795319	1.688604	0.5459722	7.605088
19038	-7927.158	-8175.563	248.405	0.7996965	1.688604	0.5176263	7.605088
19044	-7926.569	-8175.058	248.489	0.8055904	1.688604	0.5176263	7.556928
19050	-7916.453	-8164.998	248.5454	0.8055904	1.571221	0.5329508	7.556928
19056	-7933.222	-8182.602	249.38	0.8398823	1.571221	0.5329508	7.090627
19062	-7926.403	-8175.434	249.0309	0.8306188	1.766843	0.4631291	7.274357
19068	-7935.051	-8183.969	248.9174	0.9195027	1.766843	0.4774197	7.274357
19074	-7928.493	-8177.895	249.4024	0.7982747	1.619386	0.4774197	7.13189
19080	-7927.715	-8177.179	249.4638	0.790415	1.473836	0.5078636	7.13189
19086	-7918.68	-8166.936	248.2556	0.7528207	1.421027	0.5078636	7.820819
19092	-7919.72	-8169.291	249.571	0.7850927	1.421027	0.5518039	7.060989
19098	-7921.052	-8170.615	249.5623	0.7445702	1.482679	0.5438948	7.069072
19104	-7930.6	-8180.444	249.8446	0.8422704	1.51951	0.5652933	6.832095
19110	-7931.358	-8181.085	249.7272	0.8900314	1.617671	0.5652933	6.832095
19116	-7932.888	-8183.011	250.1226	0.9002945	1.746171	0.5652933	6.566199
19122	-7928.116	-8178.038	249.9223	0.9289699	1.879839	0.5245702	6.647547
19128	-7936.721	-8187.136	250.415	0.8574653	1.417306	0.4638001	6.646028
19134	-7921.601	-8170.118	248.5169	0.8411385	1.444653	0.4638001	7.664091
19140	-7916.137	-8166.532	250.3956	0.9312958	1.444653	0.4670507	6.602241
19146	-7925.336	-8175.208	249.8721	0.8159373	1.453229	0.5924071	6.836054
19152	-7922.307	-8171.327	249.0204	0.8154822	1.453229	0.5017831	7.37016
19158	-7928.495	-8176.593	248.0983	0.7910158	1.695412	0.5017831	7.785075
19164	-7929.142	-8178.489	249.347	0.845357	1.649195	0.5332281	7.076017
19170	-7933.934	-8184.582	250.6484	0.9546703	1.572389	0.5332281	6.342677
19176	-7919.053	-8169.022	249.9687	0.8934569	1.572389	0.5332281	6.743797
19182	-7928.799	-8177.262	248.4636	0.7980162	1.891046	0.5332281	7.49181
19188	-7943.056	-8192.464	249.4077	0.9442861	1.891046	0.5275433	6.910758
19194	-7934.652	-8183.426	248.7739	0.867749	1.510354	0.662354	7.323247
19200	-7943.975	-8193.305	249.3301	0.8976588	1.629743	0.4771576	7.113685
19206	-7933.666	-8184.093	250.427	0.8817457	1.629743	0.498628	6.510893
19212	-7935.788	-8185.759	249.9718	0.9283384	1.660288	0.4747124	6.742386
19218	-7925.066	-8174.781	249.7157	0.8235303	1.660288	0.5197945	6.896697
19224	-7933.82	-8183.956	250.1353	0.9589252	1.660288	0.4936483	6.620162
19230	-7923.474	-8173.921	250.4461	0.9444457	1.478137	0.4936483	6.529733
19236	-7930.614	-8180.239	249.6245	0.8911022	1.930838	0.4936483	6.839294
19242	-7930.071	-8179.042	248.971	0.8616443	1.745189	0.5304386	7.237378
19248	-7923.873	-8174.085	250.212	0.9160174	1.745189	0.5304386	6.538925
19254	-7944.873	-8194.288	249.4159	0.8692612	1.701885	0.5320261	7.008031
19260	-7934.724	-8185.056	250.3318	0.8954354	1.745189	0.5142357	6.499268
19266	-7938.337	-8185.791	247.4541	0.8534784	1.745189	0.5142357	8.067173
19272	-7939.773	-8187.843	248.0701	0.8140547	1.349665	0.473411	7.947708
19278	-7923.253	-8172.005	248.7521	0.7656654	1.571064	0.5767648	7.431527
19284	-7944.366	-8192.803	248.4371	0.8700526	1.703819	0.5952656	7.480933
19290	-7937.935	-8187.59	249.655	0.9204796	1.815623	0.5668672	6.782607
19296	-7946.302	-8196.022	249.72	0.9089022	1.732762	0.5668672	6.782607
19302	-7927.871	-8176.727	248.8561	0.8235725	1.480569	0.5363117	7.413192
19308	-7931.107	-8180.534	249.4279	0.9305245	1.766306	0.5363117	6.942158
19314	-7942.034	-8192.828	250.7939	0.9484073	1.632099	0.5363117	6.241766
19320	-7920.924	-8171.639	250.7153	0.9484073	1.749475	0.5363117	6.241766
19326	-7928.924	-8177.177	248.2532	0.7648239	1.749475	0.6213052	7.599568
19302	-7976.788	-8225.545	248.7576	0.7627182	1.674859	0.5646412	7.401497
19308	-7954.417	-8202.637	248.2202	0.74299	1.674859	0.4903247	7.763151
19314	-7942.001	-8192.034	250.0334	0.8361908	1.855038	0.4628259	6.701616
19320	-7937.394	-8187.365	249.9716	0.822761	1.855038	0.5630549	6.654149
19326	-7946.398	-8196.054	249.6557	0.8376529	1.855038	0.571604	6.809734
19332	-7929.978	-8179.453	249.4757	0.8530383	1.736781	0.5345621	6.969988
19338	-7933.849	-8181.069	247.2199	0.8087659	1.550182	0.5345621	8.269327
19344	-7926.426	-8175.026	248.6003	0.7233488	1.539126	0.5260112	7.589702
19350	-7932.255	-8180.281	248.0253	0.7894825	1.508577	0.5260112	7.873591
19356	-7931.935	-8179.924	247.9892	0.8026653	1.549937	0.521643	7.873591
19362	-7927.699	-8175.61	247.9116	0.7387955	1.697594	0.4430481	7.965839
19368	-7919.933	-8168.577	248.6437	0.7840483	1.697594	0.5052612	7.4932
19374	-7915.359	-8164.072	248.7132	0.8710149	1.697594	0.5470305	7.373573
19380	-7914.033	-8163.584	249.5513	0.8350424	1.697594	0.5442958	6.944699
19386	-7923.17	-8172.406	249.2359	0.8130691	1.697594	0.5442958	7.126278
19392	-7916.054	-8164.203	248.1492	0.8130691	1.697594	0.519334	7.730018
19398	-7923.023	-8172.026	249.0032	0.8312057	1.697594	0.5420346	7.243494
19404	-7932.84	-8181.16	248.3201	0.8763323	1.608614	0.5251674	7.632207
19410	-7928.513	-8176.861	248.3485	0.8280471	1.608614	0.5251674	7.642881
19416	-7934.621	-8183.905	249.2835	0.789844	1.608614	0.5141913	7.171457
19422	-7920.75	-8168.174	247.4242	0.789844	1.830853	0.4939304	8.105554
19428	-7920.558	-8168.059	247.5017	0.7655476	1.56332	0.5733031	8.105554
19434	-7928.057	-8176.982	248.9244	0.917569	1.56332	0.6755484	7.185625
19440	-7928.138	-8177.521	249.3835	0.7675146	1.541013	0.6114979	7.075682
19446	-7912.969	-8162.279	249.3099	0.7967997	1.474991	0.6114979	7.12551
19452	-7916.328	-8165.97	249.6412	0.9090407	1.767755	0.4083997	6.957204
19458	-7936.318	-8185.277	248.9592	0.8918001	2.004036	0.4057789	7.25785
19464	-7936.357	-8184.581	248.2241	0.8591094	2.004036	0.4057789	7.669332
19470	-7938.19	-8187.593	249.403	0.8524075	1.647653	0.5527401	7.026301
19476	-7945.471	-8194.693	249.223	0.8594108	1.804735	0.599181	7.026301
19482	-7935.806	-8183.947	248.141	0.8346995	1.804735	0.5466224	7.662458
19488	-7935.087	-8184.016	248.929	0.8802433	1.714002	0.4809082	7.304586
19494	-7936.387	-8186.446	250.0594	0.870456	1.572785	0.4809082	6.753329
19500	-7930.056	-8178.432	248.3758	0.8331548	1.617497	0.4809082	7.661236
19506	-7933.486	-8181.713	248.2269	0.8053769	1.745714	0.5560995	7.644742
19512	-7929.906	-8179.115	249.2092	0.8053769	1.748566	0.5253022	7.142776
19518	-7928.901	-8177.249	248.3476	0.8084279	1.748566	0.5145395	7.612582
19524	-7926.81	-8176.646	249.8364	0.7793316	1.748566	0.5145395	6.828351
19530	-7936.104	-8185.821	249.7166	0.8432848	1.673822	0.5145395	6.885234
19536	-7936.41	-8187.047	250.6374	0.8309162	1.673822	0.5694339	6.347423
19542	-7932.931	-8182.173	249.2424	0.8715874	1.673822	0.5694339	7.07913
19548	-7933.472	-8182.775	249.303	0.8509917	1.673822	0.5433529	7.07913
19554	-7939.889	-8190.333	250.4437	0.942477	1.673822	0.5885257	6.37656
19560	-7922.524	-8172.958	250.4334	0.9011802	1.678689	0.5599043	6.426037
19566	-7919.468	-8169.036	249.5682	0.7631976	1.678689	0.5599043	6.968101
19572	-7943.365	-8191.617	248.2524	0.7593326	1.678689	0.5034896	7.724149
19578	-7937.063	-8185.267	248.2035	0.8082631	1.678689	0.5034896	7.724149
19584	-7922.177	-8170.31	248.1326	0.8500893	1.570585	0.5693223	7.724149
19590	-7918.864	-8167.452	248.5879	0.7680027	1.638864	0.5368607	7.525738
19596	-7920.564	-8170.205	249.6403	0.8560883	1.638864	0.5960222	6.864688
19602	-7919.53	-8169.59	250.0602	0.8710432	1.638864	0.4932241	6.716537
19608	-7913.674	-8162.998	249.3233	0.8054725	1.638864	0.4932241	7.148958
19614	-7937.711	-8187.22	249.5098	0.8276234	1.486391	0.4936764	7.094752
19620	-7937.578	-8186.728	249.1504	0.8624936	1.479429	0.5300755	7.240102
19626	-7917.701	-8166.684	248.9832	0.8969629	1.588809	0.5300755	7.268966
19632	-7926.54	-8175.558	249.0178	0.822478	1.705815	0.5300755	7.247486
19638	-7925.063	-8172.868	247.8047	0.8750737	1.705815	0.5300755	7.868847
19644	-7922.034	-8170.123	248.0889	0.8510881	1.62101	0.5228725	7.766702
19650	-7921.364	-8169.51	248.1458	0.8060421	1.603893	0.5228725	7.766702
19656	-7923.991	-8173.506	249.5144	0.8780924	1.603893	0.5228725	6.994001
19662	-7924.578	-8174.142	249.564	0.905443	1.537743	0.5043637	6.994001
19668	-7912.418	-8161.946	249.5277	0.8750948	1.587307	0.5237165	6.994001
19674	-7913.331	-8162.755	249.424	0.8873398	1.722975	0.5231594	6.994001
19680	-7915.784	-8164.725	248.9406	0.8124285	1.361064	0.5073512	7.447831
19686	-7918.108	-8167.583	249.4747	0.9243884	1.742332	0.4883022	6.970682
19692	-7922.718	-8172.605	249.8872	0.8663682	1.797191	0.4883022	6.760436
19698	-7925.401	-8174.647	249.2459	0.8663682	1.618877	0.4881288	7.169844
19704	-7916.135	-8165.095	248.96	0.8811439	1.692595	0.5072623	7.271502
19710	-7926.683	-8175.173	248.4903	0.8711866	1.801344	0.5072623	7.490704
19716	-7928.875	-8179.35	250.4746	0.9249625	1.919222	0.5072623	6.352668
19722	-7928.818	-8179.075	250.2571	0.9296706	1.919222	0.4838199	6.489181
19728	-7928.599	-8180.67	252.0706	1.001679	1.919222	0.4838199	5.460106
19734	-7928.062	-8179.359	251.2973	0.9675187	1.426602	0.5327746	6.041355
19740	-7943.059	-8194.816	251.7566	0.8786932	1.426602	0.5499799	5.824389
19746	-7933.119	-8182.379	249.2598	0.9033569	1.424764	0.5499799	7.164744
19752	-7924.783	-8172.239	247.4554	0.7837842	1.68494	0.5624054	8.084525
19758	-7927.159	-8175.16	248.0012	0.7673389	1.776598	0.4759502	7.844384
19764	-7928.766	-8176.959	248.1924	0.7316464	1.776598	0.5197965	7.722396
19770	-7923.31	-8171.514	248.2046	0.8121231	1.629891	0.5542728	7.696051
19776	-7928.876	-8178.466	249.59	0.8265118	1.629891	0.5542728	6.944806
19782	-7919.293	-8169.561	250.2683	0.9308947	1.613175	0.5542728	6.52835
19788	-7923.035	-8172.089	249.0541	0.8867262	1.632074	0.5675248	7.189107
19794	-7924.941	-8175.334	250.3929	0.9770367	1.632074	0.5675248	6.417772
19800	-7923.243	-8172.896	249.653	0.8012902	1.632074	0.4655905	7.001676
19806	-7926.31	-8174.41	248.1006	0.8952205	1.582662	0.4814741	7.787679
19812	-7927.863	-8174.637	246.7731	0.8952205	1.666009	0.4814741	8.464316
19818	-7919.106	-8167.734	248.6274	0.8255801	1.602361	0.5252473	7.497106
19824	-7924.684	-8175.036	250.3522	0.9575875	1.883392	0.5368377	6.387512
19830	-7942.53	-8192.084	249.5543	0.8748309	1.607783	0.5968752	6.91187
19836	-7935.724	-8183.518	247.7942	0.7114819	1.686591	0.4977812	7.996581
19842	-7940.714	-8189.907	249.1932	0.8784054	1.529185	0.5960126	7.135033
19848	-7934.046	-8182.877	248.8308	0.8467846	1.529185	0.5960126	7.346667
19854	-7942.033	-8191.718	249.6848	0.8950772	1.734725	0.5705062	6.80542
19860	-7942.698	-8190.602	247.9043	0.8423263	1.479644	0.5487652	7.902242
19866	-7938.767	-8187.472	248.7054	0.7717515	1.652277	0.5207999	7.469563
19872	-7936.686	-8184.908	248.2219	0.8154473	1.652277	0.4578181	7.761508
19878	-7942.057	-8190.617	248.56	0.8039412	1.652277	0.4630686	7.581909
19884	-7936.223	-8185.81	249.5877	0.8971709	1.698357	0.519569	6.91242
19890	-7938.656	-8187.556	248.9001	0.7627078	1.698357	0.5223997	7.351987
19896	-7931.421	-8179.548	248.1277	0.7439541	1.927023	0.5650951	7.662454
19902	-7936.761	-8183.767	247.0058	0.6890977	2.004078	0.5301436	8.294648
19908	-7950.93	-8199.366	248.4358	0.7485029	1.619433	0.4983453	7.658048
19914	-7933.966	-8182.188	248.2217	0.8579555	1.776164	0.4983453	7.658048
19920	-7931.671	-8179.583	247.912	0.8439727	1.82197	0.4983453	7.815501
19926	-7946.646	-8196.305	249.6592	0.8279568	1.909767	0.4561914	6.896127
19932	-7942.08	-8190.825	248.7442	0.8241089	1.791641	0.5754594	7.325913
19938	-7948.958	-8198.203	249.2451	0.8603199	1.572341	0.4879354	7.191216
19944	-7929.385	-8178.963	249.5782	0.8613516	1.59638	0.4879354	7.002383
19950	-7929.392	-8178.436	249.0436	0.8303254	1.59638	0.6141638	7.201467
19956	-7934.386	-8183.12	248.7333	0.8670631	1.59638	0.6002157	7.359159
19962	-7942.361	-8190.519	248.1587	0.7692667	1.772036	0.6223861	7.639133
19968	-7942.394	-8191.398	249.0042	0.8750771	1.873734	0.6223861	7.094386
19974	-7942.317	-8191.646	249.3294	0.8723991	1.873734	0.6201687	6.922469
19980	-7946.779	-8195.074	248.2943	0.7554714	1.873734	0.5724034	7.578611
19986	-7948.925	-8195.893	246.9679	0.6551841	1.587659	0.5651982	8.445699
19992	-7940.195	-8186.551	246.3564	0.7938726	1.592042	0.5031171	8.747139
19998	-7938.407	-8184.818	246.4112	0.8570943	1.592042	0.4349177	8.747139
20004	-7934.866	-8184.136	249.27	0.8320101	1.918215	0.4387609	7.117523
20010	-7921.526	-8170.677	249.1507	0.8522645	1.688791	0.5111392	7.182558
20016	-7925.328	-8174.45	249.1225	0.8029098	1.797304	0.4978822	7.197824
20022	-7924.172	-8172.529	248.3577	0.6881924	1.5782	0.4718319	7.77141
20028	-7925.276	-8175.69	250.4141	0.8761024	1.881677	0.50554	6.425979
20034	-7925.165	-8173.884	248.7192	0.8340876	1.753048	0.50554	7.406068
20040	-7928.573	-8177.062	248.4885	0.8446598	1.591093	0.5155031	7.573884
20046	-7922.413	-8170.791	248.3786	0.8792019	1.591093	0.4760435	7.649368
20052	-7917.391	-8167.306	249.9154	0.9554164	1.67613	0.5245475	6.707872
20058	-7931.423	-8181.287	249.8646	0.947532	1.575567	0.430809	6.863525
20064	-7930.57	-8180.312	249.742	0.9301328	1.417566	0.5870592	6.863525
20070	-7942.279	-8192.539	250.2602	0.8835608	1.767032	0.5870592	6.475782
20076	-7923.298	-8172.349	249.0508	0.8686641	1.767032	0.4915455	7.217109
20082	-7925.448	-8174.415	248.9676	0.7828835	1.767032	0.5699296	7.241051
20088	-7932.504	-8181.586	249.0817	0.9037991	1.996372	0.488165	7.10877
20094	-7931.519	-8180.236	248.7162	0.8615058	1.802558	0.687747	7.232488
20100	-7918.702	-8167.735	249.0325	0.7820315	1.802558	0.5135861	7.241718
20106	-7925.688	-8175.957	250.2697	0.9182964	1.802558	0.4217448	6.587344
20112	-7933.502	-8184.034	250.5327	0.9280836	1.509048	0.588393	6.398932
20118	-7939.631	-8188.248	248.6175	0.8532557	1.509048	0.6137357	7.451669
20124	-7923.376	-8173.608	250.2318	1.017944	1.707913	0.4991353	6.513753
20130	-7922.441	-8172.845	250.4042	0.8917978	1.964647	0.4991353	6.401303
20136	-7930.199	-8181.9	251.701	1.06235	1.48343	0.4991353	5.775478
20142	-7916.369	-8166.248	249.879	0.8672684	1.889425	0.5368663	6.690561
20148	-7916.271	-8166.443	250.1721	0.9155019	1.555314	0.5368663	6.625389
20154	-7915.939	-8165.378	249.4384	0.9044917	1.555314	0.5296787	7.03332
20160	-7927.15	-8175.767	248.617	0.7883702	1.746728	0.4920327	7.499569
20166	-7933.601	-8182.107	248.506	0.8917744	1.582834	0.4920327	7.56309
20172	-7934.561	-8182.747	248.186	0.8766672	1.873392	0.4278769	7.700164
20178	-7926.006	-8174.072	248.0665	0.8766672	1.857832	0.5030577	7.699276
20184	-7936.838	-8185.959	249.121	0.8623507	1.857832	0.4521571	7.18834
20190	-7936.208	-8184.681	248.4721	0.8654127	1.857832	0.4258534	7.560252
20196	-7928.271	-8178.005	249.7335	0.8266287	1.492047	0.4476049	7.015389
20202	-7941.186	-8189.368	248.1826	0.7494719	1.668798	0.4487878	7.820302
20208	-7918.105	-8167.644	249.5381	0.8055978	1.909939	0.4593111	6.970422
20214	-7916.914	-8165.995	249.0816	0.8576585	2.016609	0.4889967	7.126488
20220	-7917.312	-8166.876	249.5643	0.9770401	1.745711	0.4889967	6.892239
20226	-7921.067	-8170.306	249.239	0.8193862	1.739326	0.4251762	7.214838
20232	-7916.291	-8165.376	249.0849	0.7960476	1.651544	0.5666361	7.214838
20238	-7911.366	-8160.609	249.2437	0.7960476	1.629385	0.5666361	7.137626
20244	-7919.633	-8169.453	249.8199	0.8302242	1.629385	0.4917068	6.873165
20250	-7919.82	-8169.793	249.9729	0.9137271	1.629385	0.4686028	6.766747
20256	-7930.367	-8182.441	252.0743	0.9956349	1.619471	0.6062255	5.463027
20262	-7923.476	-8173.435	249.959	0.8867607	1.879835	0.6062255	6.583483
20268	-7929.895	-8179.733	249.8378	0.9352076	1.879835	0.6062255	6.622822
20274	-7926.253	-8175.493	249.2399	0.8587706	1.599322	0.4665757	7.204207
20280	-7941.818	-8190.008	248.1904	0.8652231	1.624002	0.6506093	7.602649
20286	-7937.817	-8187.643	249.8267	0.8559362	1.572539	0.5858804	6.797192
20292	-7928.215	-8178.592	250.3769	0.8555919	1.493282	0.5858804	6.530886
20298	-7931.302	-8179.757	248.455	0.847293	1.746959	0.469666	7.57503
20304	-7949.336	-8199.394	250.0582	0.9890973	1.682067	0.4848258	6.645598
20310	-7948.41	-8196.862	248.4524	0.9105277	1.746959	0.6548962	7.390666
20316	-7931.904	-8181.916	250.0118	0.8937571	1.706812	0.4420028	6.75361
20322	-7930.116	-8179.213	249.0966	0.9980442	1.732955	0.4331147	7.189778
20328	-7931.265	-8178.653	247.388	0.7992443	2.056077	0.460435	8.078232
20334	-7928.664	-8176.441	247.7769	0.8552103	1.579104	0.460435	8.002504
20340	-7921.823	-8169.859	248.0364	0.8097069	1.579104	0.460435	7.88831
20346	-7916.983	-8166.408	249.4253	0.9258412	1.867248	0.4208159	7.017991
20352	-7919.6	-8168.723	249.1229	0.9376767	1.526022	0.5787208	7.155937
20358	-7927.562	-8177.487	249.9248	0.8661909	1.526022	0.5787208	6.762417
20364	-7934.172	-8183.207	249.0355	0.8532769	1.754899	0.63981	7.116667
20370	-7926.805	-8175.958	249.1529	0.824987	1.66299	0.5168307	7.200389
20376	-7927.256	-8177.391	250.1356	0.8336689	1.66299	0.5322611	6.652839
20382	-7932.311	-8181.492	249.1816	0.8448219	1.736541	0.5174394	7.147418
20388	-7933.131	-8181.393	248.262	0.8412692	1.736541	0.3874305	7.766139
20394	-7937.404	-8187.68	250.2758	0.9341043	1.615319	0.3705666	6.696418
20400	-7943.538	-8193.537	249.9993	1.01728	1.823766	0.3986299	6.696418
20406	-7940.575	-8190.362	249.7876	0.9345784	1.85944	0.4880283	6.756445
20412	-7950.403	-8199.741	249.3373	0.9531783	1.5613	0.4880283	7.095846
20418	-7940.201	-8190.655	250.4541	0.8451412	1.625992	0.4880283	6.527037
20424	-7945.846	-8195.488	249.6429	0.9703578	1.625992	0.4880283	6.897613
20430	-7939.835	-8189.046	249.2104	0.7765886	1.606212	0.5012196	7.230143
20436	-7919.904	-8168.61	248.7061	0.8844374	1.474835	0.5012196	7.493554
20442	-7919.632	-8168.184	248.5522	0.8273343	1.728404	0.5219504	7.493554
20448	-7913.059	-8161.62	248.5611	0.7250403	1.737368	0.5219504	7.540435
20454	-7934.682	-8181.931	247.249	0.7518172	1.737368	0.4775519	8.265746
20460	-7926.906	-8175.043	248.1362	0.7380935	1.737368	0.4696814	7.807246
20466	-7918.485	-8167.026	248.5408	0.8006214	1.695902	0.5213312	7.526043
20472	-7926.901	-8177.332	250.4313	0.8699134	1.968262	0.5835705	6.325595
20478	-7930.266	-8180.041	249.7745	0.8236466	1.65323	0.5835705	6.81443
20484	-7921.509	-8170.751	249.2422	0.7457172	1.754023	0.5276638	7.153198
20490	-7923.644	-8173.482	249.8377	0.8613227	1.637263	0.5276638	6.812215
20496	-7927.094	-8176.27	249.1759	0.872653	1.469411	0.5276638	7.227019
20502	-7914.653	-8163.459	248.806	0.8069487	1.492197	0.5876879	7.402356
20508	-7932.289	-8182.696	250.4065	0.8431202	1.492197	0.5876879	6.520625
20514	-7927.985	-8177	249.0144	0.8403456	1.498739	0.5876879	7.270062
20520	-7940.152	-8189.804	249.652	0.7954306	1.546714	0.5880332	6.932271
20526	-7925.593	-8175.166	249.573	0.8743821	1.546714	0.5880332	6.932271
20532	-7928.02	-8177.794	249.7733	0.7931275	1.854652	0.5880332	6.757231
20538	-7931.788	-8181.01	249.2217	0.6798984	1.301398	0.5553593	7.353118
20544	-7933.635	-8183.364	249.729	0.8831183	1.624105	0.5566333	6.839538
20550	-7921.486	-8171.608	250.1225	0.9021425	1.700497	0.4878462	6.648434
20556	-7931.756	-8181.304	249.5481	0.8635031	1.700497	0.655501	6.842688
20562	-7931.785	-8180.19	248.4052	0.8116841	1.502758	0.5243607	7.662402
20568	-7931.463	-8180.762	249.2988	0.7844499	1.502758	0.5243607	7.197929
20574	-7918.014	-8167.006	248.9924	0.829601	1.840032	0.5243607	7.215673
20580	-7911.511	-8160.122	248.6109	0.8033367	1.840032	0.5740897	7.39325
20586	-7916.424	-8165.283	248.8585	0.8033367	1.639297	0.5131705	7.38192
20592	-7933.796	-8182.783	248.987	0.8518041	1.639297	0.5131705	7.286954
20598	-7935.532	-8183.963	248.4311	0.8423712	1.639297	0.4499235	7.64747
20604	-7928.8	-8177.548	248.7485	0.8180803	1.639297	0.4891852	7.454235
20610	-7934.1	-8184.064	249.9634	0.9312979	1.664545	0.4891852	6.730505
20616	-7934.525	-8182.86	248.3344	0.8331694	1.551318	0.4891852	7.700803
20622	-7930.941	-8179.829	248.8881	0.8327035	1.72318	0.5522396	7.286832
20628	-7929.095	-8177.97	248.8752	0.8035092	1.63236	0.6221281	7.286832
20634	-7922.465	-8171.05	248.5844	0.8122453	1.63236	0.4688764	7.566334
20640	-7938.299	-8186.71	248.4107	0.828922	1.63236	0.5610356	7.570363
20646	-7919.545	-8169.106	249.5608	0.7468954	1.63236	0.622432	6.94835
20652	-7929.948	-8179.76	249.8115	0.8102347	1.834051	0.501448	6.807159
20658	-7942.678	-8192.041	249.3631	0.7321754	1.834051	0.4902739	7.100801
20664	-7926.9	-8175.816	248.9161	0.7281136	1.67161	0.5534422	7.345426
20670	-7913.955	-8162.907	248.9513	0.8458761	1.533073	0.5177408	7.345426
20676	-7919.959	-8170.335	250.3757	0.8912219	1.818004	0.6192839	6.366011
20682	-7935.04	-8186.006	250.9657	1.016539	1.516003	0.5619469	6.134337
20688	-7926.004	-8176.605	250.601	0.8918258	1.512756	0.5619469	6.401536
20694	-7927.019	-8177.716	250.6967	0.9096791	1.512756	0.5167529	6.378412
20700	-7931.541	-8178.568	247.0275	0.764856	1.83704	0.5054175	8.317853
20706	-7917.168	-8165.322	248.1542	0.8892504	1.641787	0.5346978	7.693688
20712	-7921.357	-8169.714	248.3574	0.7993237	1.614313	0.4334011	7.735064
20718	-7929.734	-8178.009	248.2746	0.7354011	1.726994	0.5183945	7.694937
20724	-7917.169	-8166.494	249.3255	0.8156931	1.726994	0.5183945	7.088237
20730	-7924.725	-8173.138	248.4127	0.8370325	1.816761	0.5752113	7.48833
20736	-7929.677	-8178.105	248.428	0.8859864	1.818557	0.5386572	7.48335
20742	-7912.609	-8163.132	250.5239	0.9200703	1.653899	0.5711075	6.36659
20748	-7926.444	-8176.22	249.7752	0.9200703	1.530466	0.7095357	6.71458
20754	-7941.363	-8190.982	249.6187	0.7259004	1.518694	0.6038718	6.986082
20760	-7937.567	-8186.536	248.9691	0.6931855	1.541886	0.6038718	7.343817
20766	-7931.707	-8182.236	250.5282	0.9212406	1.541886	0.4887609	6.477064
20772	-7930.582	-8177.817	247.2345	0.7617429	1.646096	0.4887609	8.290578
20778	-7940.76	-8188.702	247.9424	0.6982792	1.646096	0.6184284	7.840386
20784	-7934.061	-8183.508	249.4476	0.8254595	1.646096	0.6184284	6.965007
20790	-7940.234	-8187.437	247.2028	0.8357303	1.753171	0.5572563	8.171611
20796	-7931.753	-8179.862	248.1098	0.8456799	1.750308	0.4409094	7.786453
20802	-7932.375	-8180.591	248.2154	0.8235353	1.625809	0.4409094	7.786453
20808	-7937.493	-8187.128	249.6359	0.8748732	1.625809	0.4520761	6.986334
20814	-7934.231	-8182.096	247.865	0.8391471	1.393426	0.5086086	7.993915
20820	-7930.123	-8177.877	247.7536	0.7708644	1.633646	0.5112521	7.993915
20826	-7928.021	-8175.383	247.3617	0.8103864	1.656844	0.5112521	8.173298
20832	-7931.371	-8179.846	248.4751	0.7912048	1.860734	0.5280184	7.50374
20838	-7931.087	-8179.221	248.1349	0.8099558	1.773224	0.5494154	7.687463
20844	-7936.918	-8186.619	249.7008	0.8701339	1.611154	0.4513068	6.960143
20850	-7940.803	-8189.191	248.3886	0.8649755	1.762113	0.5061828	7.562945
20856	-7943.863	-8191.549	247.6858	0.7347448	1.762113	0.5061828	8.00804
20862	-7929.361	-8179.096	249.7342	0.9055451	1.466312	0.5660331	6.878008
20868	-7918.406	-8168.934	250.5276	0.8045419	1.791703	0.5660331	6.382115
20874	-7916.921	-8167.562	250.641	0.9012077	1.791703	0.4921244	6.331931
20880	-7938.52	-8186.853	248.333	0.7512519	1.798104	0.530066	7.620594
20886	-7934.385	-8183.201	248.8162	0.867689	1.798104	0.5372159	7.293138
20892	-7930.278	-8178.839	248.5609	0.8855171	2.202039	0.5372159	7.293138
20898	-7926.517	-8174.581	248.0635	0.8198996	1.803515	0.5372159	7.720106
20904	-7924.09	-8172.198	248.1075	0.8072345	1.803515	0.5175514	7.720106
20910	-7926.179	-8173.913	247.734	0.7688387	1.600595	0.5175514	8.012217
20916	-7923.138	-8171.256	248.1174	0.7459181	1.628526	0.5175514	7.809465
20922	-7931.243	-8181.318	250.0751	0.853194	1.643965	0.5136008	6.698119
20904	-7930.446	-8179.506	249.0601	0.7172202	1.803515	0.5372159	7.241129
20910	-7914.185	-8163.502	249.3174	0.8647828	1.803515	0.5372159	7.023446
20916	-7915.496	-8164.899	249.4028	0.8277283	1.803515	0.5070873	7.023446
20922	-7931.505	-8182.137	250.6321	0.8731005	1.706114	0.5464239	6.334774
20928	-7918.151	-8167.231	249.0798	0.8393578	1.783817	0.5166651	7.189302
20934	-7946.626	-8194.532	247.9058	0.7370746	1.766337	0.5810468	7.825551
20940	-7938.363	-8186.32	247.9573	0.7075852	1.732672	0.5810468	7.825551
20946	-7922.798	-8171.807	249.0087	0.8005915	1.732672	0.5810468	7.212549
20952	-7936.466	-8185.634	249.1683	0.7891156	1.698282	0.5009773	7.212549
20958	-7936.68	-8185.338	248.6584	0.749068	1.675079	0.4775103	7.53699
20964	-7939.337	-8187.96	248.6235	0.7913139	1.675079	0.4842714	7.526906
20970	-7937.698	-8186.946	249.2479	0.898278	1.53005	0.5359202	7.143596
20976	-7935.767	-8184.057	248.2907	0.8854461	1.453945	0.5916964	7.648421
20982	-7932.81	-8182.261	249.4517	0.7737593	1.580097	0.4810055	7.130014
20988	-7929.094	-8178.467	249.3732	0.8818899	1.580097	0.4637965	7.130014
20994	-7908.051	-8156.681	248.6303	0.8348471	1.580097	0.5546026	7.474338
21000	-7906.405	-8156.477	250.0716	0.8479766	1.580097	0.4861081	6.751339
21006	-7914.637	-8163.141	248.5043	0.7853215	1.438009	0.5335968	7.641441
21012	-7931.492	-8179.228	247.7364	0.7156616	1.6124	0.5369534	8.01841
21018	-7923.274	-8172.184	248.9098	0.744717	1.835162	0.6368264	7.217253
21024	-7915.89	-8165.691	249.801	0.8107117	1.371851	0.6368264	6.876768
21030	-7924.644	-8173.756	249.1122	0.846871	1.430254	0.5499491	7.272161
21036	-7913.307	-8162.781	249.4741	0.8601283	1.718082	0.5288324	6.978545
21042	-7919.547	-8168.765	249.2177	0.88262	2.001531	0.5288324	7.009538
21048	-7931	-8180.935	249.9343	0.8465213	1.490392	0.5093923	6.840304
21054	-7919.349	-8167.057	247.7073	0.7810828	1.689599	0.4884297	8.013029
21060	-7921.87	-8169.704	247.8339	0.8107111	1.892315	0.4884297	7.860454
21066	-7919.52	-8169.666	250.1457	0.9116867	1.366039	0.5219882	6.731238
21072	-7924.781	-8174.788	250.007	0.9116867	1.550758	0.5219882	6.731238
21078	-7916.742	-8166.92	250.1783	0.8582417	1.550758	0.5420384	6.65041
21084	-7913.623	-8161.481	247.8575	0.7316692	1.605718	0.5595158	7.92911
21090	-7927.913	-8176.206	248.2932	0.7589282	1.977087	0.5595158	7.554378
21096	-7923.669	-8172.651	248.982	0.8639118	2.033293	0.4450626	7.212432
21102	-7927.419	-8176.745	249.3251	0.7711852	1.669112	0.5877105	7.075697
21108	-7926.619	-8175.67	249.051	0.8984441	1.897684	0.5877105	7.075697
21114	-7935.729	-8185.925	250.196	0.9602042	1.897684	0.5497863	6.455087
21120	-7935.01	-8184.021	249.0109	0.7505768	1.532367	0.5497863	7.33766
21126	-7940.458	-8189.463	249.0049	0.8036076	1.532367	0.5497863	7.312448
21132	-7935.133	-8182.459	247.3267	0.8141301	1.811839	0.5448781	8.107207
21138	-7920.535	-8168.917	248.3823	0.8141301	1.811839	0.4471706	7.630489
21144	-7933.519	-8182.372	248.8528	0.870828	1.811839	0.5356754	7.268436
21150	-7930.887	-8181.488	250.6012	0.9257822	1.588642	0.5564284	6.358127
21156	-7933.147	-8181.736	248.5891	0.9330887	1.683601	0.5146307	7.439423
21162	-7932.71	-8183.409	250.6995	0.9416195	1.964293	0.5434633	6.175284
21168	-7937.45	-8186.774	249.3241	0.9233943	1.681312	0.4643662	7.096089
21174	-7934.267	-8183.697	249.4295	0.8030282	2.009892	0.4656867	6.992196
21180	-7932.018	-8180.602	248.5835	0.763787	1.748329	0.4942067	7.528142
21186	-7922.041	-8170.533	248.4917	0.7752204	1.824335	0.5134368	7.528142
21192	-7929.663	-8178.935	249.2718	0.8067876	1.824335	0.5793314	7.037389
21198	-7933.152	-8182.656	249.504	0.8521932	1.645456	0.478729	7.037389
21204	-7933.2	-8183.509	250.3087	0.9397955	1.817239	0.5036633	6.472038
21210	-7929.156	-8178.126	248.9704	0.8630206	1.740247	0.5557118	7.217495
21216	-7937.523	-8187.416	249.8925	0.8280948	1.740247	0.5557118	6.739669
21222	-7942.65	-8193.696	251.0459	0.9720554	1.732096	0.7443828	5.89679
21228	-7939.684	-8188.591	248.907	0.938497	1.732096	0.6224497	7.160998
21234	-7923.618	-8172.662	249.0435	0.8608515	1.732096	0.5271975	7.206211
21240	-7921.098	-8169.719	248.6208	0.8681483	1.732096	0.5271975	7.429149
21246	-7914.754	-8162.876	248.1214	0.8072997	1.732096	0.6431178	7.63714
21252	-7920.747	-8168.946	248.1997	0.765434	1.449584	0.6431178	7.723823
21258	-7917.496	-8164.226	246.7296	0.6793635	1.479735	0.546533	8.616028
21264	-7912.634	-8160.849	248.2146	0.6793635	1.479735	0.6128428	7.772602
21270	-7937.097	-8186.493	249.3964	0.8328471	1.884522	0.5944107	6.92407
21276	-7925.11	-8174.865	249.7554	0.8832471	1.605333	0.4853974	6.894027
21282	-7927.984	-8177.541	249.5571	0.9008891	1.799472	0.5165111	6.894027
21288	-7932.007	-8181.499	249.4913	0.9309685	1.856131	0.5165111	6.894027
21294	-7932.925	-8183.554	250.6291	0.9722734	1.543897	0.5165111	6.36913
21300	-7926.444	-8176.765	250.3212	0.9622315	1.629474	0.5872613	6.449667
21306	-7923.662	-8172.944	249.282	0.8482393	1.734644	0.4965887	7.110653
21312	-7928.221	-8177.482	249.2612	0.9339472	1.635333	0.4976072	7.110653
21318	-7936.382	-8185.455	249.0732	0.9153344	1.98919	0.4557265	7.139432
21324	-7925.491	-8173.731	248.2404	0.7768632	1.886616	0.5361064	7.621656
21330	-7923.156	-8169.658	246.5022	0.7406553	1.886616	0.5131592	8.586819
21336	-7943.78	-8193.161	249.3811	0.9439944	1.903269	0.5650826	6.889814
21342	-7941.173	-8190.248	249.0746	0.9498005	1.903269	0.4177318	7.184938
21348	-7942.493	-8191.084	248.5906	0.9012832	1.903269	0.483076	7.408331
21354	-7933.663	-8183.008	249.3455	0.8477757	1.805895	0.5695603	6.989819
21360	-7936.009	-8184.903	248.8939	0.7631737	2.145213	0.5833092	7.158911
21366	-7944.984	-8193.112	248.1277	0.7757584	1.962173	0.4857052	7.702043
21372	-7931.421	-8178.284	246.8626	0.7764932	1.768737	0.4786704	8.446267
21378	-7928.389	-8176.532	248.1427	0.7811051	1.750597	0.4786704	7.767941
21384	-7927.88	-8174.732	246.8521	0.840314	1.750597	0.4868537	8.416798
21390	-7931.762	-8181.668	249.907	0.9132019	1.771106	0.4868537	6.734815
21396	-7924.849	-8172.54	247.6917	0.7625965	1.648768	0.4868537	8.047362
21402	-7937.074	-8184.608	247.5343	0.7659589	1.708502	0.5325403	8.0683
21408	-7932.003	-8180.825	248.8226	0.8323254	1.66204	0.5084277	7.381419
21414	-7927.156	-8175.845	248.6888	0.7865063	1.916314	0.5159953	7.383788
21420	-7929.344	-8178.238	248.8939	0.8232073	1.574816	0.5134967	7.376082
21426	-7936.669	-8186.091	249.4226	0.8192196	1.572292	0.5952422	7.027446
21432	-7933.021	-8181.863	248.8411	0.8592935	1.649361	0.5329653	7.340514
21438	-7931.828	-8181.496	249.6677	0.7891506	1.626496	0.5329653	6.942265
21444	-7933.691	-8183.055	249.3638	0.9238414	1.90702	0.6082243	6.874358
21450	-7927.966	-8177.154	249.1878	0.8468159	1.90702	0.6063146	7.012191
21456	-7932.089	-8181.711	249.6221	0.8428702	1.494094	0.4488961	7.064545
21462	-7931.268	-8179.931	248.6627	0.7885588	1.494094	0.4684397	7.59016
21468	-7928.306	-8177.119	248.8129	0.8059699	1.551989	0.5330637	7.42063
21474	-7932.127	-8180.972	248.8451	0.9000133	1.551989	0.4572956	7.42063
21480	-7929.993	-8180.567	250.5736	0.8766828	1.713901	0.533128	6.373123
21486	-7917.458	-8165.984	248.5268	0.899804	1.713901	0.5062818	7.4871
21492	-7926.513	-8175.818	249.3042	0.8700164	1.75058	0.5062818	7.072756
21498	-7942.004	-8191.608	249.6038	0.914923	1.75058	0.5649681	6.837367
21504	-7939.291	-8187.943	248.6514	0.8370637	1.995013	0.4638486	7.398455
21510	-7945.251	-8195.16	249.9097	0.8662407	1.676474	0.6290491	6.67444
21516	-7934.278	-8183.991	249.7138	0.8426537	1.676474	0.6290491	6.792989
21522	-7927.091	-8178.173	251.082	0.8893483	1.676474	0.6290491	6.025578
21528	-7938.593	-8189.169	250.576	0.9330059	1.442012	0.5926569	6.396419
21534	-7936.036	-8186.418	250.3823	0.9350549	1.626748	0.6332888	6.396419
21540	-7931.557	-8179.464	247.9069	0.8160727	1.626748	0.5965633	7.820332
21546	-7930.856	-8179.48	248.6247	0.8426696	1.608685	0.5017862	7.507484
21552	-7936.145	-8186.457	250.3121	0.852504	1.537709	0.4978522	6.62467
21558	-7937.387	-8185.857	248.4693	0.7670316	1.679044	0.502434	7.604844
21564	-7936.098	-8184.078	247.98	0.7459252	1.816546	0.502434	7.829778
21570	-7926.862	-8175.216	248.3538	0.773384	1.557983	0.583864	7.64004
21576	-7930.319	-8179.451	249.1313	0.7895042	1.557983	0.4898742	7.294077
21582	-7933.431	-8182.665	249.2339	0.7757336	1.865769	0.4898742	7.136569
21588	-7926.865	-8175.709	248.8438	0.7605959	1.865769	0.4837078	7.359804
21594	-7934.879	-8183.918	249.0392	0.8728184	1.865769	0.4038542	7.271791
21600	-7935.943	-8185.487	249.544	0.8536827	1.79434	0.4868987	6.954592
21606	-7936.267	-8185.781	249.5138	0.8592038	1.544217	0.5232911	7.026878
21612	-7933.598	-8182.882	249.2835	0.8592038	1.678048	0.5434316	7.083642
21618	-7939.133	-8187.095	247.9612	0.8401333	1.518225	0.4777705	7.919518
21624	-7930.873	-8178.579	247.7061	0.7613739	1.518225	0.4032396	8.169286
21630	-7935.423	-8183.262	247.8389	0.7030783	1.780617	0.4567191	7.981721
21636	-7931.844	-8179.739	247.8947	0.7230365	1.593022	0.5664451	7.912986
21642	-7927.564	-8176.537	248.973	0.8267996	1.526224	0.4759055	7.383939
21648	-7928.803	-8177.178	248.3743	0.753824	1.741999	0.6551027	7.518061
21654	-7927.858	-8177.626	249.7685	0.8309726	1.741999	0.5389636	6.818459
21660	-7925.936	-8174.265	248.3282	0.8141586	1.674797	0.5180698	7.643014
21666	-7929.011	-8179.555	250.544	0.9468656	1.554368	0.5988118	6.356567
21672	-7928.386	-8178.858	250.4715	0.8319835	1.834448	0.5988118	6.356567
21678	-7927.86	-8176.443	248.5829	0.8531204	1.834448	0.516064	7.431889
21684	-7936.232	-8185.054	248.8226	0.835501	1.834448	0.5512327	7.282899
21690	-7946.088	-8195.542	249.4535	0.8108787	1.862647	0.4671164	7.021462
21696	-7941.465	-8189.699	248.2338	0.8462542	1.862647	0.6059777	7.539596
21702	-7942.146	-8191.125	248.9781	0.8650551	1.748525	0.4658846	7.288052
21708	-7932.029	-8180.801	248.7714	0.7807394	1.748525	0.4472246	7.461743
21714	-7934.553	-8184.572	250.0194	0.8723481	1.608207	0.5212616	6.724497
21720	-7931.286	-8182.022	250.7356	0.9408515	1.608207	0.6175188	6.220479
21726	-7927.436	-8178.187	250.7513	0.9422614	1.608207	0.6127966	6.214854
21732	-7931.967	-8181.763	249.7962	0.8261778	1.849953	0.6516937	6.679706
21738	-7925.241	-8174.651	249.4103	0.8228876	1.454645	0.6320541	7.049972
21744	-7929.304	-8178.82	249.5162	0.7986712	1.514516	0.6245187	6.987838
21750	-7933.306	-8183.024	249.7184	0.8733162	1.514516	0.6245187	6.838632
21756	-7943.011	-8191.538	248.5273	0.7958654	1.739908	0.6161576	7.443448
21762	-7929.866	-8179.688	249.8223	0.8662139	1.610765	0.6273345	6.747257
21768	-7937.672	-8187.396	249.7247	0.9255682	1.610765	0.4756959	6.894649
21774	-7950.095	-8198.056	247.9604	0.8211409	1.653898	0.4756959	7.880994
21780	-7930.105	-8177.977	247.8725	0.7491677	1.653898	0.5756925	7.880994
21786	-7920.363	-8168.937	248.574	0.7886061	1.653898	0.5821488	7.479576
21792	-7931.546	-8180.503	248.9568	0.8617002	1.653898	0.5821488	7.235011
21798	-7935.979	-8184.072	248.0939	0.8150601	1.764144	0.5821488	7.683245
21804	-7927.105	-8176.541	249.4355	0.8262286	1.618808	0.5429147	7.041765
21810	-7936.358	-8185.73	249.3717	0.8648026	1.919222	0.5429147	6.950706
21816	-7926.287	-8176.213	249.926	0.8100678	1.621951	0.6194542	6.723428
21822	-7929.169	-8177.508	248.3389	0.7744605	1.621951	0.6194542	7.595739
21828	-7931.079	-8179.441	248.3622	0.7890367	1.616018	0.6194542	7.577686
21834	-7923.927	-8171.941	248.0135	0.7234543	1.766469	0.5594212	7.792685
21840	-7932.366	-8180.46	248.0944	0.8274661	1.626084	0.501972	7.792685
21846	-7935.293	-8183.265	247.9723	0.7320916	1.966009	0.501972	7.792685
21852	-7944.496	-8194.794	250.2982	0.9617701	1.683535	0.4791938	6.535145
21858	-7928.472	-8179.535	251.0625	0.925616	1.611531	0.6248931	6.043895
21864	-7931.644	-8180.334	248.6899	0.7470174	1.843725	0.5116905	7.43206
21870	-7949.582	-8198.683	249.1016	0.7965364	1.766273	0.5852889	7.149642
21876	-7942.702	-8192.064	249.3616	0.8490805	1.766273	0.4963371	7.056494
21882	-7933.669	-8182.915	249.2454	0.8358236	1.857869	0.540608	7.056494
21888	-7930.794	-8179.372	248.5782	0.8833442	1.740606	0.4603681	7.500604
21894	-7933.457	-8184.524	251.0664	0.9789344	2.008082	0.4972125	5.981537
21900	-7932.895	-8181.929	249.0342	0.8291207	1.677458	0.4972125	7.273965
21906	-7947.694	-8196.66	248.9664	0.8291207	1.677458	0.4972125	7.310309
21912	-7956.62	-8204.575	247.9545	0.8232759	1.754302	0.4890361	7.835279
21918	-7943.076	-8190.944	247.8678	0.8994004	1.754302	0.4747898	7.853826
21924	-7940.704	-8189.401	248.6975	0.8859111	1.754302	0.6506139	7.27293
21930	-7920.55	-8168.454	247.9035	0.7392708	1.554799	0.5429018	7.933385
21936	-7926.251	-8175.105	248.854	0.8265973	1.713831	0.5015275	7.355139
21942	-7934.836	-8183.267	248.4306	0.7407677	1.535022	0.5476415	7.654562
21948	-7942.812	-8191.661	248.8486	0.8148131	1.498273	0.5113955	7.436257
21954	-7926.943	-8177.559	250.6152	0.881277	1.298086	0.6226361	6.441225
21960	-7928.87	-8178.488	249.618	0.872544	1.763242	0.4775363	6.923916
21966	-7944.968	-8194.315	249.3468	0.7992108	1.763242	0.5163022	7.074747
21972	-7920.689	-8170.117	249.4279	0.8512963	1.660032	0.5175545	7.038813
21978	-7924.216	-8173.537	249.3206	0.8054292	1.868	0.5290853	7.038813
21984	-7944.208	-8193.299	249.0912	0.8252334	1.650144	0.516373	7.238489
21990	-7955.074	-8205.084	250.0098	0.9110982	1.598349	0.516373	6.716753
21996	-7956.297	-8205.493	249.1958	0.8893331	1.598349	0.527751	7.157267
22002	-7963.235	-8212.315	249.0797	0.8856505	1.682603	0.5677181	7.157267
22008	-7957.283	-8206.504	249.2212	0.832038	1.993373	0.4821024	7.078772
22014	-7939.677	-8187.547	247.8704	0.8184494	1.467801	0.6045525	7.893259
22020	-7930.259	-8178.484	248.2258	0.7439424	1.528619	0.4815045	7.822192
22026	-7933.298	-8183.102	249.8043	0.897475	1.600005	0.4946728	6.853603
22032	-7929.45	-8179.156	249.706	0.883399	1.601503	0.4946728	6.913615
22038	-7933.273	-8182.845	249.5723	0.8834478	1.815317	0.4946728	6.909147
22044	-7932.451	-8181.961	249.5104	0.8387346	1.815317	0.4999944	6.96182
22050	-7921.777	-8171.286	249.5087	0.8523782	1.554614	0.5515296	7.005374
22056	-7918.318	-8167.563	249.2445	0.7882582	1.554614	0.504615	7.222139
22062	-7915.682	-8165.171	249.4892	0.8974555	1.517509	0.5559719	7.002351
22068	-7926.854	-8176.77	249.9156	0.8735558	1.580779	0.5341803	6.779194
22074	-7914.1	-8164.15	250.0502	0.881732	1.699006	0.5341803	6.65828
22080	-7913.956	-8161.713	247.7568	0.7609353	1.585689	0.5566502	7.977026
22086	-7909.5	-8157.271	247.7702	0.754886	1.585689	0.5519036	7.977026
22092	-7931.396	-8181.708	250.3122	0.8840541	1.585689	0.5068991	6.581007
22098	-7934.884	-8183.901	249.0177	0.7538726	1.646147	0.5260869	7.309381
22104	-7937.174	-8185.741	248.5671	0.8027351	1.646147	0.5449162	7.508849
22110	-7948.438	-8198.032	249.5944	0.8119216	1.886407	0.5449162	6.868265
22116	-7949.346	-8198.886	249.5408	0.9209126	1.8887	0.4411946	6.931183
22122	-7947.105	-8195.289	248.1842	0.784753	1.687555	0.5951049	7.667945
22128	-7959.802	-8207.493	247.6909	0.7772535	1.736777	0.5075675	7.990262
22134	-7942.416	-8191.696	249.2791	0.7967093	1.535867	0.6177866	7.113295
22140	-7941.672	-8190.089	248.4171	0.8348028	1.412077	0.477066	7.721884
22146	-7935.263	-8185.179	249.9154	0.8864847	1.455861	0.6059366	6.762956
22152	-7933.012	-8182.952	249.9402	0.8832922	1.455861	0.5911024	6.762956
22158	-7930.355	-8180.685	250.3297	0.8550004	1.737567	0.599989	6.45375
22164	-7932.44	-8180.534	248.0938	0.7917815	1.610068	0.599989	7.73699
22170	-7928.516	-8179.29	250.7746	0.8272505	1.610068	0.4907541	6.36646
22176	-7931.288	-8179.161	247.8724	0.7635153	1.610068	0.5150766	7.93984
22182	-7947.989	-8195.666	247.6771	0.8105703	1.610068	0.5762168	7.968176
22188	-7929.666	-8176.706	247.0402	0.7284217	1.415286	0.5762168	8.426797
22194	-7928.981	-8175.734	246.7525	0.7284217	1.415286	0.5762168	8.579632
22200	-7931.722	-8180.012	248.2901	0.8153549	1.791891	0.4705958	7.663962
22206	-7927.59	-8176.124	248.534	0.8007764	1.672084	0.5417197	7.520871
22212	-7914.71	-8164.987	250.2763	0.8355649	1.711663	0.5417197	6.549978
22218	-7912.958	-8163.924	250.966	0.9944486	1.888911	0.449503	6.111373
22224	-7926.52	-8174.005	247.485	0.904781	1.587135	0.4911562	8.100629
22230	-7928.657	-8177.161	248.5046	0.6871645	1.5416	0.5768527	7.617343
22236	-7916.713	-8165.237	248.5236	0.7965733	1.5416	0.5768527	7.548583
22242	-7920.906	-8170.711	249.8055	0.8507825	1.5416	0.5229862	6.875549
22248	-7925.558	-8175.351	249.793	0.9393729	1.5416	0.5918451	6.777517
22254	-7923.092	-8172.298	249.2061	0.7991158	1.647163	0.4760354	7.227905
22260	-7920.972	-8170.099	249.1269	0.8067722	1.647163	0.5938881	7.166289
22266	-7912.418	-8161.665	249.2468	0.8207207	1.527156	0.5607904	7.166289
22272	-7915.557	-8165.635	250.078	0.7915159	1.527156	0.5607904	6.734206
22278	-7921.494	-8171.719	250.2249	0.8300301	1.923516	0.5628593	6.490565
22284	-7917.02	-8168.26	251.2391	0.8951582	1.552278	0.5812052	6.02148
22290	-7928.142	-8176.457	248.3151	0.8155454	1.552632	0.5701196	7.651193
22296	-7935.287	-8183.741	248.4542	0.8602605	1.802414	0.6049131	7.435107
22302	-7937.608	-8187.637	250.0292	0.9004703	1.42753	0.6049131	6.706296
22308	-7926.601	-8175.439	248.8381	0.7886801	1.493869	0.6049131	7.380786
22314	-7922.715	-8172.002	249.2878	0.8065859	1.493869	0.6049131	7.129678
22320	-7909.344	-8160.301	250.9576	0.8558479	1.493869	0.5854437	6.215799
22326	-7922.269	-8173.093	250.8239	0.875825	1.883536	0.5765124	6.142489
22332	-7943.742	-8193.314	249.5716	0.7564353	1.53043	0.5987939	6.994407
22338	-7930.067	-8178.425	248.3582	0.8482529	1.6269	0.5607411	7.590359
22344	-7930.152	-8180.2	250.0477	0.8312057	1.479595	0.6772204	6.658363
22350	-7940.801	-8190.363	249.5622	0.9281867	1.499622	0.601032	6.917269
22356	-7936.061	-8184.075	248.0141	0.7635872	1.499622	0.5492458	7.877413
22362	-7930.028	-8181.353	251.325	0.9518518	1.86899	0.5492458	5.855246
22368	-7923.83	-8173.412	249.5827	0.9018358	1.685448	0.4893763	6.943993
22374	-7925.968	-8175.299	249.3318	0.8205014	1.676325	0.5752723	7.052918
22380	-7935.464	-8184.05	248.5863	0.8379179	1.676325	0.5279475	7.483061
22386	-7918.119	-8167.422	249.3031	0.8249138	1.676325	0.5624643	7.076391
22392	-7917.955	-8166.689	248.7339	0.8039737	1.620422	0.5624643	7.413822
22002	-10927.75	-11163.46	235.7096	0.6746571	1.331157	0.7983433	14.26813
22008	-11420.94	-11651.01	230.0708	1.151597	2.081895	1.042988	16.54027
22404	nan	nan	-768.482	382.8639	0.6391811	211.8135	322.6079
22806	-52364.68	-20741.94	-31622.74	148.1614	69.25106	422.9068	15864.74
